price_id,date,material_category,sub_category,location_cluster,mandi_buying_price,recycler_offered_price,unit,market_range_min,market_range_max
PRC_00001,2026-05-01,PCB,MOTHERBOARD_HIGH_GRADE,Delhi-Mayapuri Cluster,280.75,320.82,KG,252.68,352.9
PRC_00002,2026-05-01,PCB,POWER_SUPPLY_LOW_GRADE,Delhi-Mayapuri Cluster,45.75,60.82,KG,41.18,66.9
PRC_00003,2026-05-01,CABLE,COPPER_HEAVY_INSULATED,Delhi-Mayapuri Cluster,420.75,470.82,KG,378.68,517.9
PRC_00004,2026-05-01,CABLE,ALUMINIUM_WIRE,Delhi-Mayapuri Cluster,110.75,135.82,KG,99.68,149.4
PRC_00005,2026-05-01,BATTERY,LEAD_ACID,Delhi-Mayapuri Cluster,85.75,102.82,KG,77.18,113.1
PRC_00006,2026-05-01,BATTERY,BATTERY_LITHIUM_PORTABLE,Delhi-Mayapuri Cluster,120.75,150.82,KG,108.68,165.9
PRC_00007,2026-05-01,DISPLAY,LCD_PANEL_INTACT,Delhi-Mayapuri Cluster,150.75,210.82,PIECE,135.68,231.9
PRC_00008,2026-05-01,DISPLAY,CRT_MONITOR,Delhi-Mayapuri Cluster,60.75,90.82,PIECE,54.68,99.9
PRC_00009,2026-05-01,PLASTIC,MIXED_EWASTE_CASING,Delhi-Mayapuri Cluster,18.75,26.82,KG,16.88,29.5
PRC_00010,2026-05-01,PCB,MOTHERBOARD_HIGH_GRADE,Mumbai-Dharavi Cluster,280.75,320.82,KG,252.68,352.9
PRC_00011,2026-05-01,PCB,POWER_SUPPLY_LOW_GRADE,Mumbai-Dharavi Cluster,45.75,60.82,KG,41.18,66.9
PRC_00012,2026-05-01,CABLE,COPPER_HEAVY_INSULATED,Mumbai-Dharavi Cluster,420.75,470.82,KG,378.68,517.9
PRC_00013,2026-05-01,CABLE,ALUMINIUM_WIRE,Mumbai-Dharavi Cluster,110.75,135.82,KG,99.68,149.4
PRC_00014,2026-05-01,BATTERY,LEAD_ACID,Mumbai-Dharavi Cluster,85.75,102.82,KG,77.18,113.1
PRC_00015,2026-05-01,BATTERY,BATTERY_LITHIUM_PORTABLE,Mumbai-Dharavi Cluster,120.75,150.82,KG,108.68,165.9
PRC_00016,2026-05-01,DISPLAY,LCD_PANEL_INTACT,Mumbai-Dharavi Cluster,150.75,210.82,PIECE,135.68,231.9
PRC_00017,2026-05-01,DISPLAY,CRT_MONITOR,Mumbai-Dharavi Cluster,60.75,90.82,PIECE,54.68,99.9
PRC_00018,2026-05-01,PLASTIC,MIXED_EWASTE_CASING,Mumbai-Dharavi Cluster,18.75,26.82,KG,16.88,29.5
PRC_00019,2026-05-01,PCB,MOTHERBOARD_HIGH_GRADE,Bengaluru-Peenya Cluster,280.75,320.82,KG,252.68,352.9
PRC_00020,2026-05-01,PCB,POWER_SUPPLY_LOW_GRADE,Bengaluru-Peenya Cluster,45.75,60.82,KG,41.18,66.9
PRC_00021,2026-05-01,CABLE,COPPER_HEAVY_INSULATED,Bengaluru-Peenya Cluster,420.75,470.82,KG,378.68,517.9
PRC_00022,2026-05-01,CABLE,ALUMINIUM_WIRE,Bengaluru-Peenya Cluster,110.75,135.82,KG,99.68,149.4
PRC_00023,2026-05-01,BATTERY,LEAD_ACID,Bengaluru-Peenya Cluster,85.75,102.82,KG,77.18,113.1
PRC_00024,2026-05-01,BATTERY,BATTERY_LITHIUM_PORTABLE,Bengaluru-Peenya Cluster,120.75,150.82,KG,108.68,165.9
PRC_00025,2026-05-01,DISPLAY,LCD_PANEL_INTACT,Bengaluru-Peenya Cluster,150.75,210.82,PIECE,135.68,231.9
PRC_00026,2026-05-01,DISPLAY,CRT_MONITOR,Bengaluru-Peenya Cluster,60.75,90.82,PIECE,54.68,99.9
PRC_00027,2026-05-01,PLASTIC,MIXED_EWASTE_CASING,Bengaluru-Peenya Cluster,18.75,26.82,KG,16.88,29.5
PRC_00028,2026-05-01,PCB,MOTHERBOARD_HIGH_GRADE,Bhubaneswar-Cuttack Cluster,280.75,320.82,KG,252.68,352.9
PRC_00029,2026-05-01,PCB,POWER_SUPPLY_LOW_GRADE,Bhubaneswar-Cuttack Cluster,45.75,60.82,KG,41.18,66.9
PRC_00030,2026-05-01,CABLE,COPPER_HEAVY_INSULATED,Bhubaneswar-Cuttack Cluster,420.75,470.82,KG,378.68,517.9
PRC_00031,2026-05-01,CABLE,ALUMINIUM_WIRE,Bhubaneswar-Cuttack Cluster,110.75,135.82,KG,99.68,149.4
PRC_00032,2026-05-01,BATTERY,LEAD_ACID,Bhubaneswar-Cuttack Cluster,85.75,102.82,KG,77.18,113.1
PRC_00033,2026-05-01,BATTERY,BATTERY_LITHIUM_PORTABLE,Bhubaneswar-Cuttack Cluster,120.75,150.82,KG,108.68,165.9
PRC_00034,2026-05-01,DISPLAY,LCD_PANEL_INTACT,Bhubaneswar-Cuttack Cluster,150.75,210.82,PIECE,135.68,231.9
PRC_00035,2026-05-01,DISPLAY,CRT_MONITOR,Bhubaneswar-Cuttack Cluster,60.75,90.82,PIECE,54.68,99.9
PRC_00036,2026-05-01,PLASTIC,MIXED_EWASTE_CASING,Bhubaneswar-Cuttack Cluster,18.75,26.82,KG,16.88,29.5
PRC_00037,2026-05-01,PCB,MOTHERBOARD_HIGH_GRADE,Chennai-Ambattur Cluster,280.75,320.82,KG,252.68,352.9
PRC_00038,2026-05-01,PCB,POWER_SUPPLY_LOW_GRADE,Chennai-Ambattur Cluster,45.75,60.82,KG,41.18,66.9
PRC_00039,2026-05-01,CABLE,COPPER_HEAVY_INSULATED,Chennai-Ambattur Cluster,420.75,470.82,KG,378.68,517.9
PRC_00040,2026-05-01,CABLE,ALUMINIUM_WIRE,Chennai-Ambattur Cluster,110.75,135.82,KG,99.68,149.4
PRC_00041,2026-05-01,BATTERY,LEAD_ACID,Chennai-Ambattur Cluster,85.75,102.82,KG,77.18,113.1
PRC_00042,2026-05-01,BATTERY,BATTERY_LITHIUM_PORTABLE,Chennai-Ambattur Cluster,120.75,150.82,KG,108.68,165.9
PRC_00043,2026-05-01,DISPLAY,LCD_PANEL_INTACT,Chennai-Ambattur Cluster,150.75,210.82,PIECE,135.68,231.9
PRC_00044,2026-05-01,DISPLAY,CRT_MONITOR,Chennai-Ambattur Cluster,60.75,90.82,PIECE,54.68,99.9
PRC_00045,2026-05-01,PLASTIC,MIXED_EWASTE_CASING,Chennai-Ambattur Cluster,18.75,26.82,KG,16.88,29.5
PRC_00046,2026-05-02,PCB,MOTHERBOARD_HIGH_GRADE,Delhi-Mayapuri Cluster,280.62,320.69,KG,252.56,352.76
PRC_00047,2026-05-02,PCB,POWER_SUPPLY_LOW_GRADE,Delhi-Mayapuri Cluster,45.62,60.69,KG,41.06,66.76
PRC_00048,2026-05-02,CABLE,COPPER_HEAVY_INSULATED,Delhi-Mayapuri Cluster,420.62,470.69,KG,378.56,517.76
PRC_00049,2026-05-02,CABLE,ALUMINIUM_WIRE,Delhi-Mayapuri Cluster,110.62,135.69,KG,99.56,149.26
PRC_00050,2026-05-02,BATTERY,LEAD_ACID,Delhi-Mayapuri Cluster,85.62,102.69,KG,77.06,112.96
PRC_00051,2026-05-02,BATTERY,BATTERY_LITHIUM_PORTABLE,Delhi-Mayapuri Cluster,120.62,150.69,KG,108.56,165.76
PRC_00052,2026-05-02,DISPLAY,LCD_PANEL_INTACT,Delhi-Mayapuri Cluster,150.62,210.69,PIECE,135.56,231.76
PRC_00053,2026-05-02,DISPLAY,CRT_MONITOR,Delhi-Mayapuri Cluster,60.62,90.69,PIECE,54.56,99.76
PRC_00054,2026-05-02,PLASTIC,MIXED_EWASTE_CASING,Delhi-Mayapuri Cluster,18.62,26.69,KG,16.76,29.36
PRC_00055,2026-05-02,PCB,MOTHERBOARD_HIGH_GRADE,Mumbai-Dharavi Cluster,280.62,320.69,KG,252.56,352.76
PRC_00056,2026-05-02,PCB,POWER_SUPPLY_LOW_GRADE,Mumbai-Dharavi Cluster,45.62,60.69,KG,41.06,66.76
PRC_00057,2026-05-02,CABLE,COPPER_HEAVY_INSULATED,Mumbai-Dharavi Cluster,420.62,470.69,KG,378.56,517.76
PRC_00058,2026-05-02,CABLE,ALUMINIUM_WIRE,Mumbai-Dharavi Cluster,110.62,135.69,KG,99.56,149.26
PRC_00059,2026-05-02,BATTERY,LEAD_ACID,Mumbai-Dharavi Cluster,85.62,102.69,KG,77.06,112.96
PRC_00060,2026-05-02,BATTERY,BATTERY_LITHIUM_PORTABLE,Mumbai-Dharavi Cluster,120.62,150.69,KG,108.56,165.76
PRC_00061,2026-05-02,DISPLAY,LCD_PANEL_INTACT,Mumbai-Dharavi Cluster,150.62,210.69,PIECE,135.56,231.76
PRC_00062,2026-05-02,DISPLAY,CRT_MONITOR,Mumbai-Dharavi Cluster,60.62,90.69,PIECE,54.56,99.76
PRC_00063,2026-05-02,PLASTIC,MIXED_EWASTE_CASING,Mumbai-Dharavi Cluster,18.62,26.69,KG,16.76,29.36
PRC_00064,2026-05-02,PCB,MOTHERBOARD_HIGH_GRADE,Bengaluru-Peenya Cluster,280.62,320.69,KG,252.56,352.76
PRC_00065,2026-05-02,PCB,POWER_SUPPLY_LOW_GRADE,Bengaluru-Peenya Cluster,45.62,60.69,KG,41.06,66.76
PRC_00066,2026-05-02,CABLE,COPPER_HEAVY_INSULATED,Bengaluru-Peenya Cluster,420.62,470.69,KG,378.56,517.76
PRC_00067,2026-05-02,CABLE,ALUMINIUM_WIRE,Bengaluru-Peenya Cluster,110.62,135.69,KG,99.56,149.26
PRC_00068,2026-05-02,BATTERY,LEAD_ACID,Bengaluru-Peenya Cluster,85.62,102.69,KG,77.06,112.96
PRC_00069,2026-05-02,BATTERY,BATTERY_LITHIUM_PORTABLE,Bengaluru-Peenya Cluster,120.62,150.69,KG,108.56,165.76
PRC_00070,2026-05-02,DISPLAY,LCD_PANEL_INTACT,Bengaluru-Peenya Cluster,150.62,210.69,PIECE,135.56,231.76
PRC_00071,2026-05-02,DISPLAY,CRT_MONITOR,Bengaluru-Peenya Cluster,60.62,90.69,PIECE,54.56,99.76
PRC_00072,2026-05-02,PLASTIC,MIXED_EWASTE_CASING,Bengaluru-Peenya Cluster,18.62,26.69,KG,16.76,29.36
PRC_00073,2026-05-02,PCB,MOTHERBOARD_HIGH_GRADE,Bhubaneswar-Cuttack Cluster,280.62,320.69,KG,252.56,352.76
PRC_00074,2026-05-02,PCB,POWER_SUPPLY_LOW_GRADE,Bhubaneswar-Cuttack Cluster,45.62,60.69,KG,41.06,66.76
PRC_00075,2026-05-02,CABLE,COPPER_HEAVY_INSULATED,Bhubaneswar-Cuttack Cluster,420.62,470.69,KG,378.56,517.76
PRC_00076,2026-05-02,CABLE,ALUMINIUM_WIRE,Bhubaneswar-Cuttack Cluster,110.62,135.69,KG,99.56,149.26
PRC_00077,2026-05-02,BATTERY,LEAD_ACID,Bhubaneswar-Cuttack Cluster,85.62,102.69,KG,77.06,112.96
PRC_00078,2026-05-02,BATTERY,BATTERY_LITHIUM_PORTABLE,Bhubaneswar-Cuttack Cluster,120.62,150.69,KG,108.56,165.76
PRC_00079,2026-05-02,DISPLAY,LCD_PANEL_INTACT,Bhubaneswar-Cuttack Cluster,150.62,210.69,PIECE,135.56,231.76
PRC_00080,2026-05-02,DISPLAY,CRT_MONITOR,Bhubaneswar-Cuttack Cluster,60.62,90.69,PIECE,54.56,99.76
PRC_00081,2026-05-02,PLASTIC,MIXED_EWASTE_CASING,Bhubaneswar-Cuttack Cluster,18.62,26.69,KG,16.76,29.36
PRC_00082,2026-05-02,PCB,MOTHERBOARD_HIGH_GRADE,Chennai-Ambattur Cluster,280.62,320.69,KG,252.56,352.76
PRC_00083,2026-05-02,PCB,POWER_SUPPLY_LOW_GRADE,Chennai-Ambattur Cluster,45.62,60.69,KG,41.06,66.76
PRC_00084,2026-05-02,CABLE,COPPER_HEAVY_INSULATED,Chennai-Ambattur Cluster,420.62,470.69,KG,378.56,517.76
PRC_00085,2026-05-02,CABLE,ALUMINIUM_WIRE,Chennai-Ambattur Cluster,110.62,135.69,KG,99.56,149.26
PRC_00086,2026-05-02,BATTERY,LEAD_ACID,Chennai-Ambattur Cluster,85.62,102.69,KG,77.06,112.96
PRC_00087,2026-05-02,BATTERY,BATTERY_LITHIUM_PORTABLE,Chennai-Ambattur Cluster,120.62,150.69,KG,108.56,165.76
PRC_00088,2026-05-02,DISPLAY,LCD_PANEL_INTACT,Chennai-Ambattur Cluster,150.62,210.69,PIECE,135.56,231.76
PRC_00089,2026-05-02,DISPLAY,CRT_MONITOR,Chennai-Ambattur Cluster,60.62,90.69,PIECE,54.56,99.76
PRC_00090,2026-05-02,PLASTIC,MIXED_EWASTE_CASING,Chennai-Ambattur Cluster,18.62,26.69,KG,16.76,29.36
PRC_00091,2026-05-03,PCB,MOTHERBOARD_HIGH_GRADE,Delhi-Mayapuri Cluster,282.63,322.89,KG,254.37,355.18
PRC_00092,2026-05-03,PCB,POWER_SUPPLY_LOW_GRADE,Delhi-Mayapuri Cluster,47.63,62.89,KG,42.87,69.18
PRC_00093,2026-05-03,CABLE,COPPER_HEAVY_INSULATED,Delhi-Mayapuri Cluster,422.63,472.89,KG,380.37,520.18
PRC_00094,2026-05-03,CABLE,ALUMINIUM_WIRE,Delhi-Mayapuri Cluster,112.63,137.89,KG,101.37,151.68
PRC_00095,2026-05-03,BATTERY,LEAD_ACID,Delhi-Mayapuri Cluster,87.63,104.89,KG,78.87,115.38
PRC_00096,2026-05-03,BATTERY,BATTERY_LITHIUM_PORTABLE,Delhi-Mayapuri Cluster,122.63,152.89,KG,110.37,168.18
PRC_00097,2026-05-03,DISPLAY,LCD_PANEL_INTACT,Delhi-Mayapuri Cluster,152.63,212.89,PIECE,137.37,234.18
PRC_00098,2026-05-03,DISPLAY,CRT_MONITOR,Delhi-Mayapuri Cluster,62.63,92.89,PIECE,56.37,102.18
PRC_00099,2026-05-03,PLASTIC,MIXED_EWASTE_CASING,Delhi-Mayapuri Cluster,20.63,28.89,KG,18.57,31.78
PRC_00100,2026-05-03,PCB,MOTHERBOARD_HIGH_GRADE,Mumbai-Dharavi Cluster,282.63,322.89,KG,254.37,355.18
PRC_00101,2026-05-03,PCB,POWER_SUPPLY_LOW_GRADE,Mumbai-Dharavi Cluster,47.63,62.89,KG,42.87,69.18
PRC_00102,2026-05-03,CABLE,COPPER_HEAVY_INSULATED,Mumbai-Dharavi Cluster,422.63,472.89,KG,380.37,520.18
PRC_00103,2026-05-03,CABLE,ALUMINIUM_WIRE,Mumbai-Dharavi Cluster,112.63,137.89,KG,101.37,151.68
PRC_00104,2026-05-03,BATTERY,LEAD_ACID,Mumbai-Dharavi Cluster,87.63,104.89,KG,78.87,115.38
PRC_00105,2026-05-03,BATTERY,BATTERY_LITHIUM_PORTABLE,Mumbai-Dharavi Cluster,122.63,152.89,KG,110.37,168.18
PRC_00106,2026-05-03,DISPLAY,LCD_PANEL_INTACT,Mumbai-Dharavi Cluster,152.63,212.89,PIECE,137.37,234.18
PRC_00107,2026-05-03,DISPLAY,CRT_MONITOR,Mumbai-Dharavi Cluster,62.63,92.89,PIECE,56.37,102.18
PRC_00108,2026-05-03,PLASTIC,MIXED_EWASTE_CASING,Mumbai-Dharavi Cluster,20.63,28.89,KG,18.57,31.78
PRC_00109,2026-05-03,PCB,MOTHERBOARD_HIGH_GRADE,Bengaluru-Peenya Cluster,282.63,322.89,KG,254.37,355.18
PRC_00110,2026-05-03,PCB,POWER_SUPPLY_LOW_GRADE,Bengaluru-Peenya Cluster,47.63,62.89,KG,42.87,69.18
PRC_00111,2026-05-03,CABLE,COPPER_HEAVY_INSULATED,Bengaluru-Peenya Cluster,422.63,472.89,KG,380.37,520.18
PRC_00112,2026-05-03,CABLE,ALUMINIUM_WIRE,Bengaluru-Peenya Cluster,112.63,137.89,KG,101.37,151.68
PRC_00113,2026-05-03,BATTERY,LEAD_ACID,Bengaluru-Peenya Cluster,87.63,104.89,KG,78.87,115.38
PRC_00114,2026-05-03,BATTERY,BATTERY_LITHIUM_PORTABLE,Bengaluru-Peenya Cluster,122.63,152.89,KG,110.37,168.18
PRC_00115,2026-05-03,DISPLAY,LCD_PANEL_INTACT,Bengaluru-Peenya Cluster,152.63,212.89,PIECE,137.37,234.18
PRC_00116,2026-05-03,DISPLAY,CRT_MONITOR,Bengaluru-Peenya Cluster,62.63,92.89,PIECE,56.37,102.18
PRC_00117,2026-05-03,PLASTIC,MIXED_EWASTE_CASING,Bengaluru-Peenya Cluster,20.63,28.89,KG,18.57,31.78
PRC_00118,2026-05-03,PCB,MOTHERBOARD_HIGH_GRADE,Bhubaneswar-Cuttack Cluster,282.63,322.89,KG,254.37,355.18
PRC_00119,2026-05-03,PCB,POWER_SUPPLY_LOW_GRADE,Bhubaneswar-Cuttack Cluster,47.63,62.89,KG,42.87,69.18
PRC_00120,2026-05-03,CABLE,COPPER_HEAVY_INSULATED,Bhubaneswar-Cuttack Cluster,422.63,472.89,KG,380.37,520.18
PRC_00121,2026-05-03,CABLE,ALUMINIUM_WIRE,Bhubaneswar-Cuttack Cluster,112.63,137.89,KG,101.37,151.68
PRC_00122,2026-05-03,BATTERY,LEAD_ACID,Bhubaneswar-Cuttack Cluster,87.63,104.89,KG,78.87,115.38
PRC_00123,2026-05-03,BATTERY,BATTERY_LITHIUM_PORTABLE,Bhubaneswar-Cuttack Cluster,122.63,152.89,KG,110.37,168.18
PRC_00124,2026-05-03,DISPLAY,LCD_PANEL_INTACT,Bhubaneswar-Cuttack Cluster,152.63,212.89,PIECE,137.37,234.18
PRC_00125,2026-05-03,DISPLAY,CRT_MONITOR,Bhubaneswar-Cuttack Cluster,62.63,92.89,PIECE,56.37,102.18
PRC_00126,2026-05-03,PLASTIC,MIXED_EWASTE_CASING,Bhubaneswar-Cuttack Cluster,20.63,28.89,KG,18.57,31.78
PRC_00127,2026-05-03,PCB,MOTHERBOARD_HIGH_GRADE,Chennai-Ambattur Cluster,282.63,322.89,KG,254.37,355.18
PRC_00128,2026-05-03,PCB,POWER_SUPPLY_LOW_GRADE,Chennai-Ambattur Cluster,47.63,62.89,KG,42.87,69.18
PRC_00129,2026-05-03,CABLE,COPPER_HEAVY_INSULATED,Chennai-Ambattur Cluster,422.63,472.89,KG,380.37,520.18
PRC_00130,2026-05-03,CABLE,ALUMINIUM_WIRE,Chennai-Ambattur Cluster,112.63,137.89,KG,101.37,151.68
PRC_00131,2026-05-03,BATTERY,LEAD_ACID,Chennai-Ambattur Cluster,87.63,104.89,KG,78.87,115.38
PRC_00132,2026-05-03,BATTERY,BATTERY_LITHIUM_PORTABLE,Chennai-Ambattur Cluster,122.63,152.89,KG,110.37,168.18
PRC_00133,2026-05-03,DISPLAY,LCD_PANEL_INTACT,Chennai-Ambattur Cluster,152.63,212.89,PIECE,137.37,234.18
PRC_00134,2026-05-03,DISPLAY,CRT_MONITOR,Chennai-Ambattur Cluster,62.63,92.89,PIECE,56.37,102.18
PRC_00135,2026-05-03,PLASTIC,MIXED_EWASTE_CASING,Chennai-Ambattur Cluster,20.63,28.89,KG,18.57,31.78
PRC_00136,2026-05-04,PCB,MOTHERBOARD_HIGH_GRADE,Delhi-Mayapuri Cluster,284.76,325.23,KG,256.28,357.75
PRC_00137,2026-05-04,PCB,POWER_SUPPLY_LOW_GRADE,Delhi-Mayapuri Cluster,49.76,65.23,KG,44.78,71.75
PRC_00138,2026-05-04,CABLE,COPPER_HEAVY_INSULATED,Delhi-Mayapuri Cluster,424.76,475.23,KG,382.28,522.75
PRC_00139,2026-05-04,CABLE,ALUMINIUM_WIRE,Delhi-Mayapuri Cluster,114.76,140.23,KG,103.28,154.25
PRC_00140,2026-05-04,BATTERY,LEAD_ACID,Delhi-Mayapuri Cluster,89.76,107.23,KG,80.78,117.95
PRC_00141,2026-05-04,BATTERY,BATTERY_LITHIUM_PORTABLE,Delhi-Mayapuri Cluster,124.76,155.23,KG,112.28,170.75
PRC_00142,2026-05-04,DISPLAY,LCD_PANEL_INTACT,Delhi-Mayapuri Cluster,154.76,215.23,PIECE,139.28,236.75
PRC_00143,2026-05-04,DISPLAY,CRT_MONITOR,Delhi-Mayapuri Cluster,64.76,95.23,PIECE,58.28,104.75
PRC_00144,2026-05-04,PLASTIC,MIXED_EWASTE_CASING,Delhi-Mayapuri Cluster,22.76,31.23,KG,20.48,34.35
PRC_00145,2026-05-04,PCB,MOTHERBOARD_HIGH_GRADE,Mumbai-Dharavi Cluster,284.76,325.23,KG,256.28,357.75
PRC_00146,2026-05-04,PCB,POWER_SUPPLY_LOW_GRADE,Mumbai-Dharavi Cluster,49.76,65.23,KG,44.78,71.75
PRC_00147,2026-05-04,CABLE,COPPER_HEAVY_INSULATED,Mumbai-Dharavi Cluster,424.76,475.23,KG,382.28,522.75
PRC_00148,2026-05-04,CABLE,ALUMINIUM_WIRE,Mumbai-Dharavi Cluster,114.76,140.23,KG,103.28,154.25
PRC_00149,2026-05-04,BATTERY,LEAD_ACID,Mumbai-Dharavi Cluster,89.76,107.23,KG,80.78,117.95
PRC_00150,2026-05-04,BATTERY,BATTERY_LITHIUM_PORTABLE,Mumbai-Dharavi Cluster,124.76,155.23,KG,112.28,170.75
PRC_00151,2026-05-04,DISPLAY,LCD_PANEL_INTACT,Mumbai-Dharavi Cluster,154.76,215.23,PIECE,139.28,236.75
PRC_00152,2026-05-04,DISPLAY,CRT_MONITOR,Mumbai-Dharavi Cluster,64.76,95.23,PIECE,58.28,104.75
PRC_00153,2026-05-04,PLASTIC,MIXED_EWASTE_CASING,Mumbai-Dharavi Cluster,22.76,31.23,KG,20.48,34.35
PRC_00154,2026-05-04,PCB,MOTHERBOARD_HIGH_GRADE,Bengaluru-Peenya Cluster,284.76,325.23,KG,256.28,357.75
PRC_00155,2026-05-04,PCB,POWER_SUPPLY_LOW_GRADE,Bengaluru-Peenya Cluster,49.76,65.23,KG,44.78,71.75
PRC_00156,2026-05-04,CABLE,COPPER_HEAVY_INSULATED,Bengaluru-Peenya Cluster,424.76,475.23,KG,382.28,522.75
PRC_00157,2026-05-04,CABLE,ALUMINIUM_WIRE,Bengaluru-Peenya Cluster,114.76,140.23,KG,103.28,154.25
PRC_00158,2026-05-04,BATTERY,LEAD_ACID,Bengaluru-Peenya Cluster,89.76,107.23,KG,80.78,117.95
PRC_00159,2026-05-04,BATTERY,BATTERY_LITHIUM_PORTABLE,Bengaluru-Peenya Cluster,124.76,155.23,KG,112.28,170.75
PRC_00160,2026-05-04,DISPLAY,LCD_PANEL_INTACT,Bengaluru-Peenya Cluster,154.76,215.23,PIECE,139.28,236.75
PRC_00161,2026-05-04,DISPLAY,CRT_MONITOR,Bengaluru-Peenya Cluster,64.76,95.23,PIECE,58.28,104.75
PRC_00162,2026-05-04,PLASTIC,MIXED_EWASTE_CASING,Bengaluru-Peenya Cluster,22.76,31.23,KG,20.48,34.35
PRC_00163,2026-05-04,PCB,MOTHERBOARD_HIGH_GRADE,Bhubaneswar-Cuttack Cluster,284.76,325.23,KG,256.28,357.75
PRC_00164,2026-05-04,PCB,POWER_SUPPLY_LOW_GRADE,Bhubaneswar-Cuttack Cluster,49.76,65.23,KG,44.78,71.75
PRC_00165,2026-05-04,CABLE,COPPER_HEAVY_INSULATED,Bhubaneswar-Cuttack Cluster,424.76,475.23,KG,382.28,522.75
PRC_00166,2026-05-04,CABLE,ALUMINIUM_WIRE,Bhubaneswar-Cuttack Cluster,114.76,140.23,KG,103.28,154.25
PRC_00167,2026-05-04,BATTERY,LEAD_ACID,Bhubaneswar-Cuttack Cluster,89.76,107.23,KG,80.78,117.95
PRC_00168,2026-05-04,BATTERY,BATTERY_LITHIUM_PORTABLE,Bhubaneswar-Cuttack Cluster,124.76,155.23,KG,112.28,170.75
PRC_00169,2026-05-04,DISPLAY,LCD_PANEL_INTACT,Bhubaneswar-Cuttack Cluster,154.76,215.23,PIECE,139.28,236.75
PRC_00170,2026-05-04,DISPLAY,CRT_MONITOR,Bhubaneswar-Cuttack Cluster,64.76,95.23,PIECE,58.28,104.75
PRC_00171,2026-05-04,PLASTIC,MIXED_EWASTE_CASING,Bhubaneswar-Cuttack Cluster,22.76,31.23,KG,20.48,34.35
PRC_00172,2026-05-04,PCB,MOTHERBOARD_HIGH_GRADE,Chennai-Ambattur Cluster,284.76,325.23,KG,256.28,357.75
PRC_00173,2026-05-04,PCB,POWER_SUPPLY_LOW_GRADE,Chennai-Ambattur Cluster,49.76,65.23,KG,44.78,71.75
PRC_00174,2026-05-04,CABLE,COPPER_HEAVY_INSULATED,Chennai-Ambattur Cluster,424.76,475.23,KG,382.28,522.75
PRC_00175,2026-05-04,CABLE,ALUMINIUM_WIRE,Chennai-Ambattur Cluster,114.76,140.23,KG,103.28,154.25
PRC_00176,2026-05-04,BATTERY,LEAD_ACID,Chennai-Ambattur Cluster,89.76,107.23,KG,80.78,117.95
PRC_00177,2026-05-04,BATTERY,BATTERY_LITHIUM_PORTABLE,Chennai-Ambattur Cluster,124.76,155.23,KG,112.28,170.75
PRC_00178,2026-05-04,DISPLAY,LCD_PANEL_INTACT,Chennai-Ambattur Cluster,154.76,215.23,PIECE,139.28,236.75
PRC_00179,2026-05-04,DISPLAY,CRT_MONITOR,Chennai-Ambattur Cluster,64.76,95.23,PIECE,58.28,104.75
PRC_00180,2026-05-04,PLASTIC,MIXED_EWASTE_CASING,Chennai-Ambattur Cluster,22.76,31.23,KG,20.48,34.35
PRC_00181,2026-05-05,PCB,MOTHERBOARD_HIGH_GRADE,Delhi-Mayapuri Cluster,282.92,323.21,KG,254.63,355.53
PRC_00182,2026-05-05,PCB,POWER_SUPPLY_LOW_GRADE,Delhi-Mayapuri Cluster,47.92,63.21,KG,43.13,69.53
PRC_00183,2026-05-05,CABLE,COPPER_HEAVY_INSULATED,Delhi-Mayapuri Cluster,422.92,473.21,KG,380.63,520.53
PRC_00184,2026-05-05,CABLE,ALUMINIUM_WIRE,Delhi-Mayapuri Cluster,112.92,138.21,KG,101.63,152.03
PRC_00185,2026-05-05,BATTERY,LEAD_ACID,Delhi-Mayapuri Cluster,87.92,105.21,KG,79.13,115.73
PRC_00186,2026-05-05,BATTERY,BATTERY_LITHIUM_PORTABLE,Delhi-Mayapuri Cluster,122.92,153.21,KG,110.63,168.53
PRC_00187,2026-05-05,DISPLAY,LCD_PANEL_INTACT,Delhi-Mayapuri Cluster,152.92,213.21,PIECE,137.63,234.53
PRC_00188,2026-05-05,DISPLAY,CRT_MONITOR,Delhi-Mayapuri Cluster,62.92,93.21,PIECE,56.63,102.53
PRC_00189,2026-05-05,PLASTIC,MIXED_EWASTE_CASING,Delhi-Mayapuri Cluster,20.92,29.21,KG,18.83,32.13
PRC_00190,2026-05-05,PCB,MOTHERBOARD_HIGH_GRADE,Mumbai-Dharavi Cluster,282.92,323.21,KG,254.63,355.53
PRC_00191,2026-05-05,PCB,POWER_SUPPLY_LOW_GRADE,Mumbai-Dharavi Cluster,47.92,63.21,KG,43.13,69.53
PRC_00192,2026-05-05,CABLE,COPPER_HEAVY_INSULATED,Mumbai-Dharavi Cluster,422.92,473.21,KG,380.63,520.53
PRC_00193,2026-05-05,CABLE,ALUMINIUM_WIRE,Mumbai-Dharavi Cluster,112.92,138.21,KG,101.63,152.03
PRC_00194,2026-05-05,BATTERY,LEAD_ACID,Mumbai-Dharavi Cluster,87.92,105.21,KG,79.13,115.73
PRC_00195,2026-05-05,BATTERY,BATTERY_LITHIUM_PORTABLE,Mumbai-Dharavi Cluster,122.92,153.21,KG,110.63,168.53
PRC_00196,2026-05-05,DISPLAY,LCD_PANEL_INTACT,Mumbai-Dharavi Cluster,152.92,213.21,PIECE,137.63,234.53
PRC_00197,2026-05-05,DISPLAY,CRT_MONITOR,Mumbai-Dharavi Cluster,62.92,93.21,PIECE,56.63,102.53
PRC_00198,2026-05-05,PLASTIC,MIXED_EWASTE_CASING,Mumbai-Dharavi Cluster,20.92,29.21,KG,18.83,32.13
PRC_00199,2026-05-05,PCB,MOTHERBOARD_HIGH_GRADE,Bengaluru-Peenya Cluster,282.92,323.21,KG,254.63,355.53
PRC_00200,2026-05-05,PCB,POWER_SUPPLY_LOW_GRADE,Bengaluru-Peenya Cluster,47.92,63.21,KG,43.13,69.53
PRC_00201,2026-05-05,CABLE,COPPER_HEAVY_INSULATED,Bengaluru-Peenya Cluster,422.92,473.21,KG,380.63,520.53
PRC_00202,2026-05-05,CABLE,ALUMINIUM_WIRE,Bengaluru-Peenya Cluster,112.92,138.21,KG,101.63,152.03
PRC_00203,2026-05-05,BATTERY,LEAD_ACID,Bengaluru-Peenya Cluster,87.92,105.21,KG,79.13,115.73
PRC_00204,2026-05-05,BATTERY,BATTERY_LITHIUM_PORTABLE,Bengaluru-Peenya Cluster,122.92,153.21,KG,110.63,168.53
PRC_00205,2026-05-05,DISPLAY,LCD_PANEL_INTACT,Bengaluru-Peenya Cluster,152.92,213.21,PIECE,137.63,234.53
PRC_00206,2026-05-05,DISPLAY,CRT_MONITOR,Bengaluru-Peenya Cluster,62.92,93.21,PIECE,56.63,102.53
PRC_00207,2026-05-05,PLASTIC,MIXED_EWASTE_CASING,Bengaluru-Peenya Cluster,20.92,29.21,KG,18.83,32.13
PRC_00208,2026-05-05,PCB,MOTHERBOARD_HIGH_GRADE,Bhubaneswar-Cuttack Cluster,282.92,323.21,KG,254.63,355.53
PRC_00209,2026-05-05,PCB,POWER_SUPPLY_LOW_GRADE,Bhubaneswar-Cuttack Cluster,47.92,63.21,KG,43.13,69.53
PRC_00210,2026-05-05,CABLE,COPPER_HEAVY_INSULATED,Bhubaneswar-Cuttack Cluster,422.92,473.21,KG,380.63,520.53
PRC_00211,2026-05-05,CABLE,ALUMINIUM_WIRE,Bhubaneswar-Cuttack Cluster,112.92,138.21,KG,101.63,152.03
PRC_00212,2026-05-05,BATTERY,LEAD_ACID,Bhubaneswar-Cuttack Cluster,87.92,105.21,KG,79.13,115.73
PRC_00213,2026-05-05,BATTERY,BATTERY_LITHIUM_PORTABLE,Bhubaneswar-Cuttack Cluster,122.92,153.21,KG,110.63,168.53
PRC_00214,2026-05-05,DISPLAY,LCD_PANEL_INTACT,Bhubaneswar-Cuttack Cluster,152.92,213.21,PIECE,137.63,234.53
PRC_00215,2026-05-05,DISPLAY,CRT_MONITOR,Bhubaneswar-Cuttack Cluster,62.92,93.21,PIECE,56.63,102.53
PRC_00216,2026-05-05,PLASTIC,MIXED_EWASTE_CASING,Bhubaneswar-Cuttack Cluster,20.92,29.21,KG,18.83,32.13
PRC_00217,2026-05-05,PCB,MOTHERBOARD_HIGH_GRADE,Chennai-Ambattur Cluster,282.92,323.21,KG,254.63,355.53
PRC_00218,2026-05-05,PCB,POWER_SUPPLY_LOW_GRADE,Chennai-Ambattur Cluster,47.92,63.21,KG,43.13,69.53
PRC_00219,2026-05-05,CABLE,COPPER_HEAVY_INSULATED,Chennai-Ambattur Cluster,422.92,473.21,KG,380.63,520.53
PRC_00220,2026-05-05,CABLE,ALUMINIUM_WIRE,Chennai-Ambattur Cluster,112.92,138.21,KG,101.63,152.03
PRC_00221,2026-05-05,BATTERY,LEAD_ACID,Chennai-Ambattur Cluster,87.92,105.21,KG,79.13,115.73
PRC_00222,2026-05-05,BATTERY,BATTERY_LITHIUM_PORTABLE,Chennai-Ambattur Cluster,122.92,153.21,KG,110.63,168.53
PRC_00223,2026-05-05,DISPLAY,LCD_PANEL_INTACT,Chennai-Ambattur Cluster,152.92,213.21,PIECE,137.63,234.53
PRC_00224,2026-05-05,DISPLAY,CRT_MONITOR,Chennai-Ambattur Cluster,62.92,93.21,PIECE,56.63,102.53
PRC_00225,2026-05-05,PLASTIC,MIXED_EWASTE_CASING,Chennai-Ambattur Cluster,20.92,29.21,KG,18.83,32.13
PRC_00226,2026-05-06,PCB,MOTHERBOARD_HIGH_GRADE,Delhi-Mayapuri Cluster,283.7,324.07,KG,255.33,356.48
PRC_00227,2026-05-06,PCB,POWER_SUPPLY_LOW_GRADE,Delhi-Mayapuri Cluster,48.7,64.07,KG,43.83,70.48
PRC_00228,2026-05-06,CABLE,COPPER_HEAVY_INSULATED,Delhi-Mayapuri Cluster,423.7,474.07,KG,381.33,521.48
PRC_00229,2026-05-06,CABLE,ALUMINIUM_WIRE,Delhi-Mayapuri Cluster,113.7,139.07,KG,102.33,152.98
PRC_00230,2026-05-06,BATTERY,LEAD_ACID,Delhi-Mayapuri Cluster,88.7,106.07,KG,79.83,116.68
PRC_00231,2026-05-06,BATTERY,BATTERY_LITHIUM_PORTABLE,Delhi-Mayapuri Cluster,123.7,154.07,KG,111.33,169.48
PRC_00232,2026-05-06,DISPLAY,LCD_PANEL_INTACT,Delhi-Mayapuri Cluster,153.7,214.07,PIECE,138.33,235.48
PRC_00233,2026-05-06,DISPLAY,CRT_MONITOR,Delhi-Mayapuri Cluster,63.7,94.07,PIECE,57.33,103.48
PRC_00234,2026-05-06,PLASTIC,MIXED_EWASTE_CASING,Delhi-Mayapuri Cluster,21.7,30.07,KG,19.53,33.08
PRC_00235,2026-05-06,PCB,MOTHERBOARD_HIGH_GRADE,Mumbai-Dharavi Cluster,283.7,324.07,KG,255.33,356.48
PRC_00236,2026-05-06,PCB,POWER_SUPPLY_LOW_GRADE,Mumbai-Dharavi Cluster,48.7,64.07,KG,43.83,70.48
PRC_00237,2026-05-06,CABLE,COPPER_HEAVY_INSULATED,Mumbai-Dharavi Cluster,423.7,474.07,KG,381.33,521.48
PRC_00238,2026-05-06,CABLE,ALUMINIUM_WIRE,Mumbai-Dharavi Cluster,113.7,139.07,KG,102.33,152.98
PRC_00239,2026-05-06,BATTERY,LEAD_ACID,Mumbai-Dharavi Cluster,88.7,106.07,KG,79.83,116.68
PRC_00240,2026-05-06,BATTERY,BATTERY_LITHIUM_PORTABLE,Mumbai-Dharavi Cluster,123.7,154.07,KG,111.33,169.48
PRC_00241,2026-05-06,DISPLAY,LCD_PANEL_INTACT,Mumbai-Dharavi Cluster,153.7,214.07,PIECE,138.33,235.48
PRC_00242,2026-05-06,DISPLAY,CRT_MONITOR,Mumbai-Dharavi Cluster,63.7,94.07,PIECE,57.33,103.48
PRC_00243,2026-05-06,PLASTIC,MIXED_EWASTE_CASING,Mumbai-Dharavi Cluster,21.7,30.07,KG,19.53,33.08
PRC_00244,2026-05-06,PCB,MOTHERBOARD_HIGH_GRADE,Bengaluru-Peenya Cluster,283.7,324.07,KG,255.33,356.48
PRC_00245,2026-05-06,PCB,POWER_SUPPLY_LOW_GRADE,Bengaluru-Peenya Cluster,48.7,64.07,KG,43.83,70.48
PRC_00246,2026-05-06,CABLE,COPPER_HEAVY_INSULATED,Bengaluru-Peenya Cluster,423.7,474.07,KG,381.33,521.48
PRC_00247,2026-05-06,CABLE,ALUMINIUM_WIRE,Bengaluru-Peenya Cluster,113.7,139.07,KG,102.33,152.98
PRC_00248,2026-05-06,BATTERY,LEAD_ACID,Bengaluru-Peenya Cluster,88.7,106.07,KG,79.83,116.68
PRC_00249,2026-05-06,BATTERY,BATTERY_LITHIUM_PORTABLE,Bengaluru-Peenya Cluster,123.7,154.07,KG,111.33,169.48
PRC_00250,2026-05-06,DISPLAY,LCD_PANEL_INTACT,Bengaluru-Peenya Cluster,153.7,214.07,PIECE,138.33,235.48
PRC_00251,2026-05-06,DISPLAY,CRT_MONITOR,Bengaluru-Peenya Cluster,63.7,94.07,PIECE,57.33,103.48
PRC_00252,2026-05-06,PLASTIC,MIXED_EWASTE_CASING,Bengaluru-Peenya Cluster,21.7,30.07,KG,19.53,33.08
PRC_00253,2026-05-06,PCB,MOTHERBOARD_HIGH_GRADE,Bhubaneswar-Cuttack Cluster,283.7,324.07,KG,255.33,356.48
PRC_00254,2026-05-06,PCB,POWER_SUPPLY_LOW_GRADE,Bhubaneswar-Cuttack Cluster,48.7,64.07,KG,43.83,70.48
PRC_00255,2026-05-06,CABLE,COPPER_HEAVY_INSULATED,Bhubaneswar-Cuttack Cluster,423.7,474.07,KG,381.33,521.48
PRC_00256,2026-05-06,CABLE,ALUMINIUM_WIRE,Bhubaneswar-Cuttack Cluster,113.7,139.07,KG,102.33,152.98
PRC_00257,2026-05-06,BATTERY,LEAD_ACID,Bhubaneswar-Cuttack Cluster,88.7,106.07,KG,79.83,116.68
PRC_00258,2026-05-06,BATTERY,BATTERY_LITHIUM_PORTABLE,Bhubaneswar-Cuttack Cluster,123.7,154.07,KG,111.33,169.48
PRC_00259,2026-05-06,DISPLAY,LCD_PANEL_INTACT,Bhubaneswar-Cuttack Cluster,153.7,214.07,PIECE,138.33,235.48
PRC_00260,2026-05-06,DISPLAY,CRT_MONITOR,Bhubaneswar-Cuttack Cluster,63.7,94.07,PIECE,57.33,103.48
PRC_00261,2026-05-06,PLASTIC,MIXED_EWASTE_CASING,Bhubaneswar-Cuttack Cluster,21.7,30.07,KG,19.53,33.08
PRC_00262,2026-05-06,PCB,MOTHERBOARD_HIGH_GRADE,Chennai-Ambattur Cluster,283.7,324.07,KG,255.33,356.48
PRC_00263,2026-05-06,PCB,POWER_SUPPLY_LOW_GRADE,Chennai-Ambattur Cluster,48.7,64.07,KG,43.83,70.48
PRC_00264,2026-05-06,CABLE,COPPER_HEAVY_INSULATED,Chennai-Ambattur Cluster,423.7,474.07,KG,381.33,521.48
PRC_00265,2026-05-06,CABLE,ALUMINIUM_WIRE,Chennai-Ambattur Cluster,113.7,139.07,KG,102.33,152.98
PRC_00266,2026-05-06,BATTERY,LEAD_ACID,Chennai-Ambattur Cluster,88.7,106.07,KG,79.83,116.68
PRC_00267,2026-05-06,BATTERY,BATTERY_LITHIUM_PORTABLE,Chennai-Ambattur Cluster,123.7,154.07,KG,111.33,169.48
PRC_00268,2026-05-06,DISPLAY,LCD_PANEL_INTACT,Chennai-Ambattur Cluster,153.7,214.07,PIECE,138.33,235.48
PRC_00269,2026-05-06,DISPLAY,CRT_MONITOR,Chennai-Ambattur Cluster,63.7,94.07,PIECE,57.33,103.48
PRC_00270,2026-05-06,PLASTIC,MIXED_EWASTE_CASING,Chennai-Ambattur Cluster,21.7,30.07,KG,19.53,33.08
PRC_00271,2026-05-07,PCB,MOTHERBOARD_HIGH_GRADE,Delhi-Mayapuri Cluster,287.16,327.88,KG,258.44,360.67
PRC_00272,2026-05-07,PCB,POWER_SUPPLY_LOW_GRADE,Delhi-Mayapuri Cluster,52.16,67.88,KG,46.94,74.67
PRC_00273,2026-05-07,CABLE,COPPER_HEAVY_INSULATED,Delhi-Mayapuri Cluster,427.16,477.88,KG,384.44,525.67
PRC_00274,2026-05-07,CABLE,ALUMINIUM_WIRE,Delhi-Mayapuri Cluster,117.16,142.88,KG,105.44,157.17
PRC_00275,2026-05-07,BATTERY,LEAD_ACID,Delhi-Mayapuri Cluster,92.16,109.88,KG,82.94,120.87
PRC_00276,2026-05-07,BATTERY,BATTERY_LITHIUM_PORTABLE,Delhi-Mayapuri Cluster,127.16,157.88,KG,114.44,173.67
PRC_00277,2026-05-07,DISPLAY,LCD_PANEL_INTACT,Delhi-Mayapuri Cluster,157.16,217.88,PIECE,141.44,239.67
PRC_00278,2026-05-07,DISPLAY,CRT_MONITOR,Delhi-Mayapuri Cluster,67.16,97.88,PIECE,60.44,107.67
PRC_00279,2026-05-07,PLASTIC,MIXED_EWASTE_CASING,Delhi-Mayapuri Cluster,25.16,33.88,KG,22.64,37.27
PRC_00280,2026-05-07,PCB,MOTHERBOARD_HIGH_GRADE,Mumbai-Dharavi Cluster,287.16,327.88,KG,258.44,360.67
PRC_00281,2026-05-07,PCB,POWER_SUPPLY_LOW_GRADE,Mumbai-Dharavi Cluster,52.16,67.88,KG,46.94,74.67
PRC_00282,2026-05-07,CABLE,COPPER_HEAVY_INSULATED,Mumbai-Dharavi Cluster,427.16,477.88,KG,384.44,525.67
PRC_00283,2026-05-07,CABLE,ALUMINIUM_WIRE,Mumbai-Dharavi Cluster,117.16,142.88,KG,105.44,157.17
PRC_00284,2026-05-07,BATTERY,LEAD_ACID,Mumbai-Dharavi Cluster,92.16,109.88,KG,82.94,120.87
PRC_00285,2026-05-07,BATTERY,BATTERY_LITHIUM_PORTABLE,Mumbai-Dharavi Cluster,127.16,157.88,KG,114.44,173.67
PRC_00286,2026-05-07,DISPLAY,LCD_PANEL_INTACT,Mumbai-Dharavi Cluster,157.16,217.88,PIECE,141.44,239.67
PRC_00287,2026-05-07,DISPLAY,CRT_MONITOR,Mumbai-Dharavi Cluster,67.16,97.88,PIECE,60.44,107.67
PRC_00288,2026-05-07,PLASTIC,MIXED_EWASTE_CASING,Mumbai-Dharavi Cluster,25.16,33.88,KG,22.64,37.27
PRC_00289,2026-05-07,PCB,MOTHERBOARD_HIGH_GRADE,Bengaluru-Peenya Cluster,287.16,327.88,KG,258.44,360.67
PRC_00290,2026-05-07,PCB,POWER_SUPPLY_LOW_GRADE,Bengaluru-Peenya Cluster,52.16,67.88,KG,46.94,74.67
PRC_00291,2026-05-07,CABLE,COPPER_HEAVY_INSULATED,Bengaluru-Peenya Cluster,427.16,477.88,KG,384.44,525.67
PRC_00292,2026-05-07,CABLE,ALUMINIUM_WIRE,Bengaluru-Peenya Cluster,117.16,142.88,KG,105.44,157.17
PRC_00293,2026-05-07,BATTERY,LEAD_ACID,Bengaluru-Peenya Cluster,92.16,109.88,KG,82.94,120.87
PRC_00294,2026-05-07,BATTERY,BATTERY_LITHIUM_PORTABLE,Bengaluru-Peenya Cluster,127.16,157.88,KG,114.44,173.67
PRC_00295,2026-05-07,DISPLAY,LCD_PANEL_INTACT,Bengaluru-Peenya Cluster,157.16,217.88,PIECE,141.44,239.67
PRC_00296,2026-05-07,DISPLAY,CRT_MONITOR,Bengaluru-Peenya Cluster,67.16,97.88,PIECE,60.44,107.67
PRC_00297,2026-05-07,PLASTIC,MIXED_EWASTE_CASING,Bengaluru-Peenya Cluster,25.16,33.88,KG,22.64,37.27
PRC_00298,2026-05-07,PCB,MOTHERBOARD_HIGH_GRADE,Bhubaneswar-Cuttack Cluster,287.16,327.88,KG,258.44,360.67
PRC_00299,2026-05-07,PCB,POWER_SUPPLY_LOW_GRADE,Bhubaneswar-Cuttack Cluster,52.16,67.88,KG,46.94,74.67
PRC_00300,2026-05-07,CABLE,COPPER_HEAVY_INSULATED,Bhubaneswar-Cuttack Cluster,427.16,477.88,KG,384.44,525.67
PRC_00301,2026-05-07,CABLE,ALUMINIUM_WIRE,Bhubaneswar-Cuttack Cluster,117.16,142.88,KG,105.44,157.17
PRC_00302,2026-05-07,BATTERY,LEAD_ACID,Bhubaneswar-Cuttack Cluster,92.16,109.88,KG,82.94,120.87
PRC_00303,2026-05-07,BATTERY,BATTERY_LITHIUM_PORTABLE,Bhubaneswar-Cuttack Cluster,127.16,157.88,KG,114.44,173.67
PRC_00304,2026-05-07,DISPLAY,LCD_PANEL_INTACT,Bhubaneswar-Cuttack Cluster,157.16,217.88,PIECE,141.44,239.67
PRC_00305,2026-05-07,DISPLAY,CRT_MONITOR,Bhubaneswar-Cuttack Cluster,67.16,97.88,PIECE,60.44,107.67
PRC_00306,2026-05-07,PLASTIC,MIXED_EWASTE_CASING,Bhubaneswar-Cuttack Cluster,25.16,33.88,KG,22.64,37.27
PRC_00307,2026-05-07,PCB,MOTHERBOARD_HIGH_GRADE,Chennai-Ambattur Cluster,287.16,327.88,KG,258.44,360.67
PRC_00308,2026-05-07,PCB,POWER_SUPPLY_LOW_GRADE,Chennai-Ambattur Cluster,52.16,67.88,KG,46.94,74.67
PRC_00309,2026-05-07,CABLE,COPPER_HEAVY_INSULATED,Chennai-Ambattur Cluster,427.16,477.88,KG,384.44,525.67
PRC_00310,2026-05-07,CABLE,ALUMINIUM_WIRE,Chennai-Ambattur Cluster,117.16,142.88,KG,105.44,157.17
PRC_00311,2026-05-07,BATTERY,LEAD_ACID,Chennai-Ambattur Cluster,92.16,109.88,KG,82.94,120.87
PRC_00312,2026-05-07,BATTERY,BATTERY_LITHIUM_PORTABLE,Chennai-Ambattur Cluster,127.16,157.88,KG,114.44,173.67
PRC_00313,2026-05-07,DISPLAY,LCD_PANEL_INTACT,Chennai-Ambattur Cluster,157.16,217.88,PIECE,141.44,239.67
PRC_00314,2026-05-07,DISPLAY,CRT_MONITOR,Chennai-Ambattur Cluster,67.16,97.88,PIECE,60.44,107.67
PRC_00315,2026-05-07,PLASTIC,MIXED_EWASTE_CASING,Chennai-Ambattur Cluster,25.16,33.88,KG,22.64,37.27
PRC_00316,2026-05-08,PCB,MOTHERBOARD_HIGH_GRADE,Delhi-Mayapuri Cluster,286.66,327.33,KG,257.99,360.06
PRC_00317,2026-05-08,PCB,POWER_SUPPLY_LOW_GRADE,Delhi-Mayapuri Cluster,51.66,67.33,KG,46.49,74.06
PRC_00318,2026-05-08,CABLE,COPPER_HEAVY_INSULATED,Delhi-Mayapuri Cluster,426.66,477.33,KG,383.99,525.06
PRC_00319,2026-05-08,CABLE,ALUMINIUM_WIRE,Delhi-Mayapuri Cluster,116.66,142.33,KG,104.99,156.56
PRC_00320,2026-05-08,BATTERY,LEAD_ACID,Delhi-Mayapuri Cluster,91.66,109.33,KG,82.49,120.26
PRC_00321,2026-05-08,BATTERY,BATTERY_LITHIUM_PORTABLE,Delhi-Mayapuri Cluster,126.66,157.33,KG,113.99,173.06
PRC_00322,2026-05-08,DISPLAY,LCD_PANEL_INTACT,Delhi-Mayapuri Cluster,156.66,217.33,PIECE,140.99,239.06
PRC_00323,2026-05-08,DISPLAY,CRT_MONITOR,Delhi-Mayapuri Cluster,66.66,97.33,PIECE,59.99,107.06
PRC_00324,2026-05-08,PLASTIC,MIXED_EWASTE_CASING,Delhi-Mayapuri Cluster,24.66,33.33,KG,22.19,36.66
PRC_00325,2026-05-08,PCB,MOTHERBOARD_HIGH_GRADE,Mumbai-Dharavi Cluster,286.66,327.33,KG,257.99,360.06
PRC_00326,2026-05-08,PCB,POWER_SUPPLY_LOW_GRADE,Mumbai-Dharavi Cluster,51.66,67.33,KG,46.49,74.06
PRC_00327,2026-05-08,CABLE,COPPER_HEAVY_INSULATED,Mumbai-Dharavi Cluster,426.66,477.33,KG,383.99,525.06
PRC_00328,2026-05-08,CABLE,ALUMINIUM_WIRE,Mumbai-Dharavi Cluster,116.66,142.33,KG,104.99,156.56
PRC_00329,2026-05-08,BATTERY,LEAD_ACID,Mumbai-Dharavi Cluster,91.66,109.33,KG,82.49,120.26
PRC_00330,2026-05-08,BATTERY,BATTERY_LITHIUM_PORTABLE,Mumbai-Dharavi Cluster,126.66,157.33,KG,113.99,173.06
PRC_00331,2026-05-08,DISPLAY,LCD_PANEL_INTACT,Mumbai-Dharavi Cluster,156.66,217.33,PIECE,140.99,239.06
PRC_00332,2026-05-08,DISPLAY,CRT_MONITOR,Mumbai-Dharavi Cluster,66.66,97.33,PIECE,59.99,107.06
PRC_00333,2026-05-08,PLASTIC,MIXED_EWASTE_CASING,Mumbai-Dharavi Cluster,24.66,33.33,KG,22.19,36.66
PRC_00334,2026-05-08,PCB,MOTHERBOARD_HIGH_GRADE,Bengaluru-Peenya Cluster,286.66,327.33,KG,257.99,360.06
PRC_00335,2026-05-08,PCB,POWER_SUPPLY_LOW_GRADE,Bengaluru-Peenya Cluster,51.66,67.33,KG,46.49,74.06
PRC_00336,2026-05-08,CABLE,COPPER_HEAVY_INSULATED,Bengaluru-Peenya Cluster,426.66,477.33,KG,383.99,525.06
PRC_00337,2026-05-08,CABLE,ALUMINIUM_WIRE,Bengaluru-Peenya Cluster,116.66,142.33,KG,104.99,156.56
PRC_00338,2026-05-08,BATTERY,LEAD_ACID,Bengaluru-Peenya Cluster,91.66,109.33,KG,82.49,120.26
PRC_00339,2026-05-08,BATTERY,BATTERY_LITHIUM_PORTABLE,Bengaluru-Peenya Cluster,126.66,157.33,KG,113.99,173.06
PRC_00340,2026-05-08,DISPLAY,LCD_PANEL_INTACT,Bengaluru-Peenya Cluster,156.66,217.33,PIECE,140.99,239.06
PRC_00341,2026-05-08,DISPLAY,CRT_MONITOR,Bengaluru-Peenya Cluster,66.66,97.33,PIECE,59.99,107.06
PRC_00342,2026-05-08,PLASTIC,MIXED_EWASTE_CASING,Bengaluru-Peenya Cluster,24.66,33.33,KG,22.19,36.66
PRC_00343,2026-05-08,PCB,MOTHERBOARD_HIGH_GRADE,Bhubaneswar-Cuttack Cluster,286.66,327.33,KG,257.99,360.06
PRC_00344,2026-05-08,PCB,POWER_SUPPLY_LOW_GRADE,Bhubaneswar-Cuttack Cluster,51.66,67.33,KG,46.49,74.06
PRC_00345,2026-05-08,CABLE,COPPER_HEAVY_INSULATED,Bhubaneswar-Cuttack Cluster,426.66,477.33,KG,383.99,525.06
PRC_00346,2026-05-08,CABLE,ALUMINIUM_WIRE,Bhubaneswar-Cuttack Cluster,116.66,142.33,KG,104.99,156.56
PRC_00347,2026-05-08,BATTERY,LEAD_ACID,Bhubaneswar-Cuttack Cluster,91.66,109.33,KG,82.49,120.26
PRC_00348,2026-05-08,BATTERY,BATTERY_LITHIUM_PORTABLE,Bhubaneswar-Cuttack Cluster,126.66,157.33,KG,113.99,173.06
PRC_00349,2026-05-08,DISPLAY,LCD_PANEL_INTACT,Bhubaneswar-Cuttack Cluster,156.66,217.33,PIECE,140.99,239.06
PRC_00350,2026-05-08,DISPLAY,CRT_MONITOR,Bhubaneswar-Cuttack Cluster,66.66,97.33,PIECE,59.99,107.06
PRC_00351,2026-05-08,PLASTIC,MIXED_EWASTE_CASING,Bhubaneswar-Cuttack Cluster,24.66,33.33,KG,22.19,36.66
PRC_00352,2026-05-08,PCB,MOTHERBOARD_HIGH_GRADE,Chennai-Ambattur Cluster,286.66,327.33,KG,257.99,360.06
PRC_00353,2026-05-08,PCB,POWER_SUPPLY_LOW_GRADE,Chennai-Ambattur Cluster,51.66,67.33,KG,46.49,74.06
PRC_00354,2026-05-08,CABLE,COPPER_HEAVY_INSULATED,Chennai-Ambattur Cluster,426.66,477.33,KG,383.99,525.06
PRC_00355,2026-05-08,CABLE,ALUMINIUM_WIRE,Chennai-Ambattur Cluster,116.66,142.33,KG,104.99,156.56
PRC_00356,2026-05-08,BATTERY,LEAD_ACID,Chennai-Ambattur Cluster,91.66,109.33,KG,82.49,120.26
PRC_00357,2026-05-08,BATTERY,BATTERY_LITHIUM_PORTABLE,Chennai-Ambattur Cluster,126.66,157.33,KG,113.99,173.06
PRC_00358,2026-05-08,DISPLAY,LCD_PANEL_INTACT,Chennai-Ambattur Cluster,156.66,217.33,PIECE,140.99,239.06
PRC_00359,2026-05-08,DISPLAY,CRT_MONITOR,Chennai-Ambattur Cluster,66.66,97.33,PIECE,59.99,107.06
PRC_00360,2026-05-08,PLASTIC,MIXED_EWASTE_CASING,Chennai-Ambattur Cluster,24.66,33.33,KG,22.19,36.66
PRC_00361,2026-05-09,PCB,MOTHERBOARD_HIGH_GRADE,Delhi-Mayapuri Cluster,285.48,326.03,KG,256.93,358.63
PRC_00362,2026-05-09,PCB,POWER_SUPPLY_LOW_GRADE,Delhi-Mayapuri Cluster,50.48,66.03,KG,45.43,72.63
PRC_00363,2026-05-09,CABLE,COPPER_HEAVY_INSULATED,Delhi-Mayapuri Cluster,425.48,476.03,KG,382.93,523.63
PRC_00364,2026-05-09,CABLE,ALUMINIUM_WIRE,Delhi-Mayapuri Cluster,115.48,141.03,KG,103.93,155.13
PRC_00365,2026-05-09,BATTERY,LEAD_ACID,Delhi-Mayapuri Cluster,90.48,108.03,KG,81.43,118.83
PRC_00366,2026-05-09,BATTERY,BATTERY_LITHIUM_PORTABLE,Delhi-Mayapuri Cluster,125.48,156.03,KG,112.93,171.63
PRC_00367,2026-05-09,DISPLAY,LCD_PANEL_INTACT,Delhi-Mayapuri Cluster,155.48,216.03,PIECE,139.93,237.63
PRC_00368,2026-05-09,DISPLAY,CRT_MONITOR,Delhi-Mayapuri Cluster,65.48,96.03,PIECE,58.93,105.63
PRC_00369,2026-05-09,PLASTIC,MIXED_EWASTE_CASING,Delhi-Mayapuri Cluster,23.48,32.03,KG,21.13,35.23
PRC_00370,2026-05-09,PCB,MOTHERBOARD_HIGH_GRADE,Mumbai-Dharavi Cluster,285.48,326.03,KG,256.93,358.63
PRC_00371,2026-05-09,PCB,POWER_SUPPLY_LOW_GRADE,Mumbai-Dharavi Cluster,50.48,66.03,KG,45.43,72.63
PRC_00372,2026-05-09,CABLE,COPPER_HEAVY_INSULATED,Mumbai-Dharavi Cluster,425.48,476.03,KG,382.93,523.63
PRC_00373,2026-05-09,CABLE,ALUMINIUM_WIRE,Mumbai-Dharavi Cluster,115.48,141.03,KG,103.93,155.13
PRC_00374,2026-05-09,BATTERY,LEAD_ACID,Mumbai-Dharavi Cluster,90.48,108.03,KG,81.43,118.83
PRC_00375,2026-05-09,BATTERY,BATTERY_LITHIUM_PORTABLE,Mumbai-Dharavi Cluster,125.48,156.03,KG,112.93,171.63
PRC_00376,2026-05-09,DISPLAY,LCD_PANEL_INTACT,Mumbai-Dharavi Cluster,155.48,216.03,PIECE,139.93,237.63
PRC_00377,2026-05-09,DISPLAY,CRT_MONITOR,Mumbai-Dharavi Cluster,65.48,96.03,PIECE,58.93,105.63
PRC_00378,2026-05-09,PLASTIC,MIXED_EWASTE_CASING,Mumbai-Dharavi Cluster,23.48,32.03,KG,21.13,35.23
PRC_00379,2026-05-09,PCB,MOTHERBOARD_HIGH_GRADE,Bengaluru-Peenya Cluster,285.48,326.03,KG,256.93,358.63
PRC_00380,2026-05-09,PCB,POWER_SUPPLY_LOW_GRADE,Bengaluru-Peenya Cluster,50.48,66.03,KG,45.43,72.63
PRC_00381,2026-05-09,CABLE,COPPER_HEAVY_INSULATED,Bengaluru-Peenya Cluster,425.48,476.03,KG,382.93,523.63
PRC_00382,2026-05-09,CABLE,ALUMINIUM_WIRE,Bengaluru-Peenya Cluster,115.48,141.03,KG,103.93,155.13
PRC_00383,2026-05-09,BATTERY,LEAD_ACID,Bengaluru-Peenya Cluster,90.48,108.03,KG,81.43,118.83
PRC_00384,2026-05-09,BATTERY,BATTERY_LITHIUM_PORTABLE,Bengaluru-Peenya Cluster,125.48,156.03,KG,112.93,171.63
PRC_00385,2026-05-09,DISPLAY,LCD_PANEL_INTACT,Bengaluru-Peenya Cluster,155.48,216.03,PIECE,139.93,237.63
PRC_00386,2026-05-09,DISPLAY,CRT_MONITOR,Bengaluru-Peenya Cluster,65.48,96.03,PIECE,58.93,105.63
PRC_00387,2026-05-09,PLASTIC,MIXED_EWASTE_CASING,Bengaluru-Peenya Cluster,23.48,32.03,KG,21.13,35.23
PRC_00388,2026-05-09,PCB,MOTHERBOARD_HIGH_GRADE,Bhubaneswar-Cuttack Cluster,285.48,326.03,KG,256.93,358.63
PRC_00389,2026-05-09,PCB,POWER_SUPPLY_LOW_GRADE,Bhubaneswar-Cuttack Cluster,50.48,66.03,KG,45.43,72.63
PRC_00390,2026-05-09,CABLE,COPPER_HEAVY_INSULATED,Bhubaneswar-Cuttack Cluster,425.48,476.03,KG,382.93,523.63
PRC_00391,2026-05-09,CABLE,ALUMINIUM_WIRE,Bhubaneswar-Cuttack Cluster,115.48,141.03,KG,103.93,155.13
PRC_00392,2026-05-09,BATTERY,LEAD_ACID,Bhubaneswar-Cuttack Cluster,90.48,108.03,KG,81.43,118.83
PRC_00393,2026-05-09,BATTERY,BATTERY_LITHIUM_PORTABLE,Bhubaneswar-Cuttack Cluster,125.48,156.03,KG,112.93,171.63
PRC_00394,2026-05-09,DISPLAY,LCD_PANEL_INTACT,Bhubaneswar-Cuttack Cluster,155.48,216.03,PIECE,139.93,237.63
PRC_00395,2026-05-09,DISPLAY,CRT_MONITOR,Bhubaneswar-Cuttack Cluster,65.48,96.03,PIECE,58.93,105.63
PRC_00396,2026-05-09,PLASTIC,MIXED_EWASTE_CASING,Bhubaneswar-Cuttack Cluster,23.48,32.03,KG,21.13,35.23
PRC_00397,2026-05-09,PCB,MOTHERBOARD_HIGH_GRADE,Chennai-Ambattur Cluster,285.48,326.03,KG,256.93,358.63
PRC_00398,2026-05-09,PCB,POWER_SUPPLY_LOW_GRADE,Chennai-Ambattur Cluster,50.48,66.03,KG,45.43,72.63
PRC_00399,2026-05-09,CABLE,COPPER_HEAVY_INSULATED,Chennai-Ambattur Cluster,425.48,476.03,KG,382.93,523.63
PRC_00400,2026-05-09,CABLE,ALUMINIUM_WIRE,Chennai-Ambattur Cluster,115.48,141.03,KG,103.93,155.13
PRC_00401,2026-05-09,BATTERY,LEAD_ACID,Chennai-Ambattur Cluster,90.48,108.03,KG,81.43,118.83
PRC_00402,2026-05-09,BATTERY,BATTERY_LITHIUM_PORTABLE,Chennai-Ambattur Cluster,125.48,156.03,KG,112.93,171.63
PRC_00403,2026-05-09,DISPLAY,LCD_PANEL_INTACT,Chennai-Ambattur Cluster,155.48,216.03,PIECE,139.93,237.63
PRC_00404,2026-05-09,DISPLAY,CRT_MONITOR,Chennai-Ambattur Cluster,65.48,96.03,PIECE,58.93,105.63
PRC_00405,2026-05-09,PLASTIC,MIXED_EWASTE_CASING,Chennai-Ambattur Cluster,23.48,32.03,KG,21.13,35.23
PRC_00406,2026-05-10,PCB,MOTHERBOARD_HIGH_GRADE,Delhi-Mayapuri Cluster,287.63,328.39,KG,258.87,361.23
PRC_00407,2026-05-10,PCB,POWER_SUPPLY_LOW_GRADE,Delhi-Mayapuri Cluster,52.63,68.39,KG,47.37,75.23
PRC_00408,2026-05-10,CABLE,COPPER_HEAVY_INSULATED,Delhi-Mayapuri Cluster,427.63,478.39,KG,384.87,526.23
PRC_00409,2026-05-10,CABLE,ALUMINIUM_WIRE,Delhi-Mayapuri Cluster,117.63,143.39,KG,105.87,157.73
PRC_00410,2026-05-10,BATTERY,LEAD_ACID,Delhi-Mayapuri Cluster,92.63,110.39,KG,83.37,121.43
PRC_00411,2026-05-10,BATTERY,BATTERY_LITHIUM_PORTABLE,Delhi-Mayapuri Cluster,127.63,158.39,KG,114.87,174.23
PRC_00412,2026-05-10,DISPLAY,LCD_PANEL_INTACT,Delhi-Mayapuri Cluster,157.63,218.39,PIECE,141.87,240.23
PRC_00413,2026-05-10,DISPLAY,CRT_MONITOR,Delhi-Mayapuri Cluster,67.63,98.39,PIECE,60.87,108.23
PRC_00414,2026-05-10,PLASTIC,MIXED_EWASTE_CASING,Delhi-Mayapuri Cluster,25.63,34.39,KG,23.07,37.83
PRC_00415,2026-05-10,PCB,MOTHERBOARD_HIGH_GRADE,Mumbai-Dharavi Cluster,287.63,328.39,KG,258.87,361.23
PRC_00416,2026-05-10,PCB,POWER_SUPPLY_LOW_GRADE,Mumbai-Dharavi Cluster,52.63,68.39,KG,47.37,75.23
PRC_00417,2026-05-10,CABLE,COPPER_HEAVY_INSULATED,Mumbai-Dharavi Cluster,427.63,478.39,KG,384.87,526.23
PRC_00418,2026-05-10,CABLE,ALUMINIUM_WIRE,Mumbai-Dharavi Cluster,117.63,143.39,KG,105.87,157.73
PRC_00419,2026-05-10,BATTERY,LEAD_ACID,Mumbai-Dharavi Cluster,92.63,110.39,KG,83.37,121.43
PRC_00420,2026-05-10,BATTERY,BATTERY_LITHIUM_PORTABLE,Mumbai-Dharavi Cluster,127.63,158.39,KG,114.87,174.23
PRC_00421,2026-05-10,DISPLAY,LCD_PANEL_INTACT,Mumbai-Dharavi Cluster,157.63,218.39,PIECE,141.87,240.23
PRC_00422,2026-05-10,DISPLAY,CRT_MONITOR,Mumbai-Dharavi Cluster,67.63,98.39,PIECE,60.87,108.23
PRC_00423,2026-05-10,PLASTIC,MIXED_EWASTE_CASING,Mumbai-Dharavi Cluster,25.63,34.39,KG,23.07,37.83
PRC_00424,2026-05-10,PCB,MOTHERBOARD_HIGH_GRADE,Bengaluru-Peenya Cluster,287.63,328.39,KG,258.87,361.23
PRC_00425,2026-05-10,PCB,POWER_SUPPLY_LOW_GRADE,Bengaluru-Peenya Cluster,52.63,68.39,KG,47.37,75.23
PRC_00426,2026-05-10,CABLE,COPPER_HEAVY_INSULATED,Bengaluru-Peenya Cluster,427.63,478.39,KG,384.87,526.23
PRC_00427,2026-05-10,CABLE,ALUMINIUM_WIRE,Bengaluru-Peenya Cluster,117.63,143.39,KG,105.87,157.73
PRC_00428,2026-05-10,BATTERY,LEAD_ACID,Bengaluru-Peenya Cluster,92.63,110.39,KG,83.37,121.43
PRC_00429,2026-05-10,BATTERY,BATTERY_LITHIUM_PORTABLE,Bengaluru-Peenya Cluster,127.63,158.39,KG,114.87,174.23
PRC_00430,2026-05-10,DISPLAY,LCD_PANEL_INTACT,Bengaluru-Peenya Cluster,157.63,218.39,PIECE,141.87,240.23
PRC_00431,2026-05-10,DISPLAY,CRT_MONITOR,Bengaluru-Peenya Cluster,67.63,98.39,PIECE,60.87,108.23
PRC_00432,2026-05-10,PLASTIC,MIXED_EWASTE_CASING,Bengaluru-Peenya Cluster,25.63,34.39,KG,23.07,37.83
PRC_00433,2026-05-10,PCB,MOTHERBOARD_HIGH_GRADE,Bhubaneswar-Cuttack Cluster,287.63,328.39,KG,258.87,361.23
PRC_00434,2026-05-10,PCB,POWER_SUPPLY_LOW_GRADE,Bhubaneswar-Cuttack Cluster,52.63,68.39,KG,47.37,75.23
PRC_00435,2026-05-10,CABLE,COPPER_HEAVY_INSULATED,Bhubaneswar-Cuttack Cluster,427.63,478.39,KG,384.87,526.23
PRC_00436,2026-05-10,CABLE,ALUMINIUM_WIRE,Bhubaneswar-Cuttack Cluster,117.63,143.39,KG,105.87,157.73
PRC_00437,2026-05-10,BATTERY,LEAD_ACID,Bhubaneswar-Cuttack Cluster,92.63,110.39,KG,83.37,121.43
PRC_00438,2026-05-10,BATTERY,BATTERY_LITHIUM_PORTABLE,Bhubaneswar-Cuttack Cluster,127.63,158.39,KG,114.87,174.23
PRC_00439,2026-05-10,DISPLAY,LCD_PANEL_INTACT,Bhubaneswar-Cuttack Cluster,157.63,218.39,PIECE,141.87,240.23
PRC_00440,2026-05-10,DISPLAY,CRT_MONITOR,Bhubaneswar-Cuttack Cluster,67.63,98.39,PIECE,60.87,108.23
PRC_00441,2026-05-10,PLASTIC,MIXED_EWASTE_CASING,Bhubaneswar-Cuttack Cluster,25.63,34.39,KG,23.07,37.83
PRC_00442,2026-05-10,PCB,MOTHERBOARD_HIGH_GRADE,Chennai-Ambattur Cluster,287.63,328.39,KG,258.87,361.23
PRC_00443,2026-05-10,PCB,POWER_SUPPLY_LOW_GRADE,Chennai-Ambattur Cluster,52.63,68.39,KG,47.37,75.23
PRC_00444,2026-05-10,CABLE,COPPER_HEAVY_INSULATED,Chennai-Ambattur Cluster,427.63,478.39,KG,384.87,526.23
PRC_00445,2026-05-10,CABLE,ALUMINIUM_WIRE,Chennai-Ambattur Cluster,117.63,143.39,KG,105.87,157.73
PRC_00446,2026-05-10,BATTERY,LEAD_ACID,Chennai-Ambattur Cluster,92.63,110.39,KG,83.37,121.43
PRC_00447,2026-05-10,BATTERY,BATTERY_LITHIUM_PORTABLE,Chennai-Ambattur Cluster,127.63,158.39,KG,114.87,174.23
PRC_00448,2026-05-10,DISPLAY,LCD_PANEL_INTACT,Chennai-Ambattur Cluster,157.63,218.39,PIECE,141.87,240.23
PRC_00449,2026-05-10,DISPLAY,CRT_MONITOR,Chennai-Ambattur Cluster,67.63,98.39,PIECE,60.87,108.23
PRC_00450,2026-05-10,PLASTIC,MIXED_EWASTE_CASING,Chennai-Ambattur Cluster,25.63,34.39,KG,23.07,37.83
PRC_00451,2026-05-11,PCB,MOTHERBOARD_HIGH_GRADE,Delhi-Mayapuri Cluster,286.71,327.38,KG,258.04,360.12
PRC_00452,2026-05-11,PCB,POWER_SUPPLY_LOW_GRADE,Delhi-Mayapuri Cluster,51.71,67.38,KG,46.54,74.12
PRC_00453,2026-05-11,CABLE,COPPER_HEAVY_INSULATED,Delhi-Mayapuri Cluster,426.71,477.38,KG,384.04,525.12
PRC_00454,2026-05-11,CABLE,ALUMINIUM_WIRE,Delhi-Mayapuri Cluster,116.71,142.38,KG,105.04,156.62
PRC_00455,2026-05-11,BATTERY,LEAD_ACID,Delhi-Mayapuri Cluster,91.71,109.38,KG,82.54,120.32
PRC_00456,2026-05-11,BATTERY,BATTERY_LITHIUM_PORTABLE,Delhi-Mayapuri Cluster,126.71,157.38,KG,114.04,173.12
PRC_00457,2026-05-11,DISPLAY,LCD_PANEL_INTACT,Delhi-Mayapuri Cluster,156.71,217.38,PIECE,141.04,239.12
PRC_00458,2026-05-11,DISPLAY,CRT_MONITOR,Delhi-Mayapuri Cluster,66.71,97.38,PIECE,60.04,107.12
PRC_00459,2026-05-11,PLASTIC,MIXED_EWASTE_CASING,Delhi-Mayapuri Cluster,24.71,33.38,KG,22.24,36.72
PRC_00460,2026-05-11,PCB,MOTHERBOARD_HIGH_GRADE,Mumbai-Dharavi Cluster,286.71,327.38,KG,258.04,360.12
PRC_00461,2026-05-11,PCB,POWER_SUPPLY_LOW_GRADE,Mumbai-Dharavi Cluster,51.71,67.38,KG,46.54,74.12
PRC_00462,2026-05-11,CABLE,COPPER_HEAVY_INSULATED,Mumbai-Dharavi Cluster,426.71,477.38,KG,384.04,525.12
PRC_00463,2026-05-11,CABLE,ALUMINIUM_WIRE,Mumbai-Dharavi Cluster,116.71,142.38,KG,105.04,156.62
PRC_00464,2026-05-11,BATTERY,LEAD_ACID,Mumbai-Dharavi Cluster,91.71,109.38,KG,82.54,120.32
PRC_00465,2026-05-11,BATTERY,BATTERY_LITHIUM_PORTABLE,Mumbai-Dharavi Cluster,126.71,157.38,KG,114.04,173.12
PRC_00466,2026-05-11,DISPLAY,LCD_PANEL_INTACT,Mumbai-Dharavi Cluster,156.71,217.38,PIECE,141.04,239.12
PRC_00467,2026-05-11,DISPLAY,CRT_MONITOR,Mumbai-Dharavi Cluster,66.71,97.38,PIECE,60.04,107.12
PRC_00468,2026-05-11,PLASTIC,MIXED_EWASTE_CASING,Mumbai-Dharavi Cluster,24.71,33.38,KG,22.24,36.72
PRC_00469,2026-05-11,PCB,MOTHERBOARD_HIGH_GRADE,Bengaluru-Peenya Cluster,286.71,327.38,KG,258.04,360.12
PRC_00470,2026-05-11,PCB,POWER_SUPPLY_LOW_GRADE,Bengaluru-Peenya Cluster,51.71,67.38,KG,46.54,74.12
PRC_00471,2026-05-11,CABLE,COPPER_HEAVY_INSULATED,Bengaluru-Peenya Cluster,426.71,477.38,KG,384.04,525.12
PRC_00472,2026-05-11,CABLE,ALUMINIUM_WIRE,Bengaluru-Peenya Cluster,116.71,142.38,KG,105.04,156.62
PRC_00473,2026-05-11,BATTERY,LEAD_ACID,Bengaluru-Peenya Cluster,91.71,109.38,KG,82.54,120.32
PRC_00474,2026-05-11,BATTERY,BATTERY_LITHIUM_PORTABLE,Bengaluru-Peenya Cluster,126.71,157.38,KG,114.04,173.12
PRC_00475,2026-05-11,DISPLAY,LCD_PANEL_INTACT,Bengaluru-Peenya Cluster,156.71,217.38,PIECE,141.04,239.12
PRC_00476,2026-05-11,DISPLAY,CRT_MONITOR,Bengaluru-Peenya Cluster,66.71,97.38,PIECE,60.04,107.12
PRC_00477,2026-05-11,PLASTIC,MIXED_EWASTE_CASING,Bengaluru-Peenya Cluster,24.71,33.38,KG,22.24,36.72
PRC_00478,2026-05-11,PCB,MOTHERBOARD_HIGH_GRADE,Bhubaneswar-Cuttack Cluster,286.71,327.38,KG,258.04,360.12
PRC_00479,2026-05-11,PCB,POWER_SUPPLY_LOW_GRADE,Bhubaneswar-Cuttack Cluster,51.71,67.38,KG,46.54,74.12
PRC_00480,2026-05-11,CABLE,COPPER_HEAVY_INSULATED,Bhubaneswar-Cuttack Cluster,426.71,477.38,KG,384.04,525.12
PRC_00481,2026-05-11,CABLE,ALUMINIUM_WIRE,Bhubaneswar-Cuttack Cluster,116.71,142.38,KG,105.04,156.62
PRC_00482,2026-05-11,BATTERY,LEAD_ACID,Bhubaneswar-Cuttack Cluster,91.71,109.38,KG,82.54,120.32
PRC_00483,2026-05-11,BATTERY,BATTERY_LITHIUM_PORTABLE,Bhubaneswar-Cuttack Cluster,126.71,157.38,KG,114.04,173.12
PRC_00484,2026-05-11,DISPLAY,LCD_PANEL_INTACT,Bhubaneswar-Cuttack Cluster,156.71,217.38,PIECE,141.04,239.12
PRC_00485,2026-05-11,DISPLAY,CRT_MONITOR,Bhubaneswar-Cuttack Cluster,66.71,97.38,PIECE,60.04,107.12
PRC_00486,2026-05-11,PLASTIC,MIXED_EWASTE_CASING,Bhubaneswar-Cuttack Cluster,24.71,33.38,KG,22.24,36.72
PRC_00487,2026-05-11,PCB,MOTHERBOARD_HIGH_GRADE,Chennai-Ambattur Cluster,286.71,327.38,KG,258.04,360.12
PRC_00488,2026-05-11,PCB,POWER_SUPPLY_LOW_GRADE,Chennai-Ambattur Cluster,51.71,67.38,KG,46.54,74.12
PRC_00489,2026-05-11,CABLE,COPPER_HEAVY_INSULATED,Chennai-Ambattur Cluster,426.71,477.38,KG,384.04,525.12
PRC_00490,2026-05-11,CABLE,ALUMINIUM_WIRE,Chennai-Ambattur Cluster,116.71,142.38,KG,105.04,156.62
PRC_00491,2026-05-11,BATTERY,LEAD_ACID,Chennai-Ambattur Cluster,91.71,109.38,KG,82.54,120.32
PRC_00492,2026-05-11,BATTERY,BATTERY_LITHIUM_PORTABLE,Chennai-Ambattur Cluster,126.71,157.38,KG,114.04,173.12
PRC_00493,2026-05-11,DISPLAY,LCD_PANEL_INTACT,Chennai-Ambattur Cluster,156.71,217.38,PIECE,141.04,239.12
PRC_00494,2026-05-11,DISPLAY,CRT_MONITOR,Chennai-Ambattur Cluster,66.71,97.38,PIECE,60.04,107.12
PRC_00495,2026-05-11,PLASTIC,MIXED_EWASTE_CASING,Chennai-Ambattur Cluster,24.71,33.38,KG,22.24,36.72
PRC_00496,2026-05-12,PCB,MOTHERBOARD_HIGH_GRADE,Delhi-Mayapuri Cluster,287.24,327.96,KG,258.52,360.76
PRC_00497,2026-05-12,PCB,POWER_SUPPLY_LOW_GRADE,Delhi-Mayapuri Cluster,52.24,67.96,KG,47.02,74.76
PRC_00498,2026-05-12,CABLE,COPPER_HEAVY_INSULATED,Delhi-Mayapuri Cluster,427.24,477.96,KG,384.52,525.76
PRC_00499,2026-05-12,CABLE,ALUMINIUM_WIRE,Delhi-Mayapuri Cluster,117.24,142.96,KG,105.52,157.26
PRC_00500,2026-05-12,BATTERY,LEAD_ACID,Delhi-Mayapuri Cluster,92.24,109.96,KG,83.02,120.96
PRC_00501,2026-05-12,BATTERY,BATTERY_LITHIUM_PORTABLE,Delhi-Mayapuri Cluster,127.24,157.96,KG,114.52,173.76
PRC_00502,2026-05-12,DISPLAY,LCD_PANEL_INTACT,Delhi-Mayapuri Cluster,157.24,217.96,PIECE,141.52,239.76
PRC_00503,2026-05-12,DISPLAY,CRT_MONITOR,Delhi-Mayapuri Cluster,67.24,97.96,PIECE,60.52,107.76
PRC_00504,2026-05-12,PLASTIC,MIXED_EWASTE_CASING,Delhi-Mayapuri Cluster,25.24,33.96,KG,22.72,37.36
PRC_00505,2026-05-12,PCB,MOTHERBOARD_HIGH_GRADE,Mumbai-Dharavi Cluster,287.24,327.96,KG,258.52,360.76
PRC_00506,2026-05-12,PCB,POWER_SUPPLY_LOW_GRADE,Mumbai-Dharavi Cluster,52.24,67.96,KG,47.02,74.76
PRC_00507,2026-05-12,CABLE,COPPER_HEAVY_INSULATED,Mumbai-Dharavi Cluster,427.24,477.96,KG,384.52,525.76
PRC_00508,2026-05-12,CABLE,ALUMINIUM_WIRE,Mumbai-Dharavi Cluster,117.24,142.96,KG,105.52,157.26
PRC_00509,2026-05-12,BATTERY,LEAD_ACID,Mumbai-Dharavi Cluster,92.24,109.96,KG,83.02,120.96
PRC_00510,2026-05-12,BATTERY,BATTERY_LITHIUM_PORTABLE,Mumbai-Dharavi Cluster,127.24,157.96,KG,114.52,173.76
PRC_00511,2026-05-12,DISPLAY,LCD_PANEL_INTACT,Mumbai-Dharavi Cluster,157.24,217.96,PIECE,141.52,239.76
PRC_00512,2026-05-12,DISPLAY,CRT_MONITOR,Mumbai-Dharavi Cluster,67.24,97.96,PIECE,60.52,107.76
PRC_00513,2026-05-12,PLASTIC,MIXED_EWASTE_CASING,Mumbai-Dharavi Cluster,25.24,33.96,KG,22.72,37.36
PRC_00514,2026-05-12,PCB,MOTHERBOARD_HIGH_GRADE,Bengaluru-Peenya Cluster,287.24,327.96,KG,258.52,360.76
PRC_00515,2026-05-12,PCB,POWER_SUPPLY_LOW_GRADE,Bengaluru-Peenya Cluster,52.24,67.96,KG,47.02,74.76
PRC_00516,2026-05-12,CABLE,COPPER_HEAVY_INSULATED,Bengaluru-Peenya Cluster,427.24,477.96,KG,384.52,525.76
PRC_00517,2026-05-12,CABLE,ALUMINIUM_WIRE,Bengaluru-Peenya Cluster,117.24,142.96,KG,105.52,157.26
PRC_00518,2026-05-12,BATTERY,LEAD_ACID,Bengaluru-Peenya Cluster,92.24,109.96,KG,83.02,120.96
PRC_00519,2026-05-12,BATTERY,BATTERY_LITHIUM_PORTABLE,Bengaluru-Peenya Cluster,127.24,157.96,KG,114.52,173.76
PRC_00520,2026-05-12,DISPLAY,LCD_PANEL_INTACT,Bengaluru-Peenya Cluster,157.24,217.96,PIECE,141.52,239.76
PRC_00521,2026-05-12,DISPLAY,CRT_MONITOR,Bengaluru-Peenya Cluster,67.24,97.96,PIECE,60.52,107.76
PRC_00522,2026-05-12,PLASTIC,MIXED_EWASTE_CASING,Bengaluru-Peenya Cluster,25.24,33.96,KG,22.72,37.36
PRC_00523,2026-05-12,PCB,MOTHERBOARD_HIGH_GRADE,Bhubaneswar-Cuttack Cluster,287.24,327.96,KG,258.52,360.76
PRC_00524,2026-05-12,PCB,POWER_SUPPLY_LOW_GRADE,Bhubaneswar-Cuttack Cluster,52.24,67.96,KG,47.02,74.76
PRC_00525,2026-05-12,CABLE,COPPER_HEAVY_INSULATED,Bhubaneswar-Cuttack Cluster,427.24,477.96,KG,384.52,525.76
PRC_00526,2026-05-12,CABLE,ALUMINIUM_WIRE,Bhubaneswar-Cuttack Cluster,117.24,142.96,KG,105.52,157.26
PRC_00527,2026-05-12,BATTERY,LEAD_ACID,Bhubaneswar-Cuttack Cluster,92.24,109.96,KG,83.02,120.96
PRC_00528,2026-05-12,BATTERY,BATTERY_LITHIUM_PORTABLE,Bhubaneswar-Cuttack Cluster,127.24,157.96,KG,114.52,173.76
PRC_00529,2026-05-12,DISPLAY,LCD_PANEL_INTACT,Bhubaneswar-Cuttack Cluster,157.24,217.96,PIECE,141.52,239.76
PRC_00530,2026-05-12,DISPLAY,CRT_MONITOR,Bhubaneswar-Cuttack Cluster,67.24,97.96,PIECE,60.52,107.76
PRC_00531,2026-05-12,PLASTIC,MIXED_EWASTE_CASING,Bhubaneswar-Cuttack Cluster,25.24,33.96,KG,22.72,37.36
PRC_00532,2026-05-12,PCB,MOTHERBOARD_HIGH_GRADE,Chennai-Ambattur Cluster,287.24,327.96,KG,258.52,360.76
PRC_00533,2026-05-12,PCB,POWER_SUPPLY_LOW_GRADE,Chennai-Ambattur Cluster,52.24,67.96,KG,47.02,74.76
PRC_00534,2026-05-12,CABLE,COPPER_HEAVY_INSULATED,Chennai-Ambattur Cluster,427.24,477.96,KG,384.52,525.76
PRC_00535,2026-05-12,CABLE,ALUMINIUM_WIRE,Chennai-Ambattur Cluster,117.24,142.96,KG,105.52,157.26
PRC_00536,2026-05-12,BATTERY,LEAD_ACID,Chennai-Ambattur Cluster,92.24,109.96,KG,83.02,120.96
PRC_00537,2026-05-12,BATTERY,BATTERY_LITHIUM_PORTABLE,Chennai-Ambattur Cluster,127.24,157.96,KG,114.52,173.76
PRC_00538,2026-05-12,DISPLAY,LCD_PANEL_INTACT,Chennai-Ambattur Cluster,157.24,217.96,PIECE,141.52,239.76
PRC_00539,2026-05-12,DISPLAY,CRT_MONITOR,Chennai-Ambattur Cluster,67.24,97.96,PIECE,60.52,107.76
PRC_00540,2026-05-12,PLASTIC,MIXED_EWASTE_CASING,Chennai-Ambattur Cluster,25.24,33.96,KG,22.72,37.36
PRC_00541,2026-05-13,PCB,MOTHERBOARD_HIGH_GRADE,Delhi-Mayapuri Cluster,288.78,329.66,KG,259.9,362.63
PRC_00542,2026-05-13,PCB,POWER_SUPPLY_LOW_GRADE,Delhi-Mayapuri Cluster,53.78,69.66,KG,48.4,76.63
PRC_00543,2026-05-13,CABLE,COPPER_HEAVY_INSULATED,Delhi-Mayapuri Cluster,428.78,479.66,KG,385.9,527.63
PRC_00544,2026-05-13,CABLE,ALUMINIUM_WIRE,Delhi-Mayapuri Cluster,118.78,144.66,KG,106.9,159.13
PRC_00545,2026-05-13,BATTERY,LEAD_ACID,Delhi-Mayapuri Cluster,93.78,111.66,KG,84.4,122.83
PRC_00546,2026-05-13,BATTERY,BATTERY_LITHIUM_PORTABLE,Delhi-Mayapuri Cluster,128.78,159.66,KG,115.9,175.63
PRC_00547,2026-05-13,DISPLAY,LCD_PANEL_INTACT,Delhi-Mayapuri Cluster,158.78,219.66,PIECE,142.9,241.63
PRC_00548,2026-05-13,DISPLAY,CRT_MONITOR,Delhi-Mayapuri Cluster,68.78,99.66,PIECE,61.9,109.63
PRC_00549,2026-05-13,PLASTIC,MIXED_EWASTE_CASING,Delhi-Mayapuri Cluster,26.78,35.66,KG,24.1,39.23
PRC_00550,2026-05-13,PCB,MOTHERBOARD_HIGH_GRADE,Mumbai-Dharavi Cluster,288.78,329.66,KG,259.9,362.63
PRC_00551,2026-05-13,PCB,POWER_SUPPLY_LOW_GRADE,Mumbai-Dharavi Cluster,53.78,69.66,KG,48.4,76.63
PRC_00552,2026-05-13,CABLE,COPPER_HEAVY_INSULATED,Mumbai-Dharavi Cluster,428.78,479.66,KG,385.9,527.63
PRC_00553,2026-05-13,CABLE,ALUMINIUM_WIRE,Mumbai-Dharavi Cluster,118.78,144.66,KG,106.9,159.13
PRC_00554,2026-05-13,BATTERY,LEAD_ACID,Mumbai-Dharavi Cluster,93.78,111.66,KG,84.4,122.83
PRC_00555,2026-05-13,BATTERY,BATTERY_LITHIUM_PORTABLE,Mumbai-Dharavi Cluster,128.78,159.66,KG,115.9,175.63
PRC_00556,2026-05-13,DISPLAY,LCD_PANEL_INTACT,Mumbai-Dharavi Cluster,158.78,219.66,PIECE,142.9,241.63
PRC_00557,2026-05-13,DISPLAY,CRT_MONITOR,Mumbai-Dharavi Cluster,68.78,99.66,PIECE,61.9,109.63
PRC_00558,2026-05-13,PLASTIC,MIXED_EWASTE_CASING,Mumbai-Dharavi Cluster,26.78,35.66,KG,24.1,39.23
PRC_00559,2026-05-13,PCB,MOTHERBOARD_HIGH_GRADE,Bengaluru-Peenya Cluster,288.78,329.66,KG,259.9,362.63
PRC_00560,2026-05-13,PCB,POWER_SUPPLY_LOW_GRADE,Bengaluru-Peenya Cluster,53.78,69.66,KG,48.4,76.63
PRC_00561,2026-05-13,CABLE,COPPER_HEAVY_INSULATED,Bengaluru-Peenya Cluster,428.78,479.66,KG,385.9,527.63
PRC_00562,2026-05-13,CABLE,ALUMINIUM_WIRE,Bengaluru-Peenya Cluster,118.78,144.66,KG,106.9,159.13
PRC_00563,2026-05-13,BATTERY,LEAD_ACID,Bengaluru-Peenya Cluster,93.78,111.66,KG,84.4,122.83
PRC_00564,2026-05-13,BATTERY,BATTERY_LITHIUM_PORTABLE,Bengaluru-Peenya Cluster,128.78,159.66,KG,115.9,175.63
PRC_00565,2026-05-13,DISPLAY,LCD_PANEL_INTACT,Bengaluru-Peenya Cluster,158.78,219.66,PIECE,142.9,241.63
PRC_00566,2026-05-13,DISPLAY,CRT_MONITOR,Bengaluru-Peenya Cluster,68.78,99.66,PIECE,61.9,109.63
PRC_00567,2026-05-13,PLASTIC,MIXED_EWASTE_CASING,Bengaluru-Peenya Cluster,26.78,35.66,KG,24.1,39.23
PRC_00568,2026-05-13,PCB,MOTHERBOARD_HIGH_GRADE,Bhubaneswar-Cuttack Cluster,288.78,329.66,KG,259.9,362.63
PRC_00569,2026-05-13,PCB,POWER_SUPPLY_LOW_GRADE,Bhubaneswar-Cuttack Cluster,53.78,69.66,KG,48.4,76.63
PRC_00570,2026-05-13,CABLE,COPPER_HEAVY_INSULATED,Bhubaneswar-Cuttack Cluster,428.78,479.66,KG,385.9,527.63
PRC_00571,2026-05-13,CABLE,ALUMINIUM_WIRE,Bhubaneswar-Cuttack Cluster,118.78,144.66,KG,106.9,159.13
PRC_00572,2026-05-13,BATTERY,LEAD_ACID,Bhubaneswar-Cuttack Cluster,93.78,111.66,KG,84.4,122.83
PRC_00573,2026-05-13,BATTERY,BATTERY_LITHIUM_PORTABLE,Bhubaneswar-Cuttack Cluster,128.78,159.66,KG,115.9,175.63
PRC_00574,2026-05-13,DISPLAY,LCD_PANEL_INTACT,Bhubaneswar-Cuttack Cluster,158.78,219.66,PIECE,142.9,241.63
PRC_00575,2026-05-13,DISPLAY,CRT_MONITOR,Bhubaneswar-Cuttack Cluster,68.78,99.66,PIECE,61.9,109.63
PRC_00576,2026-05-13,PLASTIC,MIXED_EWASTE_CASING,Bhubaneswar-Cuttack Cluster,26.78,35.66,KG,24.1,39.23
PRC_00577,2026-05-13,PCB,MOTHERBOARD_HIGH_GRADE,Chennai-Ambattur Cluster,288.78,329.66,KG,259.9,362.63
PRC_00578,2026-05-13,PCB,POWER_SUPPLY_LOW_GRADE,Chennai-Ambattur Cluster,53.78,69.66,KG,48.4,76.63
PRC_00579,2026-05-13,CABLE,COPPER_HEAVY_INSULATED,Chennai-Ambattur Cluster,428.78,479.66,KG,385.9,527.63
PRC_00580,2026-05-13,CABLE,ALUMINIUM_WIRE,Chennai-Ambattur Cluster,118.78,144.66,KG,106.9,159.13
PRC_00581,2026-05-13,BATTERY,LEAD_ACID,Chennai-Ambattur Cluster,93.78,111.66,KG,84.4,122.83
PRC_00582,2026-05-13,BATTERY,BATTERY_LITHIUM_PORTABLE,Chennai-Ambattur Cluster,128.78,159.66,KG,115.9,175.63
PRC_00583,2026-05-13,DISPLAY,LCD_PANEL_INTACT,Chennai-Ambattur Cluster,158.78,219.66,PIECE,142.9,241.63
PRC_00584,2026-05-13,DISPLAY,CRT_MONITOR,Chennai-Ambattur Cluster,68.78,99.66,PIECE,61.9,109.63
PRC_00585,2026-05-13,PLASTIC,MIXED_EWASTE_CASING,Chennai-Ambattur Cluster,26.78,35.66,KG,24.1,39.23
PRC_00586,2026-05-14,PCB,MOTHERBOARD_HIGH_GRADE,Delhi-Mayapuri Cluster,285.97,326.56,KG,257.37,359.22
PRC_00587,2026-05-14,PCB,POWER_SUPPLY_LOW_GRADE,Delhi-Mayapuri Cluster,50.97,66.56,KG,45.87,73.22
PRC_00588,2026-05-14,CABLE,COPPER_HEAVY_INSULATED,Delhi-Mayapuri Cluster,425.97,476.56,KG,383.37,524.22
PRC_00589,2026-05-14,CABLE,ALUMINIUM_WIRE,Delhi-Mayapuri Cluster,115.97,141.56,KG,104.37,155.72
PRC_00590,2026-05-14,BATTERY,LEAD_ACID,Delhi-Mayapuri Cluster,90.97,108.56,KG,81.87,119.42
PRC_00591,2026-05-14,BATTERY,BATTERY_LITHIUM_PORTABLE,Delhi-Mayapuri Cluster,125.97,156.56,KG,113.37,172.22
PRC_00592,2026-05-14,DISPLAY,LCD_PANEL_INTACT,Delhi-Mayapuri Cluster,155.97,216.56,PIECE,140.37,238.22
PRC_00593,2026-05-14,DISPLAY,CRT_MONITOR,Delhi-Mayapuri Cluster,65.97,96.56,PIECE,59.37,106.22
PRC_00594,2026-05-14,PLASTIC,MIXED_EWASTE_CASING,Delhi-Mayapuri Cluster,23.97,32.56,KG,21.57,35.82
PRC_00595,2026-05-14,PCB,MOTHERBOARD_HIGH_GRADE,Mumbai-Dharavi Cluster,285.97,326.56,KG,257.37,359.22
PRC_00596,2026-05-14,PCB,POWER_SUPPLY_LOW_GRADE,Mumbai-Dharavi Cluster,50.97,66.56,KG,45.87,73.22
PRC_00597,2026-05-14,CABLE,COPPER_HEAVY_INSULATED,Mumbai-Dharavi Cluster,425.97,476.56,KG,383.37,524.22
PRC_00598,2026-05-14,CABLE,ALUMINIUM_WIRE,Mumbai-Dharavi Cluster,115.97,141.56,KG,104.37,155.72
PRC_00599,2026-05-14,BATTERY,LEAD_ACID,Mumbai-Dharavi Cluster,90.97,108.56,KG,81.87,119.42
PRC_00600,2026-05-14,BATTERY,BATTERY_LITHIUM_PORTABLE,Mumbai-Dharavi Cluster,125.97,156.56,KG,113.37,172.22
PRC_00601,2026-05-14,DISPLAY,LCD_PANEL_INTACT,Mumbai-Dharavi Cluster,155.97,216.56,PIECE,140.37,238.22
PRC_00602,2026-05-14,DISPLAY,CRT_MONITOR,Mumbai-Dharavi Cluster,65.97,96.56,PIECE,59.37,106.22
PRC_00603,2026-05-14,PLASTIC,MIXED_EWASTE_CASING,Mumbai-Dharavi Cluster,23.97,32.56,KG,21.57,35.82
PRC_00604,2026-05-14,PCB,MOTHERBOARD_HIGH_GRADE,Bengaluru-Peenya Cluster,285.97,326.56,KG,257.37,359.22
PRC_00605,2026-05-14,PCB,POWER_SUPPLY_LOW_GRADE,Bengaluru-Peenya Cluster,50.97,66.56,KG,45.87,73.22
PRC_00606,2026-05-14,CABLE,COPPER_HEAVY_INSULATED,Bengaluru-Peenya Cluster,425.97,476.56,KG,383.37,524.22
PRC_00607,2026-05-14,CABLE,ALUMINIUM_WIRE,Bengaluru-Peenya Cluster,115.97,141.56,KG,104.37,155.72
PRC_00608,2026-05-14,BATTERY,LEAD_ACID,Bengaluru-Peenya Cluster,90.97,108.56,KG,81.87,119.42
PRC_00609,2026-05-14,BATTERY,BATTERY_LITHIUM_PORTABLE,Bengaluru-Peenya Cluster,125.97,156.56,KG,113.37,172.22
PRC_00610,2026-05-14,DISPLAY,LCD_PANEL_INTACT,Bengaluru-Peenya Cluster,155.97,216.56,PIECE,140.37,238.22
PRC_00611,2026-05-14,DISPLAY,CRT_MONITOR,Bengaluru-Peenya Cluster,65.97,96.56,PIECE,59.37,106.22
PRC_00612,2026-05-14,PLASTIC,MIXED_EWASTE_CASING,Bengaluru-Peenya Cluster,23.97,32.56,KG,21.57,35.82
PRC_00613,2026-05-14,PCB,MOTHERBOARD_HIGH_GRADE,Bhubaneswar-Cuttack Cluster,285.97,326.56,KG,257.37,359.22
PRC_00614,2026-05-14,PCB,POWER_SUPPLY_LOW_GRADE,Bhubaneswar-Cuttack Cluster,50.97,66.56,KG,45.87,73.22
PRC_00615,2026-05-14,CABLE,COPPER_HEAVY_INSULATED,Bhubaneswar-Cuttack Cluster,425.97,476.56,KG,383.37,524.22
PRC_00616,2026-05-14,CABLE,ALUMINIUM_WIRE,Bhubaneswar-Cuttack Cluster,115.97,141.56,KG,104.37,155.72
PRC_00617,2026-05-14,BATTERY,LEAD_ACID,Bhubaneswar-Cuttack Cluster,90.97,108.56,KG,81.87,119.42
PRC_00618,2026-05-14,BATTERY,BATTERY_LITHIUM_PORTABLE,Bhubaneswar-Cuttack Cluster,125.97,156.56,KG,113.37,172.22
PRC_00619,2026-05-14,DISPLAY,LCD_PANEL_INTACT,Bhubaneswar-Cuttack Cluster,155.97,216.56,PIECE,140.37,238.22
PRC_00620,2026-05-14,DISPLAY,CRT_MONITOR,Bhubaneswar-Cuttack Cluster,65.97,96.56,PIECE,59.37,106.22
PRC_00621,2026-05-14,PLASTIC,MIXED_EWASTE_CASING,Bhubaneswar-Cuttack Cluster,23.97,32.56,KG,21.57,35.82
PRC_00622,2026-05-14,PCB,MOTHERBOARD_HIGH_GRADE,Chennai-Ambattur Cluster,285.97,326.56,KG,257.37,359.22
PRC_00623,2026-05-14,PCB,POWER_SUPPLY_LOW_GRADE,Chennai-Ambattur Cluster,50.97,66.56,KG,45.87,73.22
PRC_00624,2026-05-14,CABLE,COPPER_HEAVY_INSULATED,Chennai-Ambattur Cluster,425.97,476.56,KG,383.37,524.22
PRC_00625,2026-05-14,CABLE,ALUMINIUM_WIRE,Chennai-Ambattur Cluster,115.97,141.56,KG,104.37,155.72
PRC_00626,2026-05-14,BATTERY,LEAD_ACID,Chennai-Ambattur Cluster,90.97,108.56,KG,81.87,119.42
PRC_00627,2026-05-14,BATTERY,BATTERY_LITHIUM_PORTABLE,Chennai-Ambattur Cluster,125.97,156.56,KG,113.37,172.22
PRC_00628,2026-05-14,DISPLAY,LCD_PANEL_INTACT,Chennai-Ambattur Cluster,155.97,216.56,PIECE,140.37,238.22
PRC_00629,2026-05-14,DISPLAY,CRT_MONITOR,Chennai-Ambattur Cluster,65.97,96.56,PIECE,59.37,106.22
PRC_00630,2026-05-14,PLASTIC,MIXED_EWASTE_CASING,Chennai-Ambattur Cluster,23.97,32.56,KG,21.57,35.82
PRC_00631,2026-05-15,PCB,MOTHERBOARD_HIGH_GRADE,Delhi-Mayapuri Cluster,286.61,327.27,KG,257.95,360.0
PRC_00632,2026-05-15,PCB,POWER_SUPPLY_LOW_GRADE,Delhi-Mayapuri Cluster,51.61,67.27,KG,46.45,74.0
PRC_00633,2026-05-15,CABLE,COPPER_HEAVY_INSULATED,Delhi-Mayapuri Cluster,426.61,477.27,KG,383.95,525.0
PRC_00634,2026-05-15,CABLE,ALUMINIUM_WIRE,Delhi-Mayapuri Cluster,116.61,142.27,KG,104.95,156.5
PRC_00635,2026-05-15,BATTERY,LEAD_ACID,Delhi-Mayapuri Cluster,91.61,109.27,KG,82.45,120.2
PRC_00636,2026-05-15,BATTERY,BATTERY_LITHIUM_PORTABLE,Delhi-Mayapuri Cluster,126.61,157.27,KG,113.95,173.0
PRC_00637,2026-05-15,DISPLAY,LCD_PANEL_INTACT,Delhi-Mayapuri Cluster,156.61,217.27,PIECE,140.95,239.0
PRC_00638,2026-05-15,DISPLAY,CRT_MONITOR,Delhi-Mayapuri Cluster,66.61,97.27,PIECE,59.95,107.0
PRC_00639,2026-05-15,PLASTIC,MIXED_EWASTE_CASING,Delhi-Mayapuri Cluster,24.61,33.27,KG,22.15,36.6
PRC_00640,2026-05-15,PCB,MOTHERBOARD_HIGH_GRADE,Mumbai-Dharavi Cluster,286.61,327.27,KG,257.95,360.0
PRC_00641,2026-05-15,PCB,POWER_SUPPLY_LOW_GRADE,Mumbai-Dharavi Cluster,51.61,67.27,KG,46.45,74.0
PRC_00642,2026-05-15,CABLE,COPPER_HEAVY_INSULATED,Mumbai-Dharavi Cluster,426.61,477.27,KG,383.95,525.0
PRC_00643,2026-05-15,CABLE,ALUMINIUM_WIRE,Mumbai-Dharavi Cluster,116.61,142.27,KG,104.95,156.5
PRC_00644,2026-05-15,BATTERY,LEAD_ACID,Mumbai-Dharavi Cluster,91.61,109.27,KG,82.45,120.2
PRC_00645,2026-05-15,BATTERY,BATTERY_LITHIUM_PORTABLE,Mumbai-Dharavi Cluster,126.61,157.27,KG,113.95,173.0
PRC_00646,2026-05-15,DISPLAY,LCD_PANEL_INTACT,Mumbai-Dharavi Cluster,156.61,217.27,PIECE,140.95,239.0
PRC_00647,2026-05-15,DISPLAY,CRT_MONITOR,Mumbai-Dharavi Cluster,66.61,97.27,PIECE,59.95,107.0
PRC_00648,2026-05-15,PLASTIC,MIXED_EWASTE_CASING,Mumbai-Dharavi Cluster,24.61,33.27,KG,22.15,36.6
PRC_00649,2026-05-15,PCB,MOTHERBOARD_HIGH_GRADE,Bengaluru-Peenya Cluster,286.61,327.27,KG,257.95,360.0
PRC_00650,2026-05-15,PCB,POWER_SUPPLY_LOW_GRADE,Bengaluru-Peenya Cluster,51.61,67.27,KG,46.45,74.0
PRC_00651,2026-05-15,CABLE,COPPER_HEAVY_INSULATED,Bengaluru-Peenya Cluster,426.61,477.27,KG,383.95,525.0
PRC_00652,2026-05-15,CABLE,ALUMINIUM_WIRE,Bengaluru-Peenya Cluster,116.61,142.27,KG,104.95,156.5
PRC_00653,2026-05-15,BATTERY,LEAD_ACID,Bengaluru-Peenya Cluster,91.61,109.27,KG,82.45,120.2
PRC_00654,2026-05-15,BATTERY,BATTERY_LITHIUM_PORTABLE,Bengaluru-Peenya Cluster,126.61,157.27,KG,113.95,173.0
PRC_00655,2026-05-15,DISPLAY,LCD_PANEL_INTACT,Bengaluru-Peenya Cluster,156.61,217.27,PIECE,140.95,239.0
PRC_00656,2026-05-15,DISPLAY,CRT_MONITOR,Bengaluru-Peenya Cluster,66.61,97.27,PIECE,59.95,107.0
PRC_00657,2026-05-15,PLASTIC,MIXED_EWASTE_CASING,Bengaluru-Peenya Cluster,24.61,33.27,KG,22.15,36.6
PRC_00658,2026-05-15,PCB,MOTHERBOARD_HIGH_GRADE,Bhubaneswar-Cuttack Cluster,286.61,327.27,KG,257.95,360.0
PRC_00659,2026-05-15,PCB,POWER_SUPPLY_LOW_GRADE,Bhubaneswar-Cuttack Cluster,51.61,67.27,KG,46.45,74.0
PRC_00660,2026-05-15,CABLE,COPPER_HEAVY_INSULATED,Bhubaneswar-Cuttack Cluster,426.61,477.27,KG,383.95,525.0
PRC_00661,2026-05-15,CABLE,ALUMINIUM_WIRE,Bhubaneswar-Cuttack Cluster,116.61,142.27,KG,104.95,156.5
PRC_00662,2026-05-15,BATTERY,LEAD_ACID,Bhubaneswar-Cuttack Cluster,91.61,109.27,KG,82.45,120.2
PRC_00663,2026-05-15,BATTERY,BATTERY_LITHIUM_PORTABLE,Bhubaneswar-Cuttack Cluster,126.61,157.27,KG,113.95,173.0
PRC_00664,2026-05-15,DISPLAY,LCD_PANEL_INTACT,Bhubaneswar-Cuttack Cluster,156.61,217.27,PIECE,140.95,239.0
PRC_00665,2026-05-15,DISPLAY,CRT_MONITOR,Bhubaneswar-Cuttack Cluster,66.61,97.27,PIECE,59.95,107.0
PRC_00666,2026-05-15,PLASTIC,MIXED_EWASTE_CASING,Bhubaneswar-Cuttack Cluster,24.61,33.27,KG,22.15,36.6
PRC_00667,2026-05-15,PCB,MOTHERBOARD_HIGH_GRADE,Chennai-Ambattur Cluster,286.61,327.27,KG,257.95,360.0
PRC_00668,2026-05-15,PCB,POWER_SUPPLY_LOW_GRADE,Chennai-Ambattur Cluster,51.61,67.27,KG,46.45,74.0
PRC_00669,2026-05-15,CABLE,COPPER_HEAVY_INSULATED,Chennai-Ambattur Cluster,426.61,477.27,KG,383.95,525.0
PRC_00670,2026-05-15,CABLE,ALUMINIUM_WIRE,Chennai-Ambattur Cluster,116.61,142.27,KG,104.95,156.5
PRC_00671,2026-05-15,BATTERY,LEAD_ACID,Chennai-Ambattur Cluster,91.61,109.27,KG,82.45,120.2
PRC_00672,2026-05-15,BATTERY,BATTERY_LITHIUM_PORTABLE,Chennai-Ambattur Cluster,126.61,157.27,KG,113.95,173.0
PRC_00673,2026-05-15,DISPLAY,LCD_PANEL_INTACT,Chennai-Ambattur Cluster,156.61,217.27,PIECE,140.95,239.0
PRC_00674,2026-05-15,DISPLAY,CRT_MONITOR,Chennai-Ambattur Cluster,66.61,97.27,PIECE,59.95,107.0
PRC_00675,2026-05-15,PLASTIC,MIXED_EWASTE_CASING,Chennai-Ambattur Cluster,24.61,33.27,KG,22.15,36.6
PRC_00676,2026-05-16,PCB,MOTHERBOARD_HIGH_GRADE,Delhi-Mayapuri Cluster,288.65,329.51,KG,259.78,362.46
PRC_00677,2026-05-16,PCB,POWER_SUPPLY_LOW_GRADE,Delhi-Mayapuri Cluster,53.65,69.51,KG,48.28,76.46
PRC_00678,2026-05-16,CABLE,COPPER_HEAVY_INSULATED,Delhi-Mayapuri Cluster,428.65,479.51,KG,385.78,527.46
PRC_00679,2026-05-16,CABLE,ALUMINIUM_WIRE,Delhi-Mayapuri Cluster,118.65,144.51,KG,106.79,158.96
PRC_00680,2026-05-16,BATTERY,LEAD_ACID,Delhi-Mayapuri Cluster,93.65,111.51,KG,84.29,122.66
PRC_00681,2026-05-16,BATTERY,BATTERY_LITHIUM_PORTABLE,Delhi-Mayapuri Cluster,128.65,159.51,KG,115.79,175.46
PRC_00682,2026-05-16,DISPLAY,LCD_PANEL_INTACT,Delhi-Mayapuri Cluster,158.65,219.51,PIECE,142.78,241.46
PRC_00683,2026-05-16,DISPLAY,CRT_MONITOR,Delhi-Mayapuri Cluster,68.65,99.51,PIECE,61.78,109.46
PRC_00684,2026-05-16,PLASTIC,MIXED_EWASTE_CASING,Delhi-Mayapuri Cluster,26.65,35.51,KG,23.98,39.06
PRC_00685,2026-05-16,PCB,MOTHERBOARD_HIGH_GRADE,Mumbai-Dharavi Cluster,288.65,329.51,KG,259.78,362.46
PRC_00686,2026-05-16,PCB,POWER_SUPPLY_LOW_GRADE,Mumbai-Dharavi Cluster,53.65,69.51,KG,48.28,76.46
PRC_00687,2026-05-16,CABLE,COPPER_HEAVY_INSULATED,Mumbai-Dharavi Cluster,428.65,479.51,KG,385.78,527.46
PRC_00688,2026-05-16,CABLE,ALUMINIUM_WIRE,Mumbai-Dharavi Cluster,118.65,144.51,KG,106.79,158.96
PRC_00689,2026-05-16,BATTERY,LEAD_ACID,Mumbai-Dharavi Cluster,93.65,111.51,KG,84.29,122.66
PRC_00690,2026-05-16,BATTERY,BATTERY_LITHIUM_PORTABLE,Mumbai-Dharavi Cluster,128.65,159.51,KG,115.79,175.46
PRC_00691,2026-05-16,DISPLAY,LCD_PANEL_INTACT,Mumbai-Dharavi Cluster,158.65,219.51,PIECE,142.78,241.46
PRC_00692,2026-05-16,DISPLAY,CRT_MONITOR,Mumbai-Dharavi Cluster,68.65,99.51,PIECE,61.78,109.46
PRC_00693,2026-05-16,PLASTIC,MIXED_EWASTE_CASING,Mumbai-Dharavi Cluster,26.65,35.51,KG,23.98,39.06
PRC_00694,2026-05-16,PCB,MOTHERBOARD_HIGH_GRADE,Bengaluru-Peenya Cluster,288.65,329.51,KG,259.78,362.46
PRC_00695,2026-05-16,PCB,POWER_SUPPLY_LOW_GRADE,Bengaluru-Peenya Cluster,53.65,69.51,KG,48.28,76.46
PRC_00696,2026-05-16,CABLE,COPPER_HEAVY_INSULATED,Bengaluru-Peenya Cluster,428.65,479.51,KG,385.78,527.46
PRC_00697,2026-05-16,CABLE,ALUMINIUM_WIRE,Bengaluru-Peenya Cluster,118.65,144.51,KG,106.79,158.96
PRC_00698,2026-05-16,BATTERY,LEAD_ACID,Bengaluru-Peenya Cluster,93.65,111.51,KG,84.29,122.66
PRC_00699,2026-05-16,BATTERY,BATTERY_LITHIUM_PORTABLE,Bengaluru-Peenya Cluster,128.65,159.51,KG,115.79,175.46
PRC_00700,2026-05-16,DISPLAY,LCD_PANEL_INTACT,Bengaluru-Peenya Cluster,158.65,219.51,PIECE,142.78,241.46
PRC_00701,2026-05-16,DISPLAY,CRT_MONITOR,Bengaluru-Peenya Cluster,68.65,99.51,PIECE,61.78,109.46
PRC_00702,2026-05-16,PLASTIC,MIXED_EWASTE_CASING,Bengaluru-Peenya Cluster,26.65,35.51,KG,23.98,39.06
PRC_00703,2026-05-16,PCB,MOTHERBOARD_HIGH_GRADE,Bhubaneswar-Cuttack Cluster,288.65,329.51,KG,259.78,362.46
PRC_00704,2026-05-16,PCB,POWER_SUPPLY_LOW_GRADE,Bhubaneswar-Cuttack Cluster,53.65,69.51,KG,48.28,76.46
PRC_00705,2026-05-16,CABLE,COPPER_HEAVY_INSULATED,Bhubaneswar-Cuttack Cluster,428.65,479.51,KG,385.78,527.46
PRC_00706,2026-05-16,CABLE,ALUMINIUM_WIRE,Bhubaneswar-Cuttack Cluster,118.65,144.51,KG,106.79,158.96
PRC_00707,2026-05-16,BATTERY,LEAD_ACID,Bhubaneswar-Cuttack Cluster,93.65,111.51,KG,84.29,122.66
PRC_00708,2026-05-16,BATTERY,BATTERY_LITHIUM_PORTABLE,Bhubaneswar-Cuttack Cluster,128.65,159.51,KG,115.79,175.46
PRC_00709,2026-05-16,DISPLAY,LCD_PANEL_INTACT,Bhubaneswar-Cuttack Cluster,158.65,219.51,PIECE,142.78,241.46
PRC_00710,2026-05-16,DISPLAY,CRT_MONITOR,Bhubaneswar-Cuttack Cluster,68.65,99.51,PIECE,61.78,109.46
PRC_00711,2026-05-16,PLASTIC,MIXED_EWASTE_CASING,Bhubaneswar-Cuttack Cluster,26.65,35.51,KG,23.98,39.06
PRC_00712,2026-05-16,PCB,MOTHERBOARD_HIGH_GRADE,Chennai-Ambattur Cluster,288.65,329.51,KG,259.78,362.46
PRC_00713,2026-05-16,PCB,POWER_SUPPLY_LOW_GRADE,Chennai-Ambattur Cluster,53.65,69.51,KG,48.28,76.46
PRC_00714,2026-05-16,CABLE,COPPER_HEAVY_INSULATED,Chennai-Ambattur Cluster,428.65,479.51,KG,385.78,527.46
PRC_00715,2026-05-16,CABLE,ALUMINIUM_WIRE,Chennai-Ambattur Cluster,118.65,144.51,KG,106.79,158.96
PRC_00716,2026-05-16,BATTERY,LEAD_ACID,Chennai-Ambattur Cluster,93.65,111.51,KG,84.29,122.66
PRC_00717,2026-05-16,BATTERY,BATTERY_LITHIUM_PORTABLE,Chennai-Ambattur Cluster,128.65,159.51,KG,115.79,175.46
PRC_00718,2026-05-16,DISPLAY,LCD_PANEL_INTACT,Chennai-Ambattur Cluster,158.65,219.51,PIECE,142.78,241.46
PRC_00719,2026-05-16,DISPLAY,CRT_MONITOR,Chennai-Ambattur Cluster,68.65,99.51,PIECE,61.78,109.46
PRC_00720,2026-05-16,PLASTIC,MIXED_EWASTE_CASING,Chennai-Ambattur Cluster,26.65,35.51,KG,23.98,39.06
PRC_00721,2026-05-17,PCB,MOTHERBOARD_HIGH_GRADE,Delhi-Mayapuri Cluster,288.2,329.02,KG,259.38,361.92
PRC_00722,2026-05-17,PCB,POWER_SUPPLY_LOW_GRADE,Delhi-Mayapuri Cluster,53.2,69.02,KG,47.88,75.92
PRC_00723,2026-05-17,CABLE,COPPER_HEAVY_INSULATED,Delhi-Mayapuri Cluster,428.2,479.02,KG,385.38,526.92
PRC_00724,2026-05-17,CABLE,ALUMINIUM_WIRE,Delhi-Mayapuri Cluster,118.2,144.02,KG,106.38,158.42
PRC_00725,2026-05-17,BATTERY,LEAD_ACID,Delhi-Mayapuri Cluster,93.2,111.02,KG,83.88,122.12
PRC_00726,2026-05-17,BATTERY,BATTERY_LITHIUM_PORTABLE,Delhi-Mayapuri Cluster,128.2,159.02,KG,115.38,174.92
PRC_00727,2026-05-17,DISPLAY,LCD_PANEL_INTACT,Delhi-Mayapuri Cluster,158.2,219.02,PIECE,142.38,240.92
PRC_00728,2026-05-17,DISPLAY,CRT_MONITOR,Delhi-Mayapuri Cluster,68.2,99.02,PIECE,61.38,108.92
PRC_00729,2026-05-17,PLASTIC,MIXED_EWASTE_CASING,Delhi-Mayapuri Cluster,26.2,35.02,KG,23.58,38.52
PRC_00730,2026-05-17,PCB,MOTHERBOARD_HIGH_GRADE,Mumbai-Dharavi Cluster,288.2,329.02,KG,259.38,361.92
PRC_00731,2026-05-17,PCB,POWER_SUPPLY_LOW_GRADE,Mumbai-Dharavi Cluster,53.2,69.02,KG,47.88,75.92
PRC_00732,2026-05-17,CABLE,COPPER_HEAVY_INSULATED,Mumbai-Dharavi Cluster,428.2,479.02,KG,385.38,526.92
PRC_00733,2026-05-17,CABLE,ALUMINIUM_WIRE,Mumbai-Dharavi Cluster,118.2,144.02,KG,106.38,158.42
PRC_00734,2026-05-17,BATTERY,LEAD_ACID,Mumbai-Dharavi Cluster,93.2,111.02,KG,83.88,122.12
PRC_00735,2026-05-17,BATTERY,BATTERY_LITHIUM_PORTABLE,Mumbai-Dharavi Cluster,128.2,159.02,KG,115.38,174.92
PRC_00736,2026-05-17,DISPLAY,LCD_PANEL_INTACT,Mumbai-Dharavi Cluster,158.2,219.02,PIECE,142.38,240.92
PRC_00737,2026-05-17,DISPLAY,CRT_MONITOR,Mumbai-Dharavi Cluster,68.2,99.02,PIECE,61.38,108.92
PRC_00738,2026-05-17,PLASTIC,MIXED_EWASTE_CASING,Mumbai-Dharavi Cluster,26.2,35.02,KG,23.58,38.52
PRC_00739,2026-05-17,PCB,MOTHERBOARD_HIGH_GRADE,Bengaluru-Peenya Cluster,288.2,329.02,KG,259.38,361.92
PRC_00740,2026-05-17,PCB,POWER_SUPPLY_LOW_GRADE,Bengaluru-Peenya Cluster,53.2,69.02,KG,47.88,75.92
PRC_00741,2026-05-17,CABLE,COPPER_HEAVY_INSULATED,Bengaluru-Peenya Cluster,428.2,479.02,KG,385.38,526.92
PRC_00742,2026-05-17,CABLE,ALUMINIUM_WIRE,Bengaluru-Peenya Cluster,118.2,144.02,KG,106.38,158.42
PRC_00743,2026-05-17,BATTERY,LEAD_ACID,Bengaluru-Peenya Cluster,93.2,111.02,KG,83.88,122.12
PRC_00744,2026-05-17,BATTERY,BATTERY_LITHIUM_PORTABLE,Bengaluru-Peenya Cluster,128.2,159.02,KG,115.38,174.92
PRC_00745,2026-05-17,DISPLAY,LCD_PANEL_INTACT,Bengaluru-Peenya Cluster,158.2,219.02,PIECE,142.38,240.92
PRC_00746,2026-05-17,DISPLAY,CRT_MONITOR,Bengaluru-Peenya Cluster,68.2,99.02,PIECE,61.38,108.92
PRC_00747,2026-05-17,PLASTIC,MIXED_EWASTE_CASING,Bengaluru-Peenya Cluster,26.2,35.02,KG,23.58,38.52
PRC_00748,2026-05-17,PCB,MOTHERBOARD_HIGH_GRADE,Bhubaneswar-Cuttack Cluster,288.2,329.02,KG,259.38,361.92
PRC_00749,2026-05-17,PCB,POWER_SUPPLY_LOW_GRADE,Bhubaneswar-Cuttack Cluster,53.2,69.02,KG,47.88,75.92
PRC_00750,2026-05-17,CABLE,COPPER_HEAVY_INSULATED,Bhubaneswar-Cuttack Cluster,428.2,479.02,KG,385.38,526.92
PRC_00751,2026-05-17,CABLE,ALUMINIUM_WIRE,Bhubaneswar-Cuttack Cluster,118.2,144.02,KG,106.38,158.42
PRC_00752,2026-05-17,BATTERY,LEAD_ACID,Bhubaneswar-Cuttack Cluster,93.2,111.02,KG,83.88,122.12
PRC_00753,2026-05-17,BATTERY,BATTERY_LITHIUM_PORTABLE,Bhubaneswar-Cuttack Cluster,128.2,159.02,KG,115.38,174.92
PRC_00754,2026-05-17,DISPLAY,LCD_PANEL_INTACT,Bhubaneswar-Cuttack Cluster,158.2,219.02,PIECE,142.38,240.92
PRC_00755,2026-05-17,DISPLAY,CRT_MONITOR,Bhubaneswar-Cuttack Cluster,68.2,99.02,PIECE,61.38,108.92
PRC_00756,2026-05-17,PLASTIC,MIXED_EWASTE_CASING,Bhubaneswar-Cuttack Cluster,26.2,35.02,KG,23.58,38.52
PRC_00757,2026-05-17,PCB,MOTHERBOARD_HIGH_GRADE,Chennai-Ambattur Cluster,288.2,329.02,KG,259.38,361.92
PRC_00758,2026-05-17,PCB,POWER_SUPPLY_LOW_GRADE,Chennai-Ambattur Cluster,53.2,69.02,KG,47.88,75.92
PRC_00759,2026-05-17,CABLE,COPPER_HEAVY_INSULATED,Chennai-Ambattur Cluster,428.2,479.02,KG,385.38,526.92
PRC_00760,2026-05-17,CABLE,ALUMINIUM_WIRE,Chennai-Ambattur Cluster,118.2,144.02,KG,106.38,158.42
PRC_00761,2026-05-17,BATTERY,LEAD_ACID,Chennai-Ambattur Cluster,93.2,111.02,KG,83.88,122.12
PRC_00762,2026-05-17,BATTERY,BATTERY_LITHIUM_PORTABLE,Chennai-Ambattur Cluster,128.2,159.02,KG,115.38,174.92
PRC_00763,2026-05-17,DISPLAY,LCD_PANEL_INTACT,Chennai-Ambattur Cluster,158.2,219.02,PIECE,142.38,240.92
PRC_00764,2026-05-17,DISPLAY,CRT_MONITOR,Chennai-Ambattur Cluster,68.2,99.02,PIECE,61.38,108.92
PRC_00765,2026-05-17,PLASTIC,MIXED_EWASTE_CASING,Chennai-Ambattur Cluster,26.2,35.02,KG,23.58,38.52
PRC_00766,2026-05-18,PCB,MOTHERBOARD_HIGH_GRADE,Delhi-Mayapuri Cluster,290.35,331.39,KG,261.32,364.53
PRC_00767,2026-05-18,PCB,POWER_SUPPLY_LOW_GRADE,Delhi-Mayapuri Cluster,55.35,71.39,KG,49.82,78.53
PRC_00768,2026-05-18,CABLE,COPPER_HEAVY_INSULATED,Delhi-Mayapuri Cluster,430.35,481.39,KG,387.32,529.53
PRC_00769,2026-05-18,CABLE,ALUMINIUM_WIRE,Delhi-Mayapuri Cluster,120.35,146.39,KG,108.32,161.03
PRC_00770,2026-05-18,BATTERY,LEAD_ACID,Delhi-Mayapuri Cluster,95.35,113.39,KG,85.82,124.73
PRC_00771,2026-05-18,BATTERY,BATTERY_LITHIUM_PORTABLE,Delhi-Mayapuri Cluster,130.35,161.39,KG,117.32,177.53
PRC_00772,2026-05-18,DISPLAY,LCD_PANEL_INTACT,Delhi-Mayapuri Cluster,160.35,221.39,PIECE,144.32,243.53
PRC_00773,2026-05-18,DISPLAY,CRT_MONITOR,Delhi-Mayapuri Cluster,70.35,101.39,PIECE,63.32,111.53
PRC_00774,2026-05-18,PLASTIC,MIXED_EWASTE_CASING,Delhi-Mayapuri Cluster,28.35,37.39,KG,25.52,41.13
PRC_00775,2026-05-18,PCB,MOTHERBOARD_HIGH_GRADE,Mumbai-Dharavi Cluster,290.35,331.39,KG,261.32,364.53
PRC_00776,2026-05-18,PCB,POWER_SUPPLY_LOW_GRADE,Mumbai-Dharavi Cluster,55.35,71.39,KG,49.82,78.53
PRC_00777,2026-05-18,CABLE,COPPER_HEAVY_INSULATED,Mumbai-Dharavi Cluster,430.35,481.39,KG,387.32,529.53
PRC_00778,2026-05-18,CABLE,ALUMINIUM_WIRE,Mumbai-Dharavi Cluster,120.35,146.39,KG,108.32,161.03
PRC_00779,2026-05-18,BATTERY,LEAD_ACID,Mumbai-Dharavi Cluster,95.35,113.39,KG,85.82,124.73
PRC_00780,2026-05-18,BATTERY,BATTERY_LITHIUM_PORTABLE,Mumbai-Dharavi Cluster,130.35,161.39,KG,117.32,177.53
PRC_00781,2026-05-18,DISPLAY,LCD_PANEL_INTACT,Mumbai-Dharavi Cluster,160.35,221.39,PIECE,144.32,243.53
PRC_00782,2026-05-18,DISPLAY,CRT_MONITOR,Mumbai-Dharavi Cluster,70.35,101.39,PIECE,63.32,111.53
PRC_00783,2026-05-18,PLASTIC,MIXED_EWASTE_CASING,Mumbai-Dharavi Cluster,28.35,37.39,KG,25.52,41.13
PRC_00784,2026-05-18,PCB,MOTHERBOARD_HIGH_GRADE,Bengaluru-Peenya Cluster,290.35,331.39,KG,261.32,364.53
PRC_00785,2026-05-18,PCB,POWER_SUPPLY_LOW_GRADE,Bengaluru-Peenya Cluster,55.35,71.39,KG,49.82,78.53
PRC_00786,2026-05-18,CABLE,COPPER_HEAVY_INSULATED,Bengaluru-Peenya Cluster,430.35,481.39,KG,387.32,529.53
PRC_00787,2026-05-18,CABLE,ALUMINIUM_WIRE,Bengaluru-Peenya Cluster,120.35,146.39,KG,108.32,161.03
PRC_00788,2026-05-18,BATTERY,LEAD_ACID,Bengaluru-Peenya Cluster,95.35,113.39,KG,85.82,124.73
PRC_00789,2026-05-18,BATTERY,BATTERY_LITHIUM_PORTABLE,Bengaluru-Peenya Cluster,130.35,161.39,KG,117.32,177.53
PRC_00790,2026-05-18,DISPLAY,LCD_PANEL_INTACT,Bengaluru-Peenya Cluster,160.35,221.39,PIECE,144.32,243.53
PRC_00791,2026-05-18,DISPLAY,CRT_MONITOR,Bengaluru-Peenya Cluster,70.35,101.39,PIECE,63.32,111.53
PRC_00792,2026-05-18,PLASTIC,MIXED_EWASTE_CASING,Bengaluru-Peenya Cluster,28.35,37.39,KG,25.52,41.13
PRC_00793,2026-05-18,PCB,MOTHERBOARD_HIGH_GRADE,Bhubaneswar-Cuttack Cluster,290.35,331.39,KG,261.32,364.53
PRC_00794,2026-05-18,PCB,POWER_SUPPLY_LOW_GRADE,Bhubaneswar-Cuttack Cluster,55.35,71.39,KG,49.82,78.53
PRC_00795,2026-05-18,CABLE,COPPER_HEAVY_INSULATED,Bhubaneswar-Cuttack Cluster,430.35,481.39,KG,387.32,529.53
PRC_00796,2026-05-18,CABLE,ALUMINIUM_WIRE,Bhubaneswar-Cuttack Cluster,120.35,146.39,KG,108.32,161.03
PRC_00797,2026-05-18,BATTERY,LEAD_ACID,Bhubaneswar-Cuttack Cluster,95.35,113.39,KG,85.82,124.73
PRC_00798,2026-05-18,BATTERY,BATTERY_LITHIUM_PORTABLE,Bhubaneswar-Cuttack Cluster,130.35,161.39,KG,117.32,177.53
PRC_00799,2026-05-18,DISPLAY,LCD_PANEL_INTACT,Bhubaneswar-Cuttack Cluster,160.35,221.39,PIECE,144.32,243.53
PRC_00800,2026-05-18,DISPLAY,CRT_MONITOR,Bhubaneswar-Cuttack Cluster,70.35,101.39,PIECE,63.32,111.53
PRC_00801,2026-05-18,PLASTIC,MIXED_EWASTE_CASING,Bhubaneswar-Cuttack Cluster,28.35,37.39,KG,25.52,41.13
PRC_00802,2026-05-18,PCB,MOTHERBOARD_HIGH_GRADE,Chennai-Ambattur Cluster,290.35,331.39,KG,261.32,364.53
PRC_00803,2026-05-18,PCB,POWER_SUPPLY_LOW_GRADE,Chennai-Ambattur Cluster,55.35,71.39,KG,49.82,78.53
PRC_00804,2026-05-18,CABLE,COPPER_HEAVY_INSULATED,Chennai-Ambattur Cluster,430.35,481.39,KG,387.32,529.53
PRC_00805,2026-05-18,CABLE,ALUMINIUM_WIRE,Chennai-Ambattur Cluster,120.35,146.39,KG,108.32,161.03
PRC_00806,2026-05-18,BATTERY,LEAD_ACID,Chennai-Ambattur Cluster,95.35,113.39,KG,85.82,124.73
PRC_00807,2026-05-18,BATTERY,BATTERY_LITHIUM_PORTABLE,Chennai-Ambattur Cluster,130.35,161.39,KG,117.32,177.53
PRC_00808,2026-05-18,DISPLAY,LCD_PANEL_INTACT,Chennai-Ambattur Cluster,160.35,221.39,PIECE,144.32,243.53
PRC_00809,2026-05-18,DISPLAY,CRT_MONITOR,Chennai-Ambattur Cluster,70.35,101.39,PIECE,63.32,111.53
PRC_00810,2026-05-18,PLASTIC,MIXED_EWASTE_CASING,Chennai-Ambattur Cluster,28.35,37.39,KG,25.52,41.13
PRC_00811,2026-05-19,PCB,MOTHERBOARD_HIGH_GRADE,Delhi-Mayapuri Cluster,288.61,329.47,KG,259.75,362.42
PRC_00812,2026-05-19,PCB,POWER_SUPPLY_LOW_GRADE,Delhi-Mayapuri Cluster,53.61,69.47,KG,48.25,76.42
PRC_00813,2026-05-19,CABLE,COPPER_HEAVY_INSULATED,Delhi-Mayapuri Cluster,428.61,479.47,KG,385.75,527.42
PRC_00814,2026-05-19,CABLE,ALUMINIUM_WIRE,Delhi-Mayapuri Cluster,118.61,144.47,KG,106.75,158.92
PRC_00815,2026-05-19,BATTERY,LEAD_ACID,Delhi-Mayapuri Cluster,93.61,111.47,KG,84.25,122.62
PRC_00816,2026-05-19,BATTERY,BATTERY_LITHIUM_PORTABLE,Delhi-Mayapuri Cluster,128.61,159.47,KG,115.75,175.42
PRC_00817,2026-05-19,DISPLAY,LCD_PANEL_INTACT,Delhi-Mayapuri Cluster,158.61,219.47,PIECE,142.75,241.42
PRC_00818,2026-05-19,DISPLAY,CRT_MONITOR,Delhi-Mayapuri Cluster,68.61,99.47,PIECE,61.75,109.42
PRC_00819,2026-05-19,PLASTIC,MIXED_EWASTE_CASING,Delhi-Mayapuri Cluster,26.61,35.47,KG,23.95,39.02
PRC_00820,2026-05-19,PCB,MOTHERBOARD_HIGH_GRADE,Mumbai-Dharavi Cluster,288.61,329.47,KG,259.75,362.42
PRC_00821,2026-05-19,PCB,POWER_SUPPLY_LOW_GRADE,Mumbai-Dharavi Cluster,53.61,69.47,KG,48.25,76.42
PRC_00822,2026-05-19,CABLE,COPPER_HEAVY_INSULATED,Mumbai-Dharavi Cluster,428.61,479.47,KG,385.75,527.42
PRC_00823,2026-05-19,CABLE,ALUMINIUM_WIRE,Mumbai-Dharavi Cluster,118.61,144.47,KG,106.75,158.92
PRC_00824,2026-05-19,BATTERY,LEAD_ACID,Mumbai-Dharavi Cluster,93.61,111.47,KG,84.25,122.62
PRC_00825,2026-05-19,BATTERY,BATTERY_LITHIUM_PORTABLE,Mumbai-Dharavi Cluster,128.61,159.47,KG,115.75,175.42
PRC_00826,2026-05-19,DISPLAY,LCD_PANEL_INTACT,Mumbai-Dharavi Cluster,158.61,219.47,PIECE,142.75,241.42
PRC_00827,2026-05-19,DISPLAY,CRT_MONITOR,Mumbai-Dharavi Cluster,68.61,99.47,PIECE,61.75,109.42
PRC_00828,2026-05-19,PLASTIC,MIXED_EWASTE_CASING,Mumbai-Dharavi Cluster,26.61,35.47,KG,23.95,39.02
PRC_00829,2026-05-19,PCB,MOTHERBOARD_HIGH_GRADE,Bengaluru-Peenya Cluster,288.61,329.47,KG,259.75,362.42
PRC_00830,2026-05-19,PCB,POWER_SUPPLY_LOW_GRADE,Bengaluru-Peenya Cluster,53.61,69.47,KG,48.25,76.42
PRC_00831,2026-05-19,CABLE,COPPER_HEAVY_INSULATED,Bengaluru-Peenya Cluster,428.61,479.47,KG,385.75,527.42
PRC_00832,2026-05-19,CABLE,ALUMINIUM_WIRE,Bengaluru-Peenya Cluster,118.61,144.47,KG,106.75,158.92
PRC_00833,2026-05-19,BATTERY,LEAD_ACID,Bengaluru-Peenya Cluster,93.61,111.47,KG,84.25,122.62
PRC_00834,2026-05-19,BATTERY,BATTERY_LITHIUM_PORTABLE,Bengaluru-Peenya Cluster,128.61,159.47,KG,115.75,175.42
PRC_00835,2026-05-19,DISPLAY,LCD_PANEL_INTACT,Bengaluru-Peenya Cluster,158.61,219.47,PIECE,142.75,241.42
PRC_00836,2026-05-19,DISPLAY,CRT_MONITOR,Bengaluru-Peenya Cluster,68.61,99.47,PIECE,61.75,109.42
PRC_00837,2026-05-19,PLASTIC,MIXED_EWASTE_CASING,Bengaluru-Peenya Cluster,26.61,35.47,KG,23.95,39.02
PRC_00838,2026-05-19,PCB,MOTHERBOARD_HIGH_GRADE,Bhubaneswar-Cuttack Cluster,288.61,329.47,KG,259.75,362.42
PRC_00839,2026-05-19,PCB,POWER_SUPPLY_LOW_GRADE,Bhubaneswar-Cuttack Cluster,53.61,69.47,KG,48.25,76.42
PRC_00840,2026-05-19,CABLE,COPPER_HEAVY_INSULATED,Bhubaneswar-Cuttack Cluster,428.61,479.47,KG,385.75,527.42
PRC_00841,2026-05-19,CABLE,ALUMINIUM_WIRE,Bhubaneswar-Cuttack Cluster,118.61,144.47,KG,106.75,158.92
PRC_00842,2026-05-19,BATTERY,LEAD_ACID,Bhubaneswar-Cuttack Cluster,93.61,111.47,KG,84.25,122.62
PRC_00843,2026-05-19,BATTERY,BATTERY_LITHIUM_PORTABLE,Bhubaneswar-Cuttack Cluster,128.61,159.47,KG,115.75,175.42
PRC_00844,2026-05-19,DISPLAY,LCD_PANEL_INTACT,Bhubaneswar-Cuttack Cluster,158.61,219.47,PIECE,142.75,241.42
PRC_00845,2026-05-19,DISPLAY,CRT_MONITOR,Bhubaneswar-Cuttack Cluster,68.61,99.47,PIECE,61.75,109.42
PRC_00846,2026-05-19,PLASTIC,MIXED_EWASTE_CASING,Bhubaneswar-Cuttack Cluster,26.61,35.47,KG,23.95,39.02
PRC_00847,2026-05-19,PCB,MOTHERBOARD_HIGH_GRADE,Chennai-Ambattur Cluster,288.61,329.47,KG,259.75,362.42
PRC_00848,2026-05-19,PCB,POWER_SUPPLY_LOW_GRADE,Chennai-Ambattur Cluster,53.61,69.47,KG,48.25,76.42
PRC_00849,2026-05-19,CABLE,COPPER_HEAVY_INSULATED,Chennai-Ambattur Cluster,428.61,479.47,KG,385.75,527.42
PRC_00850,2026-05-19,CABLE,ALUMINIUM_WIRE,Chennai-Ambattur Cluster,118.61,144.47,KG,106.75,158.92
PRC_00851,2026-05-19,BATTERY,LEAD_ACID,Chennai-Ambattur Cluster,93.61,111.47,KG,84.25,122.62
PRC_00852,2026-05-19,BATTERY,BATTERY_LITHIUM_PORTABLE,Chennai-Ambattur Cluster,128.61,159.47,KG,115.75,175.42
PRC_00853,2026-05-19,DISPLAY,LCD_PANEL_INTACT,Chennai-Ambattur Cluster,158.61,219.47,PIECE,142.75,241.42
PRC_00854,2026-05-19,DISPLAY,CRT_MONITOR,Chennai-Ambattur Cluster,68.61,99.47,PIECE,61.75,109.42
PRC_00855,2026-05-19,PLASTIC,MIXED_EWASTE_CASING,Chennai-Ambattur Cluster,26.61,35.47,KG,23.95,39.02
PRC_00856,2026-05-20,PCB,MOTHERBOARD_HIGH_GRADE,Delhi-Mayapuri Cluster,287.88,328.67,KG,259.09,361.54
PRC_00857,2026-05-20,PCB,POWER_SUPPLY_LOW_GRADE,Delhi-Mayapuri Cluster,52.88,68.67,KG,47.59,75.54
PRC_00858,2026-05-20,CABLE,COPPER_HEAVY_INSULATED,Delhi-Mayapuri Cluster,427.88,478.67,KG,385.09,526.54
PRC_00859,2026-05-20,CABLE,ALUMINIUM_WIRE,Delhi-Mayapuri Cluster,117.88,143.67,KG,106.09,158.04
PRC_00860,2026-05-20,BATTERY,LEAD_ACID,Delhi-Mayapuri Cluster,92.88,110.67,KG,83.59,121.74
PRC_00861,2026-05-20,BATTERY,BATTERY_LITHIUM_PORTABLE,Delhi-Mayapuri Cluster,127.88,158.67,KG,115.09,174.54
PRC_00862,2026-05-20,DISPLAY,LCD_PANEL_INTACT,Delhi-Mayapuri Cluster,157.88,218.67,PIECE,142.09,240.54
PRC_00863,2026-05-20,DISPLAY,CRT_MONITOR,Delhi-Mayapuri Cluster,67.88,98.67,PIECE,61.09,108.54
PRC_00864,2026-05-20,PLASTIC,MIXED_EWASTE_CASING,Delhi-Mayapuri Cluster,25.88,34.67,KG,23.29,38.14
PRC_00865,2026-05-20,PCB,MOTHERBOARD_HIGH_GRADE,Mumbai-Dharavi Cluster,287.88,328.67,KG,259.09,361.54
PRC_00866,2026-05-20,PCB,POWER_SUPPLY_LOW_GRADE,Mumbai-Dharavi Cluster,52.88,68.67,KG,47.59,75.54
PRC_00867,2026-05-20,CABLE,COPPER_HEAVY_INSULATED,Mumbai-Dharavi Cluster,427.88,478.67,KG,385.09,526.54
PRC_00868,2026-05-20,CABLE,ALUMINIUM_WIRE,Mumbai-Dharavi Cluster,117.88,143.67,KG,106.09,158.04
PRC_00869,2026-05-20,BATTERY,LEAD_ACID,Mumbai-Dharavi Cluster,92.88,110.67,KG,83.59,121.74
PRC_00870,2026-05-20,BATTERY,BATTERY_LITHIUM_PORTABLE,Mumbai-Dharavi Cluster,127.88,158.67,KG,115.09,174.54
PRC_00871,2026-05-20,DISPLAY,LCD_PANEL_INTACT,Mumbai-Dharavi Cluster,157.88,218.67,PIECE,142.09,240.54
PRC_00872,2026-05-20,DISPLAY,CRT_MONITOR,Mumbai-Dharavi Cluster,67.88,98.67,PIECE,61.09,108.54
PRC_00873,2026-05-20,PLASTIC,MIXED_EWASTE_CASING,Mumbai-Dharavi Cluster,25.88,34.67,KG,23.29,38.14
PRC_00874,2026-05-20,PCB,MOTHERBOARD_HIGH_GRADE,Bengaluru-Peenya Cluster,287.88,328.67,KG,259.09,361.54
PRC_00875,2026-05-20,PCB,POWER_SUPPLY_LOW_GRADE,Bengaluru-Peenya Cluster,52.88,68.67,KG,47.59,75.54
PRC_00876,2026-05-20,CABLE,COPPER_HEAVY_INSULATED,Bengaluru-Peenya Cluster,427.88,478.67,KG,385.09,526.54
PRC_00877,2026-05-20,CABLE,ALUMINIUM_WIRE,Bengaluru-Peenya Cluster,117.88,143.67,KG,106.09,158.04
PRC_00878,2026-05-20,BATTERY,LEAD_ACID,Bengaluru-Peenya Cluster,92.88,110.67,KG,83.59,121.74
PRC_00879,2026-05-20,BATTERY,BATTERY_LITHIUM_PORTABLE,Bengaluru-Peenya Cluster,127.88,158.67,KG,115.09,174.54
PRC_00880,2026-05-20,DISPLAY,LCD_PANEL_INTACT,Bengaluru-Peenya Cluster,157.88,218.67,PIECE,142.09,240.54
PRC_00881,2026-05-20,DISPLAY,CRT_MONITOR,Bengaluru-Peenya Cluster,67.88,98.67,PIECE,61.09,108.54
PRC_00882,2026-05-20,PLASTIC,MIXED_EWASTE_CASING,Bengaluru-Peenya Cluster,25.88,34.67,KG,23.29,38.14
PRC_00883,2026-05-20,PCB,MOTHERBOARD_HIGH_GRADE,Bhubaneswar-Cuttack Cluster,287.88,328.67,KG,259.09,361.54
PRC_00884,2026-05-20,PCB,POWER_SUPPLY_LOW_GRADE,Bhubaneswar-Cuttack Cluster,52.88,68.67,KG,47.59,75.54
PRC_00885,2026-05-20,CABLE,COPPER_HEAVY_INSULATED,Bhubaneswar-Cuttack Cluster,427.88,478.67,KG,385.09,526.54
PRC_00886,2026-05-20,CABLE,ALUMINIUM_WIRE,Bhubaneswar-Cuttack Cluster,117.88,143.67,KG,106.09,158.04
PRC_00887,2026-05-20,BATTERY,LEAD_ACID,Bhubaneswar-Cuttack Cluster,92.88,110.67,KG,83.59,121.74
PRC_00888,2026-05-20,BATTERY,BATTERY_LITHIUM_PORTABLE,Bhubaneswar-Cuttack Cluster,127.88,158.67,KG,115.09,174.54
PRC_00889,2026-05-20,DISPLAY,LCD_PANEL_INTACT,Bhubaneswar-Cuttack Cluster,157.88,218.67,PIECE,142.09,240.54
PRC_00890,2026-05-20,DISPLAY,CRT_MONITOR,Bhubaneswar-Cuttack Cluster,67.88,98.67,PIECE,61.09,108.54
PRC_00891,2026-05-20,PLASTIC,MIXED_EWASTE_CASING,Bhubaneswar-Cuttack Cluster,25.88,34.67,KG,23.29,38.14
PRC_00892,2026-05-20,PCB,MOTHERBOARD_HIGH_GRADE,Chennai-Ambattur Cluster,287.88,328.67,KG,259.09,361.54
PRC_00893,2026-05-20,PCB,POWER_SUPPLY_LOW_GRADE,Chennai-Ambattur Cluster,52.88,68.67,KG,47.59,75.54
PRC_00894,2026-05-20,CABLE,COPPER_HEAVY_INSULATED,Chennai-Ambattur Cluster,427.88,478.67,KG,385.09,526.54
PRC_00895,2026-05-20,CABLE,ALUMINIUM_WIRE,Chennai-Ambattur Cluster,117.88,143.67,KG,106.09,158.04
PRC_00896,2026-05-20,BATTERY,LEAD_ACID,Chennai-Ambattur Cluster,92.88,110.67,KG,83.59,121.74
PRC_00897,2026-05-20,BATTERY,BATTERY_LITHIUM_PORTABLE,Chennai-Ambattur Cluster,127.88,158.67,KG,115.09,174.54
PRC_00898,2026-05-20,DISPLAY,LCD_PANEL_INTACT,Chennai-Ambattur Cluster,157.88,218.67,PIECE,142.09,240.54
PRC_00899,2026-05-20,DISPLAY,CRT_MONITOR,Chennai-Ambattur Cluster,67.88,98.67,PIECE,61.09,108.54
PRC_00900,2026-05-20,PLASTIC,MIXED_EWASTE_CASING,Chennai-Ambattur Cluster,25.88,34.67,KG,23.29,38.14
PRC_00901,2026-05-21,PCB,MOTHERBOARD_HIGH_GRADE,Delhi-Mayapuri Cluster,292.15,333.37,KG,262.94,366.71
PRC_00902,2026-05-21,PCB,POWER_SUPPLY_LOW_GRADE,Delhi-Mayapuri Cluster,57.15,73.37,KG,51.44,80.71
PRC_00903,2026-05-21,CABLE,COPPER_HEAVY_INSULATED,Delhi-Mayapuri Cluster,432.15,483.37,KG,388.94,531.71
PRC_00904,2026-05-21,CABLE,ALUMINIUM_WIRE,Delhi-Mayapuri Cluster,122.15,148.37,KG,109.94,163.21
PRC_00905,2026-05-21,BATTERY,LEAD_ACID,Delhi-Mayapuri Cluster,97.15,115.37,KG,87.44,126.91
PRC_00906,2026-05-21,BATTERY,BATTERY_LITHIUM_PORTABLE,Delhi-Mayapuri Cluster,132.15,163.37,KG,118.94,179.71
PRC_00907,2026-05-21,DISPLAY,LCD_PANEL_INTACT,Delhi-Mayapuri Cluster,162.15,223.37,PIECE,145.94,245.71
PRC_00908,2026-05-21,DISPLAY,CRT_MONITOR,Delhi-Mayapuri Cluster,72.15,103.37,PIECE,64.94,113.71
PRC_00909,2026-05-21,PLASTIC,MIXED_EWASTE_CASING,Delhi-Mayapuri Cluster,30.15,39.37,KG,27.14,43.31
PRC_00910,2026-05-21,PCB,MOTHERBOARD_HIGH_GRADE,Mumbai-Dharavi Cluster,292.15,333.37,KG,262.94,366.71
PRC_00911,2026-05-21,PCB,POWER_SUPPLY_LOW_GRADE,Mumbai-Dharavi Cluster,57.15,73.37,KG,51.44,80.71
PRC_00912,2026-05-21,CABLE,COPPER_HEAVY_INSULATED,Mumbai-Dharavi Cluster,432.15,483.37,KG,388.94,531.71
PRC_00913,2026-05-21,CABLE,ALUMINIUM_WIRE,Mumbai-Dharavi Cluster,122.15,148.37,KG,109.94,163.21
PRC_00914,2026-05-21,BATTERY,LEAD_ACID,Mumbai-Dharavi Cluster,97.15,115.37,KG,87.44,126.91
PRC_00915,2026-05-21,BATTERY,BATTERY_LITHIUM_PORTABLE,Mumbai-Dharavi Cluster,132.15,163.37,KG,118.94,179.71
PRC_00916,2026-05-21,DISPLAY,LCD_PANEL_INTACT,Mumbai-Dharavi Cluster,162.15,223.37,PIECE,145.94,245.71
PRC_00917,2026-05-21,DISPLAY,CRT_MONITOR,Mumbai-Dharavi Cluster,72.15,103.37,PIECE,64.94,113.71
PRC_00918,2026-05-21,PLASTIC,MIXED_EWASTE_CASING,Mumbai-Dharavi Cluster,30.15,39.37,KG,27.14,43.31
PRC_00919,2026-05-21,PCB,MOTHERBOARD_HIGH_GRADE,Bengaluru-Peenya Cluster,292.15,333.37,KG,262.94,366.71
PRC_00920,2026-05-21,PCB,POWER_SUPPLY_LOW_GRADE,Bengaluru-Peenya Cluster,57.15,73.37,KG,51.44,80.71
PRC_00921,2026-05-21,CABLE,COPPER_HEAVY_INSULATED,Bengaluru-Peenya Cluster,432.15,483.37,KG,388.94,531.71
PRC_00922,2026-05-21,CABLE,ALUMINIUM_WIRE,Bengaluru-Peenya Cluster,122.15,148.37,KG,109.94,163.21
PRC_00923,2026-05-21,BATTERY,LEAD_ACID,Bengaluru-Peenya Cluster,97.15,115.37,KG,87.44,126.91
PRC_00924,2026-05-21,BATTERY,BATTERY_LITHIUM_PORTABLE,Bengaluru-Peenya Cluster,132.15,163.37,KG,118.94,179.71
PRC_00925,2026-05-21,DISPLAY,LCD_PANEL_INTACT,Bengaluru-Peenya Cluster,162.15,223.37,PIECE,145.94,245.71
PRC_00926,2026-05-21,DISPLAY,CRT_MONITOR,Bengaluru-Peenya Cluster,72.15,103.37,PIECE,64.94,113.71
PRC_00927,2026-05-21,PLASTIC,MIXED_EWASTE_CASING,Bengaluru-Peenya Cluster,30.15,39.37,KG,27.14,43.31
PRC_00928,2026-05-21,PCB,MOTHERBOARD_HIGH_GRADE,Bhubaneswar-Cuttack Cluster,292.15,333.37,KG,262.94,366.71
PRC_00929,2026-05-21,PCB,POWER_SUPPLY_LOW_GRADE,Bhubaneswar-Cuttack Cluster,57.15,73.37,KG,51.44,80.71
PRC_00930,2026-05-21,CABLE,COPPER_HEAVY_INSULATED,Bhubaneswar-Cuttack Cluster,432.15,483.37,KG,388.94,531.71
PRC_00931,2026-05-21,CABLE,ALUMINIUM_WIRE,Bhubaneswar-Cuttack Cluster,122.15,148.37,KG,109.94,163.21
PRC_00932,2026-05-21,BATTERY,LEAD_ACID,Bhubaneswar-Cuttack Cluster,97.15,115.37,KG,87.44,126.91
PRC_00933,2026-05-21,BATTERY,BATTERY_LITHIUM_PORTABLE,Bhubaneswar-Cuttack Cluster,132.15,163.37,KG,118.94,179.71
PRC_00934,2026-05-21,DISPLAY,LCD_PANEL_INTACT,Bhubaneswar-Cuttack Cluster,162.15,223.37,PIECE,145.94,245.71
PRC_00935,2026-05-21,DISPLAY,CRT_MONITOR,Bhubaneswar-Cuttack Cluster,72.15,103.37,PIECE,64.94,113.71
PRC_00936,2026-05-21,PLASTIC,MIXED_EWASTE_CASING,Bhubaneswar-Cuttack Cluster,30.15,39.37,KG,27.14,43.31
PRC_00937,2026-05-21,PCB,MOTHERBOARD_HIGH_GRADE,Chennai-Ambattur Cluster,292.15,333.37,KG,262.94,366.71
PRC_00938,2026-05-21,PCB,POWER_SUPPLY_LOW_GRADE,Chennai-Ambattur Cluster,57.15,73.37,KG,51.44,80.71
PRC_00939,2026-05-21,CABLE,COPPER_HEAVY_INSULATED,Chennai-Ambattur Cluster,432.15,483.37,KG,388.94,531.71
PRC_00940,2026-05-21,CABLE,ALUMINIUM_WIRE,Chennai-Ambattur Cluster,122.15,148.37,KG,109.94,163.21
PRC_00941,2026-05-21,BATTERY,LEAD_ACID,Chennai-Ambattur Cluster,97.15,115.37,KG,87.44,126.91
PRC_00942,2026-05-21,BATTERY,BATTERY_LITHIUM_PORTABLE,Chennai-Ambattur Cluster,132.15,163.37,KG,118.94,179.71
PRC_00943,2026-05-21,DISPLAY,LCD_PANEL_INTACT,Chennai-Ambattur Cluster,162.15,223.37,PIECE,145.94,245.71
PRC_00944,2026-05-21,DISPLAY,CRT_MONITOR,Chennai-Ambattur Cluster,72.15,103.37,PIECE,64.94,113.71
PRC_00945,2026-05-21,PLASTIC,MIXED_EWASTE_CASING,Chennai-Ambattur Cluster,30.15,39.37,KG,27.14,43.31
PRC_00946,2026-05-22,PCB,MOTHERBOARD_HIGH_GRADE,Delhi-Mayapuri Cluster,289.5,330.45,KG,260.55,363.5
PRC_00947,2026-05-22,PCB,POWER_SUPPLY_LOW_GRADE,Delhi-Mayapuri Cluster,54.5,70.45,KG,49.05,77.5
PRC_00948,2026-05-22,CABLE,COPPER_HEAVY_INSULATED,Delhi-Mayapuri Cluster,429.5,480.45,KG,386.55,528.5
PRC_00949,2026-05-22,CABLE,ALUMINIUM_WIRE,Delhi-Mayapuri Cluster,119.5,145.45,KG,107.55,160.0
PRC_00950,2026-05-22,BATTERY,LEAD_ACID,Delhi-Mayapuri Cluster,94.5,112.45,KG,85.05,123.7
PRC_00951,2026-05-22,BATTERY,BATTERY_LITHIUM_PORTABLE,Delhi-Mayapuri Cluster,129.5,160.45,KG,116.55,176.5
PRC_00952,2026-05-22,DISPLAY,LCD_PANEL_INTACT,Delhi-Mayapuri Cluster,159.5,220.45,PIECE,143.55,242.5
PRC_00953,2026-05-22,DISPLAY,CRT_MONITOR,Delhi-Mayapuri Cluster,69.5,100.45,PIECE,62.55,110.5
PRC_00954,2026-05-22,PLASTIC,MIXED_EWASTE_CASING,Delhi-Mayapuri Cluster,27.5,36.45,KG,24.75,40.1
PRC_00955,2026-05-22,PCB,MOTHERBOARD_HIGH_GRADE,Mumbai-Dharavi Cluster,289.5,330.45,KG,260.55,363.5
PRC_00956,2026-05-22,PCB,POWER_SUPPLY_LOW_GRADE,Mumbai-Dharavi Cluster,54.5,70.45,KG,49.05,77.5
PRC_00957,2026-05-22,CABLE,COPPER_HEAVY_INSULATED,Mumbai-Dharavi Cluster,429.5,480.45,KG,386.55,528.5
PRC_00958,2026-05-22,CABLE,ALUMINIUM_WIRE,Mumbai-Dharavi Cluster,119.5,145.45,KG,107.55,160.0
PRC_00959,2026-05-22,BATTERY,LEAD_ACID,Mumbai-Dharavi Cluster,94.5,112.45,KG,85.05,123.7
PRC_00960,2026-05-22,BATTERY,BATTERY_LITHIUM_PORTABLE,Mumbai-Dharavi Cluster,129.5,160.45,KG,116.55,176.5
PRC_00961,2026-05-22,DISPLAY,LCD_PANEL_INTACT,Mumbai-Dharavi Cluster,159.5,220.45,PIECE,143.55,242.5
PRC_00962,2026-05-22,DISPLAY,CRT_MONITOR,Mumbai-Dharavi Cluster,69.5,100.45,PIECE,62.55,110.5
PRC_00963,2026-05-22,PLASTIC,MIXED_EWASTE_CASING,Mumbai-Dharavi Cluster,27.5,36.45,KG,24.75,40.1
PRC_00964,2026-05-22,PCB,MOTHERBOARD_HIGH_GRADE,Bengaluru-Peenya Cluster,289.5,330.45,KG,260.55,363.5
PRC_00965,2026-05-22,PCB,POWER_SUPPLY_LOW_GRADE,Bengaluru-Peenya Cluster,54.5,70.45,KG,49.05,77.5
PRC_00966,2026-05-22,CABLE,COPPER_HEAVY_INSULATED,Bengaluru-Peenya Cluster,429.5,480.45,KG,386.55,528.5
PRC_00967,2026-05-22,CABLE,ALUMINIUM_WIRE,Bengaluru-Peenya Cluster,119.5,145.45,KG,107.55,160.0
PRC_00968,2026-05-22,BATTERY,LEAD_ACID,Bengaluru-Peenya Cluster,94.5,112.45,KG,85.05,123.7
PRC_00969,2026-05-22,BATTERY,BATTERY_LITHIUM_PORTABLE,Bengaluru-Peenya Cluster,129.5,160.45,KG,116.55,176.5
PRC_00970,2026-05-22,DISPLAY,LCD_PANEL_INTACT,Bengaluru-Peenya Cluster,159.5,220.45,PIECE,143.55,242.5
PRC_00971,2026-05-22,DISPLAY,CRT_MONITOR,Bengaluru-Peenya Cluster,69.5,100.45,PIECE,62.55,110.5
PRC_00972,2026-05-22,PLASTIC,MIXED_EWASTE_CASING,Bengaluru-Peenya Cluster,27.5,36.45,KG,24.75,40.1
PRC_00973,2026-05-22,PCB,MOTHERBOARD_HIGH_GRADE,Bhubaneswar-Cuttack Cluster,289.5,330.45,KG,260.55,363.5
PRC_00974,2026-05-22,PCB,POWER_SUPPLY_LOW_GRADE,Bhubaneswar-Cuttack Cluster,54.5,70.45,KG,49.05,77.5
PRC_00975,2026-05-22,CABLE,COPPER_HEAVY_INSULATED,Bhubaneswar-Cuttack Cluster,429.5,480.45,KG,386.55,528.5
PRC_00976,2026-05-22,CABLE,ALUMINIUM_WIRE,Bhubaneswar-Cuttack Cluster,119.5,145.45,KG,107.55,160.0
PRC_00977,2026-05-22,BATTERY,LEAD_ACID,Bhubaneswar-Cuttack Cluster,94.5,112.45,KG,85.05,123.7
PRC_00978,2026-05-22,BATTERY,BATTERY_LITHIUM_PORTABLE,Bhubaneswar-Cuttack Cluster,129.5,160.45,KG,116.55,176.5
PRC_00979,2026-05-22,DISPLAY,LCD_PANEL_INTACT,Bhubaneswar-Cuttack Cluster,159.5,220.45,PIECE,143.55,242.5
PRC_00980,2026-05-22,DISPLAY,CRT_MONITOR,Bhubaneswar-Cuttack Cluster,69.5,100.45,PIECE,62.55,110.5
PRC_00981,2026-05-22,PLASTIC,MIXED_EWASTE_CASING,Bhubaneswar-Cuttack Cluster,27.5,36.45,KG,24.75,40.1
PRC_00982,2026-05-22,PCB,MOTHERBOARD_HIGH_GRADE,Chennai-Ambattur Cluster,289.5,330.45,KG,260.55,363.5
PRC_00983,2026-05-22,PCB,POWER_SUPPLY_LOW_GRADE,Chennai-Ambattur Cluster,54.5,70.45,KG,49.05,77.5
PRC_00984,2026-05-22,CABLE,COPPER_HEAVY_INSULATED,Chennai-Ambattur Cluster,429.5,480.45,KG,386.55,528.5
PRC_00985,2026-05-22,CABLE,ALUMINIUM_WIRE,Chennai-Ambattur Cluster,119.5,145.45,KG,107.55,160.0
PRC_00986,2026-05-22,BATTERY,LEAD_ACID,Chennai-Ambattur Cluster,94.5,112.45,KG,85.05,123.7
PRC_00987,2026-05-22,BATTERY,BATTERY_LITHIUM_PORTABLE,Chennai-Ambattur Cluster,129.5,160.45,KG,116.55,176.5
PRC_00988,2026-05-22,DISPLAY,LCD_PANEL_INTACT,Chennai-Ambattur Cluster,159.5,220.45,PIECE,143.55,242.5
PRC_00989,2026-05-22,DISPLAY,CRT_MONITOR,Chennai-Ambattur Cluster,69.5,100.45,PIECE,62.55,110.5
PRC_00990,2026-05-22,PLASTIC,MIXED_EWASTE_CASING,Chennai-Ambattur Cluster,27.5,36.45,KG,24.75,40.1
PRC_00991,2026-05-23,PCB,MOTHERBOARD_HIGH_GRADE,Delhi-Mayapuri Cluster,289.76,330.73,KG,260.78,363.8
PRC_00992,2026-05-23,PCB,POWER_SUPPLY_LOW_GRADE,Delhi-Mayapuri Cluster,54.76,70.73,KG,49.28,77.8
PRC_00993,2026-05-23,CABLE,COPPER_HEAVY_INSULATED,Delhi-Mayapuri Cluster,429.76,480.73,KG,386.78,528.8
PRC_00994,2026-05-23,CABLE,ALUMINIUM_WIRE,Delhi-Mayapuri Cluster,119.76,145.73,KG,107.78,160.3
PRC_00995,2026-05-23,BATTERY,LEAD_ACID,Delhi-Mayapuri Cluster,94.76,112.73,KG,85.28,124.0
PRC_00996,2026-05-23,BATTERY,BATTERY_LITHIUM_PORTABLE,Delhi-Mayapuri Cluster,129.76,160.73,KG,116.78,176.8
PRC_00997,2026-05-23,DISPLAY,LCD_PANEL_INTACT,Delhi-Mayapuri Cluster,159.76,220.73,PIECE,143.78,242.8
PRC_00998,2026-05-23,DISPLAY,CRT_MONITOR,Delhi-Mayapuri Cluster,69.76,100.73,PIECE,62.78,110.8
PRC_00999,2026-05-23,PLASTIC,MIXED_EWASTE_CASING,Delhi-Mayapuri Cluster,27.76,36.73,KG,24.98,40.4
PRC_01000,2026-05-23,PCB,MOTHERBOARD_HIGH_GRADE,Mumbai-Dharavi Cluster,289.76,330.73,KG,260.78,363.8
PRC_01001,2026-05-23,PCB,POWER_SUPPLY_LOW_GRADE,Mumbai-Dharavi Cluster,54.76,70.73,KG,49.28,77.8
PRC_01002,2026-05-23,CABLE,COPPER_HEAVY_INSULATED,Mumbai-Dharavi Cluster,429.76,480.73,KG,386.78,528.8
PRC_01003,2026-05-23,CABLE,ALUMINIUM_WIRE,Mumbai-Dharavi Cluster,119.76,145.73,KG,107.78,160.3
PRC_01004,2026-05-23,BATTERY,LEAD_ACID,Mumbai-Dharavi Cluster,94.76,112.73,KG,85.28,124.0
PRC_01005,2026-05-23,BATTERY,BATTERY_LITHIUM_PORTABLE,Mumbai-Dharavi Cluster,129.76,160.73,KG,116.78,176.8
PRC_01006,2026-05-23,DISPLAY,LCD_PANEL_INTACT,Mumbai-Dharavi Cluster,159.76,220.73,PIECE,143.78,242.8
PRC_01007,2026-05-23,DISPLAY,CRT_MONITOR,Mumbai-Dharavi Cluster,69.76,100.73,PIECE,62.78,110.8
PRC_01008,2026-05-23,PLASTIC,MIXED_EWASTE_CASING,Mumbai-Dharavi Cluster,27.76,36.73,KG,24.98,40.4
PRC_01009,2026-05-23,PCB,MOTHERBOARD_HIGH_GRADE,Bengaluru-Peenya Cluster,289.76,330.73,KG,260.78,363.8
PRC_01010,2026-05-23,PCB,POWER_SUPPLY_LOW_GRADE,Bengaluru-Peenya Cluster,54.76,70.73,KG,49.28,77.8
PRC_01011,2026-05-23,CABLE,COPPER_HEAVY_INSULATED,Bengaluru-Peenya Cluster,429.76,480.73,KG,386.78,528.8
PRC_01012,2026-05-23,CABLE,ALUMINIUM_WIRE,Bengaluru-Peenya Cluster,119.76,145.73,KG,107.78,160.3
PRC_01013,2026-05-23,BATTERY,LEAD_ACID,Bengaluru-Peenya Cluster,94.76,112.73,KG,85.28,124.0
PRC_01014,2026-05-23,BATTERY,BATTERY_LITHIUM_PORTABLE,Bengaluru-Peenya Cluster,129.76,160.73,KG,116.78,176.8
PRC_01015,2026-05-23,DISPLAY,LCD_PANEL_INTACT,Bengaluru-Peenya Cluster,159.76,220.73,PIECE,143.78,242.8
PRC_01016,2026-05-23,DISPLAY,CRT_MONITOR,Bengaluru-Peenya Cluster,69.76,100.73,PIECE,62.78,110.8
PRC_01017,2026-05-23,PLASTIC,MIXED_EWASTE_CASING,Bengaluru-Peenya Cluster,27.76,36.73,KG,24.98,40.4
PRC_01018,2026-05-23,PCB,MOTHERBOARD_HIGH_GRADE,Bhubaneswar-Cuttack Cluster,289.76,330.73,KG,260.78,363.8
PRC_01019,2026-05-23,PCB,POWER_SUPPLY_LOW_GRADE,Bhubaneswar-Cuttack Cluster,54.76,70.73,KG,49.28,77.8
PRC_01020,2026-05-23,CABLE,COPPER_HEAVY_INSULATED,Bhubaneswar-Cuttack Cluster,429.76,480.73,KG,386.78,528.8
PRC_01021,2026-05-23,CABLE,ALUMINIUM_WIRE,Bhubaneswar-Cuttack Cluster,119.76,145.73,KG,107.78,160.3
PRC_01022,2026-05-23,BATTERY,LEAD_ACID,Bhubaneswar-Cuttack Cluster,94.76,112.73,KG,85.28,124.0
PRC_01023,2026-05-23,BATTERY,BATTERY_LITHIUM_PORTABLE,Bhubaneswar-Cuttack Cluster,129.76,160.73,KG,116.78,176.8
PRC_01024,2026-05-23,DISPLAY,LCD_PANEL_INTACT,Bhubaneswar-Cuttack Cluster,159.76,220.73,PIECE,143.78,242.8
PRC_01025,2026-05-23,DISPLAY,CRT_MONITOR,Bhubaneswar-Cuttack Cluster,69.76,100.73,PIECE,62.78,110.8
PRC_01026,2026-05-23,PLASTIC,MIXED_EWASTE_CASING,Bhubaneswar-Cuttack Cluster,27.76,36.73,KG,24.98,40.4
PRC_01027,2026-05-23,PCB,MOTHERBOARD_HIGH_GRADE,Chennai-Ambattur Cluster,289.76,330.73,KG,260.78,363.8
PRC_01028,2026-05-23,PCB,POWER_SUPPLY_LOW_GRADE,Chennai-Ambattur Cluster,54.76,70.73,KG,49.28,77.8
PRC_01029,2026-05-23,CABLE,COPPER_HEAVY_INSULATED,Chennai-Ambattur Cluster,429.76,480.73,KG,386.78,528.8
PRC_01030,2026-05-23,CABLE,ALUMINIUM_WIRE,Chennai-Ambattur Cluster,119.76,145.73,KG,107.78,160.3
PRC_01031,2026-05-23,BATTERY,LEAD_ACID,Chennai-Ambattur Cluster,94.76,112.73,KG,85.28,124.0
PRC_01032,2026-05-23,BATTERY,BATTERY_LITHIUM_PORTABLE,Chennai-Ambattur Cluster,129.76,160.73,KG,116.78,176.8
PRC_01033,2026-05-23,DISPLAY,LCD_PANEL_INTACT,Chennai-Ambattur Cluster,159.76,220.73,PIECE,143.78,242.8
PRC_01034,2026-05-23,DISPLAY,CRT_MONITOR,Chennai-Ambattur Cluster,69.76,100.73,PIECE,62.78,110.8
PRC_01035,2026-05-23,PLASTIC,MIXED_EWASTE_CASING,Chennai-Ambattur Cluster,27.76,36.73,KG,24.98,40.4
PRC_01036,2026-05-24,PCB,MOTHERBOARD_HIGH_GRADE,Delhi-Mayapuri Cluster,287.27,328.0,KG,258.54,360.8
PRC_01037,2026-05-24,PCB,POWER_SUPPLY_LOW_GRADE,Delhi-Mayapuri Cluster,52.27,68.0,KG,47.04,74.8
PRC_01038,2026-05-24,CABLE,COPPER_HEAVY_INSULATED,Delhi-Mayapuri Cluster,427.27,478.0,KG,384.54,525.8
PRC_01039,2026-05-24,CABLE,ALUMINIUM_WIRE,Delhi-Mayapuri Cluster,117.27,143.0,KG,105.54,157.3
PRC_01040,2026-05-24,BATTERY,LEAD_ACID,Delhi-Mayapuri Cluster,92.27,110.0,KG,83.04,121.0
PRC_01041,2026-05-24,BATTERY,BATTERY_LITHIUM_PORTABLE,Delhi-Mayapuri Cluster,127.27,158.0,KG,114.54,173.8
PRC_01042,2026-05-24,DISPLAY,LCD_PANEL_INTACT,Delhi-Mayapuri Cluster,157.27,218.0,PIECE,141.54,239.8
PRC_01043,2026-05-24,DISPLAY,CRT_MONITOR,Delhi-Mayapuri Cluster,67.27,98.0,PIECE,60.54,107.8
PRC_01044,2026-05-24,PLASTIC,MIXED_EWASTE_CASING,Delhi-Mayapuri Cluster,25.27,34.0,KG,22.74,37.4
PRC_01045,2026-05-24,PCB,MOTHERBOARD_HIGH_GRADE,Mumbai-Dharavi Cluster,287.27,328.0,KG,258.54,360.8
PRC_01046,2026-05-24,PCB,POWER_SUPPLY_LOW_GRADE,Mumbai-Dharavi Cluster,52.27,68.0,KG,47.04,74.8
PRC_01047,2026-05-24,CABLE,COPPER_HEAVY_INSULATED,Mumbai-Dharavi Cluster,427.27,478.0,KG,384.54,525.8
PRC_01048,2026-05-24,CABLE,ALUMINIUM_WIRE,Mumbai-Dharavi Cluster,117.27,143.0,KG,105.54,157.3
PRC_01049,2026-05-24,BATTERY,LEAD_ACID,Mumbai-Dharavi Cluster,92.27,110.0,KG,83.04,121.0
PRC_01050,2026-05-24,BATTERY,BATTERY_LITHIUM_PORTABLE,Mumbai-Dharavi Cluster,127.27,158.0,KG,114.54,173.8
PRC_01051,2026-05-24,DISPLAY,LCD_PANEL_INTACT,Mumbai-Dharavi Cluster,157.27,218.0,PIECE,141.54,239.8
PRC_01052,2026-05-24,DISPLAY,CRT_MONITOR,Mumbai-Dharavi Cluster,67.27,98.0,PIECE,60.54,107.8
PRC_01053,2026-05-24,PLASTIC,MIXED_EWASTE_CASING,Mumbai-Dharavi Cluster,25.27,34.0,KG,22.74,37.4
PRC_01054,2026-05-24,PCB,MOTHERBOARD_HIGH_GRADE,Bengaluru-Peenya Cluster,287.27,328.0,KG,258.54,360.8
PRC_01055,2026-05-24,PCB,POWER_SUPPLY_LOW_GRADE,Bengaluru-Peenya Cluster,52.27,68.0,KG,47.04,74.8
PRC_01056,2026-05-24,CABLE,COPPER_HEAVY_INSULATED,Bengaluru-Peenya Cluster,427.27,478.0,KG,384.54,525.8
PRC_01057,2026-05-24,CABLE,ALUMINIUM_WIRE,Bengaluru-Peenya Cluster,117.27,143.0,KG,105.54,157.3
PRC_01058,2026-05-24,BATTERY,LEAD_ACID,Bengaluru-Peenya Cluster,92.27,110.0,KG,83.04,121.0
PRC_01059,2026-05-24,BATTERY,BATTERY_LITHIUM_PORTABLE,Bengaluru-Peenya Cluster,127.27,158.0,KG,114.54,173.8
PRC_01060,2026-05-24,DISPLAY,LCD_PANEL_INTACT,Bengaluru-Peenya Cluster,157.27,218.0,PIECE,141.54,239.8
PRC_01061,2026-05-24,DISPLAY,CRT_MONITOR,Bengaluru-Peenya Cluster,67.27,98.0,PIECE,60.54,107.8
PRC_01062,2026-05-24,PLASTIC,MIXED_EWASTE_CASING,Bengaluru-Peenya Cluster,25.27,34.0,KG,22.74,37.4
PRC_01063,2026-05-24,PCB,MOTHERBOARD_HIGH_GRADE,Bhubaneswar-Cuttack Cluster,287.27,328.0,KG,258.54,360.8
PRC_01064,2026-05-24,PCB,POWER_SUPPLY_LOW_GRADE,Bhubaneswar-Cuttack Cluster,52.27,68.0,KG,47.04,74.8
PRC_01065,2026-05-24,CABLE,COPPER_HEAVY_INSULATED,Bhubaneswar-Cuttack Cluster,427.27,478.0,KG,384.54,525.8
PRC_01066,2026-05-24,CABLE,ALUMINIUM_WIRE,Bhubaneswar-Cuttack Cluster,117.27,143.0,KG,105.54,157.3
PRC_01067,2026-05-24,BATTERY,LEAD_ACID,Bhubaneswar-Cuttack Cluster,92.27,110.0,KG,83.04,121.0
PRC_01068,2026-05-24,BATTERY,BATTERY_LITHIUM_PORTABLE,Bhubaneswar-Cuttack Cluster,127.27,158.0,KG,114.54,173.8
PRC_01069,2026-05-24,DISPLAY,LCD_PANEL_INTACT,Bhubaneswar-Cuttack Cluster,157.27,218.0,PIECE,141.54,239.8
PRC_01070,2026-05-24,DISPLAY,CRT_MONITOR,Bhubaneswar-Cuttack Cluster,67.27,98.0,PIECE,60.54,107.8
PRC_01071,2026-05-24,PLASTIC,MIXED_EWASTE_CASING,Bhubaneswar-Cuttack Cluster,25.27,34.0,KG,22.74,37.4
PRC_01072,2026-05-24,PCB,MOTHERBOARD_HIGH_GRADE,Chennai-Ambattur Cluster,287.27,328.0,KG,258.54,360.8
PRC_01073,2026-05-24,PCB,POWER_SUPPLY_LOW_GRADE,Chennai-Ambattur Cluster,52.27,68.0,KG,47.04,74.8
PRC_01074,2026-05-24,CABLE,COPPER_HEAVY_INSULATED,Chennai-Ambattur Cluster,427.27,478.0,KG,384.54,525.8
PRC_01075,2026-05-24,CABLE,ALUMINIUM_WIRE,Chennai-Ambattur Cluster,117.27,143.0,KG,105.54,157.3
PRC_01076,2026-05-24,BATTERY,LEAD_ACID,Chennai-Ambattur Cluster,92.27,110.0,KG,83.04,121.0
PRC_01077,2026-05-24,BATTERY,BATTERY_LITHIUM_PORTABLE,Chennai-Ambattur Cluster,127.27,158.0,KG,114.54,173.8
PRC_01078,2026-05-24,DISPLAY,LCD_PANEL_INTACT,Chennai-Ambattur Cluster,157.27,218.0,PIECE,141.54,239.8
PRC_01079,2026-05-24,DISPLAY,CRT_MONITOR,Chennai-Ambattur Cluster,67.27,98.0,PIECE,60.54,107.8
PRC_01080,2026-05-24,PLASTIC,MIXED_EWASTE_CASING,Chennai-Ambattur Cluster,25.27,34.0,KG,22.74,37.4
PRC_01081,2026-05-25,PCB,MOTHERBOARD_HIGH_GRADE,Delhi-Mayapuri Cluster,288.28,329.1,KG,259.45,362.01
PRC_01082,2026-05-25,PCB,POWER_SUPPLY_LOW_GRADE,Delhi-Mayapuri Cluster,53.28,69.1,KG,47.95,76.01
PRC_01083,2026-05-25,CABLE,COPPER_HEAVY_INSULATED,Delhi-Mayapuri Cluster,428.28,479.1,KG,385.45,527.01
PRC_01084,2026-05-25,CABLE,ALUMINIUM_WIRE,Delhi-Mayapuri Cluster,118.28,144.1,KG,106.45,158.51
PRC_01085,2026-05-25,BATTERY,LEAD_ACID,Delhi-Mayapuri Cluster,93.28,111.1,KG,83.95,122.21
PRC_01086,2026-05-25,BATTERY,BATTERY_LITHIUM_PORTABLE,Delhi-Mayapuri Cluster,128.28,159.1,KG,115.45,175.01
PRC_01087,2026-05-25,DISPLAY,LCD_PANEL_INTACT,Delhi-Mayapuri Cluster,158.28,219.1,PIECE,142.45,241.01
PRC_01088,2026-05-25,DISPLAY,CRT_MONITOR,Delhi-Mayapuri Cluster,68.28,99.1,PIECE,61.45,109.01
PRC_01089,2026-05-25,PLASTIC,MIXED_EWASTE_CASING,Delhi-Mayapuri Cluster,26.28,35.1,KG,23.65,38.61
PRC_01090,2026-05-25,PCB,MOTHERBOARD_HIGH_GRADE,Mumbai-Dharavi Cluster,288.28,329.1,KG,259.45,362.01
PRC_01091,2026-05-25,PCB,POWER_SUPPLY_LOW_GRADE,Mumbai-Dharavi Cluster,53.28,69.1,KG,47.95,76.01
PRC_01092,2026-05-25,CABLE,COPPER_HEAVY_INSULATED,Mumbai-Dharavi Cluster,428.28,479.1,KG,385.45,527.01
PRC_01093,2026-05-25,CABLE,ALUMINIUM_WIRE,Mumbai-Dharavi Cluster,118.28,144.1,KG,106.45,158.51
PRC_01094,2026-05-25,BATTERY,LEAD_ACID,Mumbai-Dharavi Cluster,93.28,111.1,KG,83.95,122.21
PRC_01095,2026-05-25,BATTERY,BATTERY_LITHIUM_PORTABLE,Mumbai-Dharavi Cluster,128.28,159.1,KG,115.45,175.01
PRC_01096,2026-05-25,DISPLAY,LCD_PANEL_INTACT,Mumbai-Dharavi Cluster,158.28,219.1,PIECE,142.45,241.01
PRC_01097,2026-05-25,DISPLAY,CRT_MONITOR,Mumbai-Dharavi Cluster,68.28,99.1,PIECE,61.45,109.01
PRC_01098,2026-05-25,PLASTIC,MIXED_EWASTE_CASING,Mumbai-Dharavi Cluster,26.28,35.1,KG,23.65,38.61
PRC_01099,2026-05-25,PCB,MOTHERBOARD_HIGH_GRADE,Bengaluru-Peenya Cluster,288.28,329.1,KG,259.45,362.01
PRC_01100,2026-05-25,PCB,POWER_SUPPLY_LOW_GRADE,Bengaluru-Peenya Cluster,53.28,69.1,KG,47.95,76.01
PRC_01101,2026-05-25,CABLE,COPPER_HEAVY_INSULATED,Bengaluru-Peenya Cluster,428.28,479.1,KG,385.45,527.01
PRC_01102,2026-05-25,CABLE,ALUMINIUM_WIRE,Bengaluru-Peenya Cluster,118.28,144.1,KG,106.45,158.51
PRC_01103,2026-05-25,BATTERY,LEAD_ACID,Bengaluru-Peenya Cluster,93.28,111.1,KG,83.95,122.21
PRC_01104,2026-05-25,BATTERY,BATTERY_LITHIUM_PORTABLE,Bengaluru-Peenya Cluster,128.28,159.1,KG,115.45,175.01
PRC_01105,2026-05-25,DISPLAY,LCD_PANEL_INTACT,Bengaluru-Peenya Cluster,158.28,219.1,PIECE,142.45,241.01
PRC_01106,2026-05-25,DISPLAY,CRT_MONITOR,Bengaluru-Peenya Cluster,68.28,99.1,PIECE,61.45,109.01
PRC_01107,2026-05-25,PLASTIC,MIXED_EWASTE_CASING,Bengaluru-Peenya Cluster,26.28,35.1,KG,23.65,38.61
PRC_01108,2026-05-25,PCB,MOTHERBOARD_HIGH_GRADE,Bhubaneswar-Cuttack Cluster,288.28,329.1,KG,259.45,362.01
PRC_01109,2026-05-25,PCB,POWER_SUPPLY_LOW_GRADE,Bhubaneswar-Cuttack Cluster,53.28,69.1,KG,47.95,76.01
PRC_01110,2026-05-25,CABLE,COPPER_HEAVY_INSULATED,Bhubaneswar-Cuttack Cluster,428.28,479.1,KG,385.45,527.01
PRC_01111,2026-05-25,CABLE,ALUMINIUM_WIRE,Bhubaneswar-Cuttack Cluster,118.28,144.1,KG,106.45,158.51
PRC_01112,2026-05-25,BATTERY,LEAD_ACID,Bhubaneswar-Cuttack Cluster,93.28,111.1,KG,83.95,122.21
PRC_01113,2026-05-25,BATTERY,BATTERY_LITHIUM_PORTABLE,Bhubaneswar-Cuttack Cluster,128.28,159.1,KG,115.45,175.01
PRC_01114,2026-05-25,DISPLAY,LCD_PANEL_INTACT,Bhubaneswar-Cuttack Cluster,158.28,219.1,PIECE,142.45,241.01
PRC_01115,2026-05-25,DISPLAY,CRT_MONITOR,Bhubaneswar-Cuttack Cluster,68.28,99.1,PIECE,61.45,109.01
PRC_01116,2026-05-25,PLASTIC,MIXED_EWASTE_CASING,Bhubaneswar-Cuttack Cluster,26.28,35.1,KG,23.65,38.61
PRC_01117,2026-05-25,PCB,MOTHERBOARD_HIGH_GRADE,Chennai-Ambattur Cluster,288.28,329.1,KG,259.45,362.01
PRC_01118,2026-05-25,PCB,POWER_SUPPLY_LOW_GRADE,Chennai-Ambattur Cluster,53.28,69.1,KG,47.95,76.01
PRC_01119,2026-05-25,CABLE,COPPER_HEAVY_INSULATED,Chennai-Ambattur Cluster,428.28,479.1,KG,385.45,527.01
PRC_01120,2026-05-25,CABLE,ALUMINIUM_WIRE,Chennai-Ambattur Cluster,118.28,144.1,KG,106.45,158.51
PRC_01121,2026-05-25,BATTERY,LEAD_ACID,Chennai-Ambattur Cluster,93.28,111.1,KG,83.95,122.21
PRC_01122,2026-05-25,BATTERY,BATTERY_LITHIUM_PORTABLE,Chennai-Ambattur Cluster,128.28,159.1,KG,115.45,175.01
PRC_01123,2026-05-25,DISPLAY,LCD_PANEL_INTACT,Chennai-Ambattur Cluster,158.28,219.1,PIECE,142.45,241.01
PRC_01124,2026-05-25,DISPLAY,CRT_MONITOR,Chennai-Ambattur Cluster,68.28,99.1,PIECE,61.45,109.01
PRC_01125,2026-05-25,PLASTIC,MIXED_EWASTE_CASING,Chennai-Ambattur Cluster,26.28,35.1,KG,23.65,38.61
PRC_01126,2026-05-26,PCB,MOTHERBOARD_HIGH_GRADE,Delhi-Mayapuri Cluster,288.88,329.77,KG,259.99,362.75
PRC_01127,2026-05-26,PCB,POWER_SUPPLY_LOW_GRADE,Delhi-Mayapuri Cluster,53.88,69.77,KG,48.49,76.75
PRC_01128,2026-05-26,CABLE,COPPER_HEAVY_INSULATED,Delhi-Mayapuri Cluster,428.88,479.77,KG,385.99,527.75
PRC_01129,2026-05-26,CABLE,ALUMINIUM_WIRE,Delhi-Mayapuri Cluster,118.88,144.77,KG,106.99,159.25
PRC_01130,2026-05-26,BATTERY,LEAD_ACID,Delhi-Mayapuri Cluster,93.88,111.77,KG,84.49,122.95
PRC_01131,2026-05-26,BATTERY,BATTERY_LITHIUM_PORTABLE,Delhi-Mayapuri Cluster,128.88,159.77,KG,115.99,175.75
PRC_01132,2026-05-26,DISPLAY,LCD_PANEL_INTACT,Delhi-Mayapuri Cluster,158.88,219.77,PIECE,142.99,241.75
PRC_01133,2026-05-26,DISPLAY,CRT_MONITOR,Delhi-Mayapuri Cluster,68.88,99.77,PIECE,61.99,109.75
PRC_01134,2026-05-26,PLASTIC,MIXED_EWASTE_CASING,Delhi-Mayapuri Cluster,26.88,35.77,KG,24.19,39.35
PRC_01135,2026-05-26,PCB,MOTHERBOARD_HIGH_GRADE,Mumbai-Dharavi Cluster,288.88,329.77,KG,259.99,362.75
PRC_01136,2026-05-26,PCB,POWER_SUPPLY_LOW_GRADE,Mumbai-Dharavi Cluster,53.88,69.77,KG,48.49,76.75
PRC_01137,2026-05-26,CABLE,COPPER_HEAVY_INSULATED,Mumbai-Dharavi Cluster,428.88,479.77,KG,385.99,527.75
PRC_01138,2026-05-26,CABLE,ALUMINIUM_WIRE,Mumbai-Dharavi Cluster,118.88,144.77,KG,106.99,159.25
PRC_01139,2026-05-26,BATTERY,LEAD_ACID,Mumbai-Dharavi Cluster,93.88,111.77,KG,84.49,122.95
PRC_01140,2026-05-26,BATTERY,BATTERY_LITHIUM_PORTABLE,Mumbai-Dharavi Cluster,128.88,159.77,KG,115.99,175.75
PRC_01141,2026-05-26,DISPLAY,LCD_PANEL_INTACT,Mumbai-Dharavi Cluster,158.88,219.77,PIECE,142.99,241.75
PRC_01142,2026-05-26,DISPLAY,CRT_MONITOR,Mumbai-Dharavi Cluster,68.88,99.77,PIECE,61.99,109.75
PRC_01143,2026-05-26,PLASTIC,MIXED_EWASTE_CASING,Mumbai-Dharavi Cluster,26.88,35.77,KG,24.19,39.35
PRC_01144,2026-05-26,PCB,MOTHERBOARD_HIGH_GRADE,Bengaluru-Peenya Cluster,288.88,329.77,KG,259.99,362.75
PRC_01145,2026-05-26,PCB,POWER_SUPPLY_LOW_GRADE,Bengaluru-Peenya Cluster,53.88,69.77,KG,48.49,76.75
PRC_01146,2026-05-26,CABLE,COPPER_HEAVY_INSULATED,Bengaluru-Peenya Cluster,428.88,479.77,KG,385.99,527.75
PRC_01147,2026-05-26,CABLE,ALUMINIUM_WIRE,Bengaluru-Peenya Cluster,118.88,144.77,KG,106.99,159.25
PRC_01148,2026-05-26,BATTERY,LEAD_ACID,Bengaluru-Peenya Cluster,93.88,111.77,KG,84.49,122.95
PRC_01149,2026-05-26,BATTERY,BATTERY_LITHIUM_PORTABLE,Bengaluru-Peenya Cluster,128.88,159.77,KG,115.99,175.75
PRC_01150,2026-05-26,DISPLAY,LCD_PANEL_INTACT,Bengaluru-Peenya Cluster,158.88,219.77,PIECE,142.99,241.75
PRC_01151,2026-05-26,DISPLAY,CRT_MONITOR,Bengaluru-Peenya Cluster,68.88,99.77,PIECE,61.99,109.75
PRC_01152,2026-05-26,PLASTIC,MIXED_EWASTE_CASING,Bengaluru-Peenya Cluster,26.88,35.77,KG,24.19,39.35
PRC_01153,2026-05-26,PCB,MOTHERBOARD_HIGH_GRADE,Bhubaneswar-Cuttack Cluster,288.88,329.77,KG,259.99,362.75
PRC_01154,2026-05-26,PCB,POWER_SUPPLY_LOW_GRADE,Bhubaneswar-Cuttack Cluster,53.88,69.77,KG,48.49,76.75
PRC_01155,2026-05-26,CABLE,COPPER_HEAVY_INSULATED,Bhubaneswar-Cuttack Cluster,428.88,479.77,KG,385.99,527.75
PRC_01156,2026-05-26,CABLE,ALUMINIUM_WIRE,Bhubaneswar-Cuttack Cluster,118.88,144.77,KG,106.99,159.25
PRC_01157,2026-05-26,BATTERY,LEAD_ACID,Bhubaneswar-Cuttack Cluster,93.88,111.77,KG,84.49,122.95
PRC_01158,2026-05-26,BATTERY,BATTERY_LITHIUM_PORTABLE,Bhubaneswar-Cuttack Cluster,128.88,159.77,KG,115.99,175.75
PRC_01159,2026-05-26,DISPLAY,LCD_PANEL_INTACT,Bhubaneswar-Cuttack Cluster,158.88,219.77,PIECE,142.99,241.75
PRC_01160,2026-05-26,DISPLAY,CRT_MONITOR,Bhubaneswar-Cuttack Cluster,68.88,99.77,PIECE,61.99,109.75
PRC_01161,2026-05-26,PLASTIC,MIXED_EWASTE_CASING,Bhubaneswar-Cuttack Cluster,26.88,35.77,KG,24.19,39.35
PRC_01162,2026-05-26,PCB,MOTHERBOARD_HIGH_GRADE,Chennai-Ambattur Cluster,288.88,329.77,KG,259.99,362.75
PRC_01163,2026-05-26,PCB,POWER_SUPPLY_LOW_GRADE,Chennai-Ambattur Cluster,53.88,69.77,KG,48.49,76.75
PRC_01164,2026-05-26,CABLE,COPPER_HEAVY_INSULATED,Chennai-Ambattur Cluster,428.88,479.77,KG,385.99,527.75
PRC_01165,2026-05-26,CABLE,ALUMINIUM_WIRE,Chennai-Ambattur Cluster,118.88,144.77,KG,106.99,159.25
PRC_01166,2026-05-26,BATTERY,LEAD_ACID,Chennai-Ambattur Cluster,93.88,111.77,KG,84.49,122.95
PRC_01167,2026-05-26,BATTERY,BATTERY_LITHIUM_PORTABLE,Chennai-Ambattur Cluster,128.88,159.77,KG,115.99,175.75
PRC_01168,2026-05-26,DISPLAY,LCD_PANEL_INTACT,Chennai-Ambattur Cluster,158.88,219.77,PIECE,142.99,241.75
PRC_01169,2026-05-26,DISPLAY,CRT_MONITOR,Chennai-Ambattur Cluster,68.88,99.77,PIECE,61.99,109.75
PRC_01170,2026-05-26,PLASTIC,MIXED_EWASTE_CASING,Chennai-Ambattur Cluster,26.88,35.77,KG,24.19,39.35
PRC_01171,2026-05-27,PCB,MOTHERBOARD_HIGH_GRADE,Delhi-Mayapuri Cluster,286.55,327.21,KG,257.9,359.93
PRC_01172,2026-05-27,PCB,POWER_SUPPLY_LOW_GRADE,Delhi-Mayapuri Cluster,51.55,67.21,KG,46.4,73.93
PRC_01173,2026-05-27,CABLE,COPPER_HEAVY_INSULATED,Delhi-Mayapuri Cluster,426.55,477.21,KG,383.9,524.93
PRC_01174,2026-05-27,CABLE,ALUMINIUM_WIRE,Delhi-Mayapuri Cluster,116.55,142.21,KG,104.9,156.43
PRC_01175,2026-05-27,BATTERY,LEAD_ACID,Delhi-Mayapuri Cluster,91.55,109.21,KG,82.4,120.13
PRC_01176,2026-05-27,BATTERY,BATTERY_LITHIUM_PORTABLE,Delhi-Mayapuri Cluster,126.55,157.21,KG,113.9,172.93
PRC_01177,2026-05-27,DISPLAY,LCD_PANEL_INTACT,Delhi-Mayapuri Cluster,156.55,217.21,PIECE,140.9,238.93
PRC_01178,2026-05-27,DISPLAY,CRT_MONITOR,Delhi-Mayapuri Cluster,66.55,97.21,PIECE,59.9,106.93
PRC_01179,2026-05-27,PLASTIC,MIXED_EWASTE_CASING,Delhi-Mayapuri Cluster,24.55,33.21,KG,22.1,36.53
PRC_01180,2026-05-27,PCB,MOTHERBOARD_HIGH_GRADE,Mumbai-Dharavi Cluster,286.55,327.21,KG,257.9,359.93
PRC_01181,2026-05-27,PCB,POWER_SUPPLY_LOW_GRADE,Mumbai-Dharavi Cluster,51.55,67.21,KG,46.4,73.93
PRC_01182,2026-05-27,CABLE,COPPER_HEAVY_INSULATED,Mumbai-Dharavi Cluster,426.55,477.21,KG,383.9,524.93
PRC_01183,2026-05-27,CABLE,ALUMINIUM_WIRE,Mumbai-Dharavi Cluster,116.55,142.21,KG,104.9,156.43
PRC_01184,2026-05-27,BATTERY,LEAD_ACID,Mumbai-Dharavi Cluster,91.55,109.21,KG,82.4,120.13
PRC_01185,2026-05-27,BATTERY,BATTERY_LITHIUM_PORTABLE,Mumbai-Dharavi Cluster,126.55,157.21,KG,113.9,172.93
PRC_01186,2026-05-27,DISPLAY,LCD_PANEL_INTACT,Mumbai-Dharavi Cluster,156.55,217.21,PIECE,140.9,238.93
PRC_01187,2026-05-27,DISPLAY,CRT_MONITOR,Mumbai-Dharavi Cluster,66.55,97.21,PIECE,59.9,106.93
PRC_01188,2026-05-27,PLASTIC,MIXED_EWASTE_CASING,Mumbai-Dharavi Cluster,24.55,33.21,KG,22.1,36.53
PRC_01189,2026-05-27,PCB,MOTHERBOARD_HIGH_GRADE,Bengaluru-Peenya Cluster,286.55,327.21,KG,257.9,359.93
PRC_01190,2026-05-27,PCB,POWER_SUPPLY_LOW_GRADE,Bengaluru-Peenya Cluster,51.55,67.21,KG,46.4,73.93
PRC_01191,2026-05-27,CABLE,COPPER_HEAVY_INSULATED,Bengaluru-Peenya Cluster,426.55,477.21,KG,383.9,524.93
PRC_01192,2026-05-27,CABLE,ALUMINIUM_WIRE,Bengaluru-Peenya Cluster,116.55,142.21,KG,104.9,156.43
PRC_01193,2026-05-27,BATTERY,LEAD_ACID,Bengaluru-Peenya Cluster,91.55,109.21,KG,82.4,120.13
PRC_01194,2026-05-27,BATTERY,BATTERY_LITHIUM_PORTABLE,Bengaluru-Peenya Cluster,126.55,157.21,KG,113.9,172.93
PRC_01195,2026-05-27,DISPLAY,LCD_PANEL_INTACT,Bengaluru-Peenya Cluster,156.55,217.21,PIECE,140.9,238.93
PRC_01196,2026-05-27,DISPLAY,CRT_MONITOR,Bengaluru-Peenya Cluster,66.55,97.21,PIECE,59.9,106.93
PRC_01197,2026-05-27,PLASTIC,MIXED_EWASTE_CASING,Bengaluru-Peenya Cluster,24.55,33.21,KG,22.1,36.53
PRC_01198,2026-05-27,PCB,MOTHERBOARD_HIGH_GRADE,Bhubaneswar-Cuttack Cluster,286.55,327.21,KG,257.9,359.93
PRC_01199,2026-05-27,PCB,POWER_SUPPLY_LOW_GRADE,Bhubaneswar-Cuttack Cluster,51.55,67.21,KG,46.4,73.93
PRC_01200,2026-05-27,CABLE,COPPER_HEAVY_INSULATED,Bhubaneswar-Cuttack Cluster,426.55,477.21,KG,383.9,524.93
PRC_01201,2026-05-27,CABLE,ALUMINIUM_WIRE,Bhubaneswar-Cuttack Cluster,116.55,142.21,KG,104.9,156.43
PRC_01202,2026-05-27,BATTERY,LEAD_ACID,Bhubaneswar-Cuttack Cluster,91.55,109.21,KG,82.4,120.13
PRC_01203,2026-05-27,BATTERY,BATTERY_LITHIUM_PORTABLE,Bhubaneswar-Cuttack Cluster,126.55,157.21,KG,113.9,172.93
PRC_01204,2026-05-27,DISPLAY,LCD_PANEL_INTACT,Bhubaneswar-Cuttack Cluster,156.55,217.21,PIECE,140.9,238.93
PRC_01205,2026-05-27,DISPLAY,CRT_MONITOR,Bhubaneswar-Cuttack Cluster,66.55,97.21,PIECE,59.9,106.93
PRC_01206,2026-05-27,PLASTIC,MIXED_EWASTE_CASING,Bhubaneswar-Cuttack Cluster,24.55,33.21,KG,22.1,36.53
PRC_01207,2026-05-27,PCB,MOTHERBOARD_HIGH_GRADE,Chennai-Ambattur Cluster,286.55,327.21,KG,257.9,359.93
PRC_01208,2026-05-27,PCB,POWER_SUPPLY_LOW_GRADE,Chennai-Ambattur Cluster,51.55,67.21,KG,46.4,73.93
PRC_01209,2026-05-27,CABLE,COPPER_HEAVY_INSULATED,Chennai-Ambattur Cluster,426.55,477.21,KG,383.9,524.93
PRC_01210,2026-05-27,CABLE,ALUMINIUM_WIRE,Chennai-Ambattur Cluster,116.55,142.21,KG,104.9,156.43
PRC_01211,2026-05-27,BATTERY,LEAD_ACID,Chennai-Ambattur Cluster,91.55,109.21,KG,82.4,120.13
PRC_01212,2026-05-27,BATTERY,BATTERY_LITHIUM_PORTABLE,Chennai-Ambattur Cluster,126.55,157.21,KG,113.9,172.93
PRC_01213,2026-05-27,DISPLAY,LCD_PANEL_INTACT,Chennai-Ambattur Cluster,156.55,217.21,PIECE,140.9,238.93
PRC_01214,2026-05-27,DISPLAY,CRT_MONITOR,Chennai-Ambattur Cluster,66.55,97.21,PIECE,59.9,106.93
PRC_01215,2026-05-27,PLASTIC,MIXED_EWASTE_CASING,Chennai-Ambattur Cluster,24.55,33.21,KG,22.1,36.53
PRC_01216,2026-05-28,PCB,MOTHERBOARD_HIGH_GRADE,Delhi-Mayapuri Cluster,288.34,329.18,KG,259.51,362.1
PRC_01217,2026-05-28,PCB,POWER_SUPPLY_LOW_GRADE,Delhi-Mayapuri Cluster,53.34,69.18,KG,48.01,76.1
PRC_01218,2026-05-28,CABLE,COPPER_HEAVY_INSULATED,Delhi-Mayapuri Cluster,428.34,479.18,KG,385.51,527.1
PRC_01219,2026-05-28,CABLE,ALUMINIUM_WIRE,Delhi-Mayapuri Cluster,118.34,144.18,KG,106.51,158.6
PRC_01220,2026-05-28,BATTERY,LEAD_ACID,Delhi-Mayapuri Cluster,93.34,111.18,KG,84.01,122.3
PRC_01221,2026-05-28,BATTERY,BATTERY_LITHIUM_PORTABLE,Delhi-Mayapuri Cluster,128.34,159.18,KG,115.51,175.1
PRC_01222,2026-05-28,DISPLAY,LCD_PANEL_INTACT,Delhi-Mayapuri Cluster,158.34,219.18,PIECE,142.51,241.1
PRC_01223,2026-05-28,DISPLAY,CRT_MONITOR,Delhi-Mayapuri Cluster,68.34,99.18,PIECE,61.51,109.1
PRC_01224,2026-05-28,PLASTIC,MIXED_EWASTE_CASING,Delhi-Mayapuri Cluster,26.34,35.18,KG,23.71,38.7
PRC_01225,2026-05-28,PCB,MOTHERBOARD_HIGH_GRADE,Mumbai-Dharavi Cluster,288.34,329.18,KG,259.51,362.1
PRC_01226,2026-05-28,PCB,POWER_SUPPLY_LOW_GRADE,Mumbai-Dharavi Cluster,53.34,69.18,KG,48.01,76.1
PRC_01227,2026-05-28,CABLE,COPPER_HEAVY_INSULATED,Mumbai-Dharavi Cluster,428.34,479.18,KG,385.51,527.1
PRC_01228,2026-05-28,CABLE,ALUMINIUM_WIRE,Mumbai-Dharavi Cluster,118.34,144.18,KG,106.51,158.6
PRC_01229,2026-05-28,BATTERY,LEAD_ACID,Mumbai-Dharavi Cluster,93.34,111.18,KG,84.01,122.3
PRC_01230,2026-05-28,BATTERY,BATTERY_LITHIUM_PORTABLE,Mumbai-Dharavi Cluster,128.34,159.18,KG,115.51,175.1
PRC_01231,2026-05-28,DISPLAY,LCD_PANEL_INTACT,Mumbai-Dharavi Cluster,158.34,219.18,PIECE,142.51,241.1
PRC_01232,2026-05-28,DISPLAY,CRT_MONITOR,Mumbai-Dharavi Cluster,68.34,99.18,PIECE,61.51,109.1
PRC_01233,2026-05-28,PLASTIC,MIXED_EWASTE_CASING,Mumbai-Dharavi Cluster,26.34,35.18,KG,23.71,38.7
PRC_01234,2026-05-28,PCB,MOTHERBOARD_HIGH_GRADE,Bengaluru-Peenya Cluster,288.34,329.18,KG,259.51,362.1
PRC_01235,2026-05-28,PCB,POWER_SUPPLY_LOW_GRADE,Bengaluru-Peenya Cluster,53.34,69.18,KG,48.01,76.1
PRC_01236,2026-05-28,CABLE,COPPER_HEAVY_INSULATED,Bengaluru-Peenya Cluster,428.34,479.18,KG,385.51,527.1
PRC_01237,2026-05-28,CABLE,ALUMINIUM_WIRE,Bengaluru-Peenya Cluster,118.34,144.18,KG,106.51,158.6
PRC_01238,2026-05-28,BATTERY,LEAD_ACID,Bengaluru-Peenya Cluster,93.34,111.18,KG,84.01,122.3
PRC_01239,2026-05-28,BATTERY,BATTERY_LITHIUM_PORTABLE,Bengaluru-Peenya Cluster,128.34,159.18,KG,115.51,175.1
PRC_01240,2026-05-28,DISPLAY,LCD_PANEL_INTACT,Bengaluru-Peenya Cluster,158.34,219.18,PIECE,142.51,241.1
PRC_01241,2026-05-28,DISPLAY,CRT_MONITOR,Bengaluru-Peenya Cluster,68.34,99.18,PIECE,61.51,109.1
PRC_01242,2026-05-28,PLASTIC,MIXED_EWASTE_CASING,Bengaluru-Peenya Cluster,26.34,35.18,KG,23.71,38.7
PRC_01243,2026-05-28,PCB,MOTHERBOARD_HIGH_GRADE,Bhubaneswar-Cuttack Cluster,288.34,329.18,KG,259.51,362.1
PRC_01244,2026-05-28,PCB,POWER_SUPPLY_LOW_GRADE,Bhubaneswar-Cuttack Cluster,53.34,69.18,KG,48.01,76.1
PRC_01245,2026-05-28,CABLE,COPPER_HEAVY_INSULATED,Bhubaneswar-Cuttack Cluster,428.34,479.18,KG,385.51,527.1
PRC_01246,2026-05-28,CABLE,ALUMINIUM_WIRE,Bhubaneswar-Cuttack Cluster,118.34,144.18,KG,106.51,158.6
PRC_01247,2026-05-28,BATTERY,LEAD_ACID,Bhubaneswar-Cuttack Cluster,93.34,111.18,KG,84.01,122.3
PRC_01248,2026-05-28,BATTERY,BATTERY_LITHIUM_PORTABLE,Bhubaneswar-Cuttack Cluster,128.34,159.18,KG,115.51,175.1
PRC_01249,2026-05-28,DISPLAY,LCD_PANEL_INTACT,Bhubaneswar-Cuttack Cluster,158.34,219.18,PIECE,142.51,241.1
PRC_01250,2026-05-28,DISPLAY,CRT_MONITOR,Bhubaneswar-Cuttack Cluster,68.34,99.18,PIECE,61.51,109.1
PRC_01251,2026-05-28,PLASTIC,MIXED_EWASTE_CASING,Bhubaneswar-Cuttack Cluster,26.34,35.18,KG,23.71,38.7
PRC_01252,2026-05-28,PCB,MOTHERBOARD_HIGH_GRADE,Chennai-Ambattur Cluster,288.34,329.18,KG,259.51,362.1
PRC_01253,2026-05-28,PCB,POWER_SUPPLY_LOW_GRADE,Chennai-Ambattur Cluster,53.34,69.18,KG,48.01,76.1
PRC_01254,2026-05-28,CABLE,COPPER_HEAVY_INSULATED,Chennai-Ambattur Cluster,428.34,479.18,KG,385.51,527.1
PRC_01255,2026-05-28,CABLE,ALUMINIUM_WIRE,Chennai-Ambattur Cluster,118.34,144.18,KG,106.51,158.6
PRC_01256,2026-05-28,BATTERY,LEAD_ACID,Chennai-Ambattur Cluster,93.34,111.18,KG,84.01,122.3
PRC_01257,2026-05-28,BATTERY,BATTERY_LITHIUM_PORTABLE,Chennai-Ambattur Cluster,128.34,159.18,KG,115.51,175.1
PRC_01258,2026-05-28,DISPLAY,LCD_PANEL_INTACT,Chennai-Ambattur Cluster,158.34,219.18,PIECE,142.51,241.1
PRC_01259,2026-05-28,DISPLAY,CRT_MONITOR,Chennai-Ambattur Cluster,68.34,99.18,PIECE,61.51,109.1
PRC_01260,2026-05-28,PLASTIC,MIXED_EWASTE_CASING,Chennai-Ambattur Cluster,26.34,35.18,KG,23.71,38.7
PRC_01261,2026-05-29,PCB,MOTHERBOARD_HIGH_GRADE,Delhi-Mayapuri Cluster,286.33,326.96,KG,257.7,359.66
PRC_01262,2026-05-29,PCB,POWER_SUPPLY_LOW_GRADE,Delhi-Mayapuri Cluster,51.33,66.96,KG,46.2,73.66
PRC_01263,2026-05-29,CABLE,COPPER_HEAVY_INSULATED,Delhi-Mayapuri Cluster,426.33,476.96,KG,383.7,524.66
PRC_01264,2026-05-29,CABLE,ALUMINIUM_WIRE,Delhi-Mayapuri Cluster,116.33,141.96,KG,104.7,156.16
PRC_01265,2026-05-29,BATTERY,LEAD_ACID,Delhi-Mayapuri Cluster,91.33,108.96,KG,82.2,119.86
PRC_01266,2026-05-29,BATTERY,BATTERY_LITHIUM_PORTABLE,Delhi-Mayapuri Cluster,126.33,156.96,KG,113.7,172.66
PRC_01267,2026-05-29,DISPLAY,LCD_PANEL_INTACT,Delhi-Mayapuri Cluster,156.33,216.96,PIECE,140.7,238.66
PRC_01268,2026-05-29,DISPLAY,CRT_MONITOR,Delhi-Mayapuri Cluster,66.33,96.96,PIECE,59.7,106.66
PRC_01269,2026-05-29,PLASTIC,MIXED_EWASTE_CASING,Delhi-Mayapuri Cluster,24.33,32.96,KG,21.9,36.26
PRC_01270,2026-05-29,PCB,MOTHERBOARD_HIGH_GRADE,Mumbai-Dharavi Cluster,286.33,326.96,KG,257.7,359.66
PRC_01271,2026-05-29,PCB,POWER_SUPPLY_LOW_GRADE,Mumbai-Dharavi Cluster,51.33,66.96,KG,46.2,73.66
PRC_01272,2026-05-29,CABLE,COPPER_HEAVY_INSULATED,Mumbai-Dharavi Cluster,426.33,476.96,KG,383.7,524.66
PRC_01273,2026-05-29,CABLE,ALUMINIUM_WIRE,Mumbai-Dharavi Cluster,116.33,141.96,KG,104.7,156.16
PRC_01274,2026-05-29,BATTERY,LEAD_ACID,Mumbai-Dharavi Cluster,91.33,108.96,KG,82.2,119.86
PRC_01275,2026-05-29,BATTERY,BATTERY_LITHIUM_PORTABLE,Mumbai-Dharavi Cluster,126.33,156.96,KG,113.7,172.66
PRC_01276,2026-05-29,DISPLAY,LCD_PANEL_INTACT,Mumbai-Dharavi Cluster,156.33,216.96,PIECE,140.7,238.66
PRC_01277,2026-05-29,DISPLAY,CRT_MONITOR,Mumbai-Dharavi Cluster,66.33,96.96,PIECE,59.7,106.66
PRC_01278,2026-05-29,PLASTIC,MIXED_EWASTE_CASING,Mumbai-Dharavi Cluster,24.33,32.96,KG,21.9,36.26
PRC_01279,2026-05-29,PCB,MOTHERBOARD_HIGH_GRADE,Bengaluru-Peenya Cluster,286.33,326.96,KG,257.7,359.66
PRC_01280,2026-05-29,PCB,POWER_SUPPLY_LOW_GRADE,Bengaluru-Peenya Cluster,51.33,66.96,KG,46.2,73.66
PRC_01281,2026-05-29,CABLE,COPPER_HEAVY_INSULATED,Bengaluru-Peenya Cluster,426.33,476.96,KG,383.7,524.66
PRC_01282,2026-05-29,CABLE,ALUMINIUM_WIRE,Bengaluru-Peenya Cluster,116.33,141.96,KG,104.7,156.16
PRC_01283,2026-05-29,BATTERY,LEAD_ACID,Bengaluru-Peenya Cluster,91.33,108.96,KG,82.2,119.86
PRC_01284,2026-05-29,BATTERY,BATTERY_LITHIUM_PORTABLE,Bengaluru-Peenya Cluster,126.33,156.96,KG,113.7,172.66
PRC_01285,2026-05-29,DISPLAY,LCD_PANEL_INTACT,Bengaluru-Peenya Cluster,156.33,216.96,PIECE,140.7,238.66
PRC_01286,2026-05-29,DISPLAY,CRT_MONITOR,Bengaluru-Peenya Cluster,66.33,96.96,PIECE,59.7,106.66
PRC_01287,2026-05-29,PLASTIC,MIXED_EWASTE_CASING,Bengaluru-Peenya Cluster,24.33,32.96,KG,21.9,36.26
PRC_01288,2026-05-29,PCB,MOTHERBOARD_HIGH_GRADE,Bhubaneswar-Cuttack Cluster,286.33,326.96,KG,257.7,359.66
PRC_01289,2026-05-29,PCB,POWER_SUPPLY_LOW_GRADE,Bhubaneswar-Cuttack Cluster,51.33,66.96,KG,46.2,73.66
PRC_01290,2026-05-29,CABLE,COPPER_HEAVY_INSULATED,Bhubaneswar-Cuttack Cluster,426.33,476.96,KG,383.7,524.66
PRC_01291,2026-05-29,CABLE,ALUMINIUM_WIRE,Bhubaneswar-Cuttack Cluster,116.33,141.96,KG,104.7,156.16
PRC_01292,2026-05-29,BATTERY,LEAD_ACID,Bhubaneswar-Cuttack Cluster,91.33,108.96,KG,82.2,119.86
PRC_01293,2026-05-29,BATTERY,BATTERY_LITHIUM_PORTABLE,Bhubaneswar-Cuttack Cluster,126.33,156.96,KG,113.7,172.66
PRC_01294,2026-05-29,DISPLAY,LCD_PANEL_INTACT,Bhubaneswar-Cuttack Cluster,156.33,216.96,PIECE,140.7,238.66
PRC_01295,2026-05-29,DISPLAY,CRT_MONITOR,Bhubaneswar-Cuttack Cluster,66.33,96.96,PIECE,59.7,106.66
PRC_01296,2026-05-29,PLASTIC,MIXED_EWASTE_CASING,Bhubaneswar-Cuttack Cluster,24.33,32.96,KG,21.9,36.26
PRC_01297,2026-05-29,PCB,MOTHERBOARD_HIGH_GRADE,Chennai-Ambattur Cluster,286.33,326.96,KG,257.7,359.66
PRC_01298,2026-05-29,PCB,POWER_SUPPLY_LOW_GRADE,Chennai-Ambattur Cluster,51.33,66.96,KG,46.2,73.66
PRC_01299,2026-05-29,CABLE,COPPER_HEAVY_INSULATED,Chennai-Ambattur Cluster,426.33,476.96,KG,383.7,524.66
PRC_01300,2026-05-29,CABLE,ALUMINIUM_WIRE,Chennai-Ambattur Cluster,116.33,141.96,KG,104.7,156.16
PRC_01301,2026-05-29,BATTERY,LEAD_ACID,Chennai-Ambattur Cluster,91.33,108.96,KG,82.2,119.86
PRC_01302,2026-05-29,BATTERY,BATTERY_LITHIUM_PORTABLE,Chennai-Ambattur Cluster,126.33,156.96,KG,113.7,172.66
PRC_01303,2026-05-29,DISPLAY,LCD_PANEL_INTACT,Chennai-Ambattur Cluster,156.33,216.96,PIECE,140.7,238.66
PRC_01304,2026-05-29,DISPLAY,CRT_MONITOR,Chennai-Ambattur Cluster,66.33,96.96,PIECE,59.7,106.66
PRC_01305,2026-05-29,PLASTIC,MIXED_EWASTE_CASING,Chennai-Ambattur Cluster,24.33,32.96,KG,21.9,36.26
PRC_01306,2026-05-30,PCB,MOTHERBOARD_HIGH_GRADE,Delhi-Mayapuri Cluster,286.19,326.81,KG,257.57,359.49
PRC_01307,2026-05-30,PCB,POWER_SUPPLY_LOW_GRADE,Delhi-Mayapuri Cluster,51.19,66.81,KG,46.07,73.49
PRC_01308,2026-05-30,CABLE,COPPER_HEAVY_INSULATED,Delhi-Mayapuri Cluster,426.19,476.81,KG,383.57,524.49
PRC_01309,2026-05-30,CABLE,ALUMINIUM_WIRE,Delhi-Mayapuri Cluster,116.19,141.81,KG,104.57,155.99
PRC_01310,2026-05-30,BATTERY,LEAD_ACID,Delhi-Mayapuri Cluster,91.19,108.81,KG,82.07,119.69
PRC_01311,2026-05-30,BATTERY,BATTERY_LITHIUM_PORTABLE,Delhi-Mayapuri Cluster,126.19,156.81,KG,113.57,172.49
PRC_01312,2026-05-30,DISPLAY,LCD_PANEL_INTACT,Delhi-Mayapuri Cluster,156.19,216.81,PIECE,140.57,238.49
PRC_01313,2026-05-30,DISPLAY,CRT_MONITOR,Delhi-Mayapuri Cluster,66.19,96.81,PIECE,59.57,106.49
PRC_01314,2026-05-30,PLASTIC,MIXED_EWASTE_CASING,Delhi-Mayapuri Cluster,24.19,32.81,KG,21.77,36.09
PRC_01315,2026-05-30,PCB,MOTHERBOARD_HIGH_GRADE,Mumbai-Dharavi Cluster,286.19,326.81,KG,257.57,359.49
PRC_01316,2026-05-30,PCB,POWER_SUPPLY_LOW_GRADE,Mumbai-Dharavi Cluster,51.19,66.81,KG,46.07,73.49
PRC_01317,2026-05-30,CABLE,COPPER_HEAVY_INSULATED,Mumbai-Dharavi Cluster,426.19,476.81,KG,383.57,524.49
PRC_01318,2026-05-30,CABLE,ALUMINIUM_WIRE,Mumbai-Dharavi Cluster,116.19,141.81,KG,104.57,155.99
PRC_01319,2026-05-30,BATTERY,LEAD_ACID,Mumbai-Dharavi Cluster,91.19,108.81,KG,82.07,119.69
PRC_01320,2026-05-30,BATTERY,BATTERY_LITHIUM_PORTABLE,Mumbai-Dharavi Cluster,126.19,156.81,KG,113.57,172.49
PRC_01321,2026-05-30,DISPLAY,LCD_PANEL_INTACT,Mumbai-Dharavi Cluster,156.19,216.81,PIECE,140.57,238.49
PRC_01322,2026-05-30,DISPLAY,CRT_MONITOR,Mumbai-Dharavi Cluster,66.19,96.81,PIECE,59.57,106.49
PRC_01323,2026-05-30,PLASTIC,MIXED_EWASTE_CASING,Mumbai-Dharavi Cluster,24.19,32.81,KG,21.77,36.09
PRC_01324,2026-05-30,PCB,MOTHERBOARD_HIGH_GRADE,Bengaluru-Peenya Cluster,286.19,326.81,KG,257.57,359.49
PRC_01325,2026-05-30,PCB,POWER_SUPPLY_LOW_GRADE,Bengaluru-Peenya Cluster,51.19,66.81,KG,46.07,73.49
PRC_01326,2026-05-30,CABLE,COPPER_HEAVY_INSULATED,Bengaluru-Peenya Cluster,426.19,476.81,KG,383.57,524.49
PRC_01327,2026-05-30,CABLE,ALUMINIUM_WIRE,Bengaluru-Peenya Cluster,116.19,141.81,KG,104.57,155.99
PRC_01328,2026-05-30,BATTERY,LEAD_ACID,Bengaluru-Peenya Cluster,91.19,108.81,KG,82.07,119.69
PRC_01329,2026-05-30,BATTERY,BATTERY_LITHIUM_PORTABLE,Bengaluru-Peenya Cluster,126.19,156.81,KG,113.57,172.49
PRC_01330,2026-05-30,DISPLAY,LCD_PANEL_INTACT,Bengaluru-Peenya Cluster,156.19,216.81,PIECE,140.57,238.49
PRC_01331,2026-05-30,DISPLAY,CRT_MONITOR,Bengaluru-Peenya Cluster,66.19,96.81,PIECE,59.57,106.49
PRC_01332,2026-05-30,PLASTIC,MIXED_EWASTE_CASING,Bengaluru-Peenya Cluster,24.19,32.81,KG,21.77,36.09
PRC_01333,2026-05-30,PCB,MOTHERBOARD_HIGH_GRADE,Bhubaneswar-Cuttack Cluster,286.19,326.81,KG,257.57,359.49
PRC_01334,2026-05-30,PCB,POWER_SUPPLY_LOW_GRADE,Bhubaneswar-Cuttack Cluster,51.19,66.81,KG,46.07,73.49
PRC_01335,2026-05-30,CABLE,COPPER_HEAVY_INSULATED,Bhubaneswar-Cuttack Cluster,426.19,476.81,KG,383.57,524.49
PRC_01336,2026-05-30,CABLE,ALUMINIUM_WIRE,Bhubaneswar-Cuttack Cluster,116.19,141.81,KG,104.57,155.99
PRC_01337,2026-05-30,BATTERY,LEAD_ACID,Bhubaneswar-Cuttack Cluster,91.19,108.81,KG,82.07,119.69
PRC_01338,2026-05-30,BATTERY,BATTERY_LITHIUM_PORTABLE,Bhubaneswar-Cuttack Cluster,126.19,156.81,KG,113.57,172.49
PRC_01339,2026-05-30,DISPLAY,LCD_PANEL_INTACT,Bhubaneswar-Cuttack Cluster,156.19,216.81,PIECE,140.57,238.49
PRC_01340,2026-05-30,DISPLAY,CRT_MONITOR,Bhubaneswar-Cuttack Cluster,66.19,96.81,PIECE,59.57,106.49
PRC_01341,2026-05-30,PLASTIC,MIXED_EWASTE_CASING,Bhubaneswar-Cuttack Cluster,24.19,32.81,KG,21.77,36.09
PRC_01342,2026-05-30,PCB,MOTHERBOARD_HIGH_GRADE,Chennai-Ambattur Cluster,286.19,326.81,KG,257.57,359.49
PRC_01343,2026-05-30,PCB,POWER_SUPPLY_LOW_GRADE,Chennai-Ambattur Cluster,51.19,66.81,KG,46.07,73.49
PRC_01344,2026-05-30,CABLE,COPPER_HEAVY_INSULATED,Chennai-Ambattur Cluster,426.19,476.81,KG,383.57,524.49
PRC_01345,2026-05-30,CABLE,ALUMINIUM_WIRE,Chennai-Ambattur Cluster,116.19,141.81,KG,104.57,155.99
PRC_01346,2026-05-30,BATTERY,LEAD_ACID,Chennai-Ambattur Cluster,91.19,108.81,KG,82.07,119.69
PRC_01347,2026-05-30,BATTERY,BATTERY_LITHIUM_PORTABLE,Chennai-Ambattur Cluster,126.19,156.81,KG,113.57,172.49
PRC_01348,2026-05-30,DISPLAY,LCD_PANEL_INTACT,Chennai-Ambattur Cluster,156.19,216.81,PIECE,140.57,238.49
PRC_01349,2026-05-30,DISPLAY,CRT_MONITOR,Chennai-Ambattur Cluster,66.19,96.81,PIECE,59.57,106.49
PRC_01350,2026-05-30,PLASTIC,MIXED_EWASTE_CASING,Chennai-Ambattur Cluster,24.19,32.81,KG,21.77,36.09
PRC_01351,2026-05-31,PCB,MOTHERBOARD_HIGH_GRADE,Delhi-Mayapuri Cluster,285.08,325.59,KG,256.57,358.15
PRC_01352,2026-05-31,PCB,POWER_SUPPLY_LOW_GRADE,Delhi-Mayapuri Cluster,50.08,65.59,KG,45.07,72.15
PRC_01353,2026-05-31,CABLE,COPPER_HEAVY_INSULATED,Delhi-Mayapuri Cluster,425.08,475.59,KG,382.57,523.15
PRC_01354,2026-05-31,CABLE,ALUMINIUM_WIRE,Delhi-Mayapuri Cluster,115.08,140.59,KG,103.57,154.65
PRC_01355,2026-05-31,BATTERY,LEAD_ACID,Delhi-Mayapuri Cluster,90.08,107.59,KG,81.07,118.35
PRC_01356,2026-05-31,BATTERY,BATTERY_LITHIUM_PORTABLE,Delhi-Mayapuri Cluster,125.08,155.59,KG,112.57,171.15
PRC_01357,2026-05-31,DISPLAY,LCD_PANEL_INTACT,Delhi-Mayapuri Cluster,155.08,215.59,PIECE,139.57,237.15
PRC_01358,2026-05-31,DISPLAY,CRT_MONITOR,Delhi-Mayapuri Cluster,65.08,95.59,PIECE,58.57,105.15
PRC_01359,2026-05-31,PLASTIC,MIXED_EWASTE_CASING,Delhi-Mayapuri Cluster,23.08,31.59,KG,20.77,34.75
PRC_01360,2026-05-31,PCB,MOTHERBOARD_HIGH_GRADE,Mumbai-Dharavi Cluster,285.08,325.59,KG,256.57,358.15
PRC_01361,2026-05-31,PCB,POWER_SUPPLY_LOW_GRADE,Mumbai-Dharavi Cluster,50.08,65.59,KG,45.07,72.15
PRC_01362,2026-05-31,CABLE,COPPER_HEAVY_INSULATED,Mumbai-Dharavi Cluster,425.08,475.59,KG,382.57,523.15
PRC_01363,2026-05-31,CABLE,ALUMINIUM_WIRE,Mumbai-Dharavi Cluster,115.08,140.59,KG,103.57,154.65
PRC_01364,2026-05-31,BATTERY,LEAD_ACID,Mumbai-Dharavi Cluster,90.08,107.59,KG,81.07,118.35
PRC_01365,2026-05-31,BATTERY,BATTERY_LITHIUM_PORTABLE,Mumbai-Dharavi Cluster,125.08,155.59,KG,112.57,171.15
PRC_01366,2026-05-31,DISPLAY,LCD_PANEL_INTACT,Mumbai-Dharavi Cluster,155.08,215.59,PIECE,139.57,237.15
PRC_01367,2026-05-31,DISPLAY,CRT_MONITOR,Mumbai-Dharavi Cluster,65.08,95.59,PIECE,58.57,105.15
PRC_01368,2026-05-31,PLASTIC,MIXED_EWASTE_CASING,Mumbai-Dharavi Cluster,23.08,31.59,KG,20.77,34.75
PRC_01369,2026-05-31,PCB,MOTHERBOARD_HIGH_GRADE,Bengaluru-Peenya Cluster,285.08,325.59,KG,256.57,358.15
PRC_01370,2026-05-31,PCB,POWER_SUPPLY_LOW_GRADE,Bengaluru-Peenya Cluster,50.08,65.59,KG,45.07,72.15
PRC_01371,2026-05-31,CABLE,COPPER_HEAVY_INSULATED,Bengaluru-Peenya Cluster,425.08,475.59,KG,382.57,523.15
PRC_01372,2026-05-31,CABLE,ALUMINIUM_WIRE,Bengaluru-Peenya Cluster,115.08,140.59,KG,103.57,154.65
PRC_01373,2026-05-31,BATTERY,LEAD_ACID,Bengaluru-Peenya Cluster,90.08,107.59,KG,81.07,118.35
PRC_01374,2026-05-31,BATTERY,BATTERY_LITHIUM_PORTABLE,Bengaluru-Peenya Cluster,125.08,155.59,KG,112.57,171.15
PRC_01375,2026-05-31,DISPLAY,LCD_PANEL_INTACT,Bengaluru-Peenya Cluster,155.08,215.59,PIECE,139.57,237.15
PRC_01376,2026-05-31,DISPLAY,CRT_MONITOR,Bengaluru-Peenya Cluster,65.08,95.59,PIECE,58.57,105.15
PRC_01377,2026-05-31,PLASTIC,MIXED_EWASTE_CASING,Bengaluru-Peenya Cluster,23.08,31.59,KG,20.77,34.75
PRC_01378,2026-05-31,PCB,MOTHERBOARD_HIGH_GRADE,Bhubaneswar-Cuttack Cluster,285.08,325.59,KG,256.57,358.15
PRC_01379,2026-05-31,PCB,POWER_SUPPLY_LOW_GRADE,Bhubaneswar-Cuttack Cluster,50.08,65.59,KG,45.07,72.15
PRC_01380,2026-05-31,CABLE,COPPER_HEAVY_INSULATED,Bhubaneswar-Cuttack Cluster,425.08,475.59,KG,382.57,523.15
PRC_01381,2026-05-31,CABLE,ALUMINIUM_WIRE,Bhubaneswar-Cuttack Cluster,115.08,140.59,KG,103.57,154.65
PRC_01382,2026-05-31,BATTERY,LEAD_ACID,Bhubaneswar-Cuttack Cluster,90.08,107.59,KG,81.07,118.35
PRC_01383,2026-05-31,BATTERY,BATTERY_LITHIUM_PORTABLE,Bhubaneswar-Cuttack Cluster,125.08,155.59,KG,112.57,171.15
PRC_01384,2026-05-31,DISPLAY,LCD_PANEL_INTACT,Bhubaneswar-Cuttack Cluster,155.08,215.59,PIECE,139.57,237.15
PRC_01385,2026-05-31,DISPLAY,CRT_MONITOR,Bhubaneswar-Cuttack Cluster,65.08,95.59,PIECE,58.57,105.15
PRC_01386,2026-05-31,PLASTIC,MIXED_EWASTE_CASING,Bhubaneswar-Cuttack Cluster,23.08,31.59,KG,20.77,34.75
PRC_01387,2026-05-31,PCB,MOTHERBOARD_HIGH_GRADE,Chennai-Ambattur Cluster,285.08,325.59,KG,256.57,358.15
PRC_01388,2026-05-31,PCB,POWER_SUPPLY_LOW_GRADE,Chennai-Ambattur Cluster,50.08,65.59,KG,45.07,72.15
PRC_01389,2026-05-31,CABLE,COPPER_HEAVY_INSULATED,Chennai-Ambattur Cluster,425.08,475.59,KG,382.57,523.15
PRC_01390,2026-05-31,CABLE,ALUMINIUM_WIRE,Chennai-Ambattur Cluster,115.08,140.59,KG,103.57,154.65
PRC_01391,2026-05-31,BATTERY,LEAD_ACID,Chennai-Ambattur Cluster,90.08,107.59,KG,81.07,118.35
PRC_01392,2026-05-31,BATTERY,BATTERY_LITHIUM_PORTABLE,Chennai-Ambattur Cluster,125.08,155.59,KG,112.57,171.15
PRC_01393,2026-05-31,DISPLAY,LCD_PANEL_INTACT,Chennai-Ambattur Cluster,155.08,215.59,PIECE,139.57,237.15
PRC_01394,2026-05-31,DISPLAY,CRT_MONITOR,Chennai-Ambattur Cluster,65.08,95.59,PIECE,58.57,105.15
PRC_01395,2026-05-31,PLASTIC,MIXED_EWASTE_CASING,Chennai-Ambattur Cluster,23.08,31.59,KG,20.77,34.75
PRC_01396,2026-06-01,PCB,MOTHERBOARD_HIGH_GRADE,Delhi-Mayapuri Cluster,288.08,328.88,KG,259.27,361.77
PRC_01397,2026-06-01,PCB,POWER_SUPPLY_LOW_GRADE,Delhi-Mayapuri Cluster,53.08,68.88,KG,47.77,75.77
PRC_01398,2026-06-01,CABLE,COPPER_HEAVY_INSULATED,Delhi-Mayapuri Cluster,428.08,478.88,KG,385.27,526.77
PRC_01399,2026-06-01,CABLE,ALUMINIUM_WIRE,Delhi-Mayapuri Cluster,118.08,143.88,KG,106.27,158.27
PRC_01400,2026-06-01,BATTERY,LEAD_ACID,Delhi-Mayapuri Cluster,93.08,110.88,KG,83.77,121.97
PRC_01401,2026-06-01,BATTERY,BATTERY_LITHIUM_PORTABLE,Delhi-Mayapuri Cluster,128.08,158.88,KG,115.27,174.77
PRC_01402,2026-06-01,DISPLAY,LCD_PANEL_INTACT,Delhi-Mayapuri Cluster,158.08,218.88,PIECE,142.27,240.77
PRC_01403,2026-06-01,DISPLAY,CRT_MONITOR,Delhi-Mayapuri Cluster,68.08,98.88,PIECE,61.27,108.77
PRC_01404,2026-06-01,PLASTIC,MIXED_EWASTE_CASING,Delhi-Mayapuri Cluster,26.08,34.88,KG,23.47,38.37
PRC_01405,2026-06-01,PCB,MOTHERBOARD_HIGH_GRADE,Mumbai-Dharavi Cluster,288.08,328.88,KG,259.27,361.77
PRC_01406,2026-06-01,PCB,POWER_SUPPLY_LOW_GRADE,Mumbai-Dharavi Cluster,53.08,68.88,KG,47.77,75.77
PRC_01407,2026-06-01,CABLE,COPPER_HEAVY_INSULATED,Mumbai-Dharavi Cluster,428.08,478.88,KG,385.27,526.77
PRC_01408,2026-06-01,CABLE,ALUMINIUM_WIRE,Mumbai-Dharavi Cluster,118.08,143.88,KG,106.27,158.27
PRC_01409,2026-06-01,BATTERY,LEAD_ACID,Mumbai-Dharavi Cluster,93.08,110.88,KG,83.77,121.97
PRC_01410,2026-06-01,BATTERY,BATTERY_LITHIUM_PORTABLE,Mumbai-Dharavi Cluster,128.08,158.88,KG,115.27,174.77
PRC_01411,2026-06-01,DISPLAY,LCD_PANEL_INTACT,Mumbai-Dharavi Cluster,158.08,218.88,PIECE,142.27,240.77
PRC_01412,2026-06-01,DISPLAY,CRT_MONITOR,Mumbai-Dharavi Cluster,68.08,98.88,PIECE,61.27,108.77
PRC_01413,2026-06-01,PLASTIC,MIXED_EWASTE_CASING,Mumbai-Dharavi Cluster,26.08,34.88,KG,23.47,38.37
PRC_01414,2026-06-01,PCB,MOTHERBOARD_HIGH_GRADE,Bengaluru-Peenya Cluster,288.08,328.88,KG,259.27,361.77
PRC_01415,2026-06-01,PCB,POWER_SUPPLY_LOW_GRADE,Bengaluru-Peenya Cluster,53.08,68.88,KG,47.77,75.77
PRC_01416,2026-06-01,CABLE,COPPER_HEAVY_INSULATED,Bengaluru-Peenya Cluster,428.08,478.88,KG,385.27,526.77
PRC_01417,2026-06-01,CABLE,ALUMINIUM_WIRE,Bengaluru-Peenya Cluster,118.08,143.88,KG,106.27,158.27
PRC_01418,2026-06-01,BATTERY,LEAD_ACID,Bengaluru-Peenya Cluster,93.08,110.88,KG,83.77,121.97
PRC_01419,2026-06-01,BATTERY,BATTERY_LITHIUM_PORTABLE,Bengaluru-Peenya Cluster,128.08,158.88,KG,115.27,174.77
PRC_01420,2026-06-01,DISPLAY,LCD_PANEL_INTACT,Bengaluru-Peenya Cluster,158.08,218.88,PIECE,142.27,240.77
PRC_01421,2026-06-01,DISPLAY,CRT_MONITOR,Bengaluru-Peenya Cluster,68.08,98.88,PIECE,61.27,108.77
PRC_01422,2026-06-01,PLASTIC,MIXED_EWASTE_CASING,Bengaluru-Peenya Cluster,26.08,34.88,KG,23.47,38.37
PRC_01423,2026-06-01,PCB,MOTHERBOARD_HIGH_GRADE,Bhubaneswar-Cuttack Cluster,288.08,328.88,KG,259.27,361.77
PRC_01424,2026-06-01,PCB,POWER_SUPPLY_LOW_GRADE,Bhubaneswar-Cuttack Cluster,53.08,68.88,KG,47.77,75.77
PRC_01425,2026-06-01,CABLE,COPPER_HEAVY_INSULATED,Bhubaneswar-Cuttack Cluster,428.08,478.88,KG,385.27,526.77
PRC_01426,2026-06-01,CABLE,ALUMINIUM_WIRE,Bhubaneswar-Cuttack Cluster,118.08,143.88,KG,106.27,158.27
PRC_01427,2026-06-01,BATTERY,LEAD_ACID,Bhubaneswar-Cuttack Cluster,93.08,110.88,KG,83.77,121.97
PRC_01428,2026-06-01,BATTERY,BATTERY_LITHIUM_PORTABLE,Bhubaneswar-Cuttack Cluster,128.08,158.88,KG,115.27,174.77
PRC_01429,2026-06-01,DISPLAY,LCD_PANEL_INTACT,Bhubaneswar-Cuttack Cluster,158.08,218.88,PIECE,142.27,240.77
PRC_01430,2026-06-01,DISPLAY,CRT_MONITOR,Bhubaneswar-Cuttack Cluster,68.08,98.88,PIECE,61.27,108.77
PRC_01431,2026-06-01,PLASTIC,MIXED_EWASTE_CASING,Bhubaneswar-Cuttack Cluster,26.08,34.88,KG,23.47,38.37
PRC_01432,2026-06-01,PCB,MOTHERBOARD_HIGH_GRADE,Chennai-Ambattur Cluster,288.08,328.88,KG,259.27,361.77
PRC_01433,2026-06-01,PCB,POWER_SUPPLY_LOW_GRADE,Chennai-Ambattur Cluster,53.08,68.88,KG,47.77,75.77
PRC_01434,2026-06-01,CABLE,COPPER_HEAVY_INSULATED,Chennai-Ambattur Cluster,428.08,478.88,KG,385.27,526.77
PRC_01435,2026-06-01,CABLE,ALUMINIUM_WIRE,Chennai-Ambattur Cluster,118.08,143.88,KG,106.27,158.27
PRC_01436,2026-06-01,BATTERY,LEAD_ACID,Chennai-Ambattur Cluster,93.08,110.88,KG,83.77,121.97
PRC_01437,2026-06-01,BATTERY,BATTERY_LITHIUM_PORTABLE,Chennai-Ambattur Cluster,128.08,158.88,KG,115.27,174.77
PRC_01438,2026-06-01,DISPLAY,LCD_PANEL_INTACT,Chennai-Ambattur Cluster,158.08,218.88,PIECE,142.27,240.77
PRC_01439,2026-06-01,DISPLAY,CRT_MONITOR,Chennai-Ambattur Cluster,68.08,98.88,PIECE,61.27,108.77
PRC_01440,2026-06-01,PLASTIC,MIXED_EWASTE_CASING,Chennai-Ambattur Cluster,26.08,34.88,KG,23.47,38.37
PRC_01441,2026-06-02,PCB,MOTHERBOARD_HIGH_GRADE,Delhi-Mayapuri Cluster,284.55,325.01,KG,256.1,357.51
PRC_01442,2026-06-02,PCB,POWER_SUPPLY_LOW_GRADE,Delhi-Mayapuri Cluster,49.55,65.01,KG,44.6,71.51
PRC_01443,2026-06-02,CABLE,COPPER_HEAVY_INSULATED,Delhi-Mayapuri Cluster,424.55,475.01,KG,382.1,522.51
PRC_01444,2026-06-02,CABLE,ALUMINIUM_WIRE,Delhi-Mayapuri Cluster,114.55,140.01,KG,103.1,154.01
PRC_01445,2026-06-02,BATTERY,LEAD_ACID,Delhi-Mayapuri Cluster,89.55,107.01,KG,80.6,117.71
PRC_01446,2026-06-02,BATTERY,BATTERY_LITHIUM_PORTABLE,Delhi-Mayapuri Cluster,124.55,155.01,KG,112.1,170.51
PRC_01447,2026-06-02,DISPLAY,LCD_PANEL_INTACT,Delhi-Mayapuri Cluster,154.55,215.01,PIECE,139.1,236.51
PRC_01448,2026-06-02,DISPLAY,CRT_MONITOR,Delhi-Mayapuri Cluster,64.55,95.01,PIECE,58.1,104.51
PRC_01449,2026-06-02,PLASTIC,MIXED_EWASTE_CASING,Delhi-Mayapuri Cluster,22.55,31.01,KG,20.3,34.11
PRC_01450,2026-06-02,PCB,MOTHERBOARD_HIGH_GRADE,Mumbai-Dharavi Cluster,284.55,325.01,KG,256.1,357.51
PRC_01451,2026-06-02,PCB,POWER_SUPPLY_LOW_GRADE,Mumbai-Dharavi Cluster,49.55,65.01,KG,44.6,71.51
PRC_01452,2026-06-02,CABLE,COPPER_HEAVY_INSULATED,Mumbai-Dharavi Cluster,424.55,475.01,KG,382.1,522.51
PRC_01453,2026-06-02,CABLE,ALUMINIUM_WIRE,Mumbai-Dharavi Cluster,114.55,140.01,KG,103.1,154.01
PRC_01454,2026-06-02,BATTERY,LEAD_ACID,Mumbai-Dharavi Cluster,89.55,107.01,KG,80.6,117.71
PRC_01455,2026-06-02,BATTERY,BATTERY_LITHIUM_PORTABLE,Mumbai-Dharavi Cluster,124.55,155.01,KG,112.1,170.51
PRC_01456,2026-06-02,DISPLAY,LCD_PANEL_INTACT,Mumbai-Dharavi Cluster,154.55,215.01,PIECE,139.1,236.51
PRC_01457,2026-06-02,DISPLAY,CRT_MONITOR,Mumbai-Dharavi Cluster,64.55,95.01,PIECE,58.1,104.51
PRC_01458,2026-06-02,PLASTIC,MIXED_EWASTE_CASING,Mumbai-Dharavi Cluster,22.55,31.01,KG,20.3,34.11
PRC_01459,2026-06-02,PCB,MOTHERBOARD_HIGH_GRADE,Bengaluru-Peenya Cluster,284.55,325.01,KG,256.1,357.51
PRC_01460,2026-06-02,PCB,POWER_SUPPLY_LOW_GRADE,Bengaluru-Peenya Cluster,49.55,65.01,KG,44.6,71.51
PRC_01461,2026-06-02,CABLE,COPPER_HEAVY_INSULATED,Bengaluru-Peenya Cluster,424.55,475.01,KG,382.1,522.51
PRC_01462,2026-06-02,CABLE,ALUMINIUM_WIRE,Bengaluru-Peenya Cluster,114.55,140.01,KG,103.1,154.01
PRC_01463,2026-06-02,BATTERY,LEAD_ACID,Bengaluru-Peenya Cluster,89.55,107.01,KG,80.6,117.71
PRC_01464,2026-06-02,BATTERY,BATTERY_LITHIUM_PORTABLE,Bengaluru-Peenya Cluster,124.55,155.01,KG,112.1,170.51
PRC_01465,2026-06-02,DISPLAY,LCD_PANEL_INTACT,Bengaluru-Peenya Cluster,154.55,215.01,PIECE,139.1,236.51
PRC_01466,2026-06-02,DISPLAY,CRT_MONITOR,Bengaluru-Peenya Cluster,64.55,95.01,PIECE,58.1,104.51
PRC_01467,2026-06-02,PLASTIC,MIXED_EWASTE_CASING,Bengaluru-Peenya Cluster,22.55,31.01,KG,20.3,34.11
PRC_01468,2026-06-02,PCB,MOTHERBOARD_HIGH_GRADE,Bhubaneswar-Cuttack Cluster,284.55,325.01,KG,256.1,357.51
PRC_01469,2026-06-02,PCB,POWER_SUPPLY_LOW_GRADE,Bhubaneswar-Cuttack Cluster,49.55,65.01,KG,44.6,71.51
PRC_01470,2026-06-02,CABLE,COPPER_HEAVY_INSULATED,Bhubaneswar-Cuttack Cluster,424.55,475.01,KG,382.1,522.51
PRC_01471,2026-06-02,CABLE,ALUMINIUM_WIRE,Bhubaneswar-Cuttack Cluster,114.55,140.01,KG,103.1,154.01
PRC_01472,2026-06-02,BATTERY,LEAD_ACID,Bhubaneswar-Cuttack Cluster,89.55,107.01,KG,80.6,117.71
PRC_01473,2026-06-02,BATTERY,BATTERY_LITHIUM_PORTABLE,Bhubaneswar-Cuttack Cluster,124.55,155.01,KG,112.1,170.51
PRC_01474,2026-06-02,DISPLAY,LCD_PANEL_INTACT,Bhubaneswar-Cuttack Cluster,154.55,215.01,PIECE,139.1,236.51
PRC_01475,2026-06-02,DISPLAY,CRT_MONITOR,Bhubaneswar-Cuttack Cluster,64.55,95.01,PIECE,58.1,104.51
PRC_01476,2026-06-02,PLASTIC,MIXED_EWASTE_CASING,Bhubaneswar-Cuttack Cluster,22.55,31.01,KG,20.3,34.11
PRC_01477,2026-06-02,PCB,MOTHERBOARD_HIGH_GRADE,Chennai-Ambattur Cluster,284.55,325.01,KG,256.1,357.51
PRC_01478,2026-06-02,PCB,POWER_SUPPLY_LOW_GRADE,Chennai-Ambattur Cluster,49.55,65.01,KG,44.6,71.51
PRC_01479,2026-06-02,CABLE,COPPER_HEAVY_INSULATED,Chennai-Ambattur Cluster,424.55,475.01,KG,382.1,522.51
PRC_01480,2026-06-02,CABLE,ALUMINIUM_WIRE,Chennai-Ambattur Cluster,114.55,140.01,KG,103.1,154.01
PRC_01481,2026-06-02,BATTERY,LEAD_ACID,Chennai-Ambattur Cluster,89.55,107.01,KG,80.6,117.71
PRC_01482,2026-06-02,BATTERY,BATTERY_LITHIUM_PORTABLE,Chennai-Ambattur Cluster,124.55,155.01,KG,112.1,170.51
PRC_01483,2026-06-02,DISPLAY,LCD_PANEL_INTACT,Chennai-Ambattur Cluster,154.55,215.01,PIECE,139.1,236.51
PRC_01484,2026-06-02,DISPLAY,CRT_MONITOR,Chennai-Ambattur Cluster,64.55,95.01,PIECE,58.1,104.51
PRC_01485,2026-06-02,PLASTIC,MIXED_EWASTE_CASING,Chennai-Ambattur Cluster,22.55,31.01,KG,20.3,34.11
PRC_01486,2026-06-03,PCB,MOTHERBOARD_HIGH_GRADE,Delhi-Mayapuri Cluster,282.23,322.45,KG,254.01,354.7
PRC_01487,2026-06-03,PCB,POWER_SUPPLY_LOW_GRADE,Delhi-Mayapuri Cluster,47.23,62.45,KG,42.51,68.7
PRC_01488,2026-06-03,CABLE,COPPER_HEAVY_INSULATED,Delhi-Mayapuri Cluster,422.23,472.45,KG,380.01,519.7
PRC_01489,2026-06-03,CABLE,ALUMINIUM_WIRE,Delhi-Mayapuri Cluster,112.23,137.45,KG,101.01,151.2
PRC_01490,2026-06-03,BATTERY,LEAD_ACID,Delhi-Mayapuri Cluster,87.23,104.45,KG,78.51,114.9
PRC_01491,2026-06-03,BATTERY,BATTERY_LITHIUM_PORTABLE,Delhi-Mayapuri Cluster,122.23,152.45,KG,110.01,167.7
PRC_01492,2026-06-03,DISPLAY,LCD_PANEL_INTACT,Delhi-Mayapuri Cluster,152.23,212.45,PIECE,137.01,233.7
PRC_01493,2026-06-03,DISPLAY,CRT_MONITOR,Delhi-Mayapuri Cluster,62.23,92.45,PIECE,56.01,101.7
PRC_01494,2026-06-03,PLASTIC,MIXED_EWASTE_CASING,Delhi-Mayapuri Cluster,20.23,28.45,KG,18.21,31.3
PRC_01495,2026-06-03,PCB,MOTHERBOARD_HIGH_GRADE,Mumbai-Dharavi Cluster,282.23,322.45,KG,254.01,354.7
PRC_01496,2026-06-03,PCB,POWER_SUPPLY_LOW_GRADE,Mumbai-Dharavi Cluster,47.23,62.45,KG,42.51,68.7
PRC_01497,2026-06-03,CABLE,COPPER_HEAVY_INSULATED,Mumbai-Dharavi Cluster,422.23,472.45,KG,380.01,519.7
PRC_01498,2026-06-03,CABLE,ALUMINIUM_WIRE,Mumbai-Dharavi Cluster,112.23,137.45,KG,101.01,151.2
PRC_01499,2026-06-03,BATTERY,LEAD_ACID,Mumbai-Dharavi Cluster,87.23,104.45,KG,78.51,114.9
PRC_01500,2026-06-03,BATTERY,BATTERY_LITHIUM_PORTABLE,Mumbai-Dharavi Cluster,122.23,152.45,KG,110.01,167.7
PRC_01501,2026-06-03,DISPLAY,LCD_PANEL_INTACT,Mumbai-Dharavi Cluster,152.23,212.45,PIECE,137.01,233.7
PRC_01502,2026-06-03,DISPLAY,CRT_MONITOR,Mumbai-Dharavi Cluster,62.23,92.45,PIECE,56.01,101.7
PRC_01503,2026-06-03,PLASTIC,MIXED_EWASTE_CASING,Mumbai-Dharavi Cluster,20.23,28.45,KG,18.21,31.3
PRC_01504,2026-06-03,PCB,MOTHERBOARD_HIGH_GRADE,Bengaluru-Peenya Cluster,282.23,322.45,KG,254.01,354.7
PRC_01505,2026-06-03,PCB,POWER_SUPPLY_LOW_GRADE,Bengaluru-Peenya Cluster,47.23,62.45,KG,42.51,68.7
PRC_01506,2026-06-03,CABLE,COPPER_HEAVY_INSULATED,Bengaluru-Peenya Cluster,422.23,472.45,KG,380.01,519.7
PRC_01507,2026-06-03,CABLE,ALUMINIUM_WIRE,Bengaluru-Peenya Cluster,112.23,137.45,KG,101.01,151.2
PRC_01508,2026-06-03,BATTERY,LEAD_ACID,Bengaluru-Peenya Cluster,87.23,104.45,KG,78.51,114.9
PRC_01509,2026-06-03,BATTERY,BATTERY_LITHIUM_PORTABLE,Bengaluru-Peenya Cluster,122.23,152.45,KG,110.01,167.7
PRC_01510,2026-06-03,DISPLAY,LCD_PANEL_INTACT,Bengaluru-Peenya Cluster,152.23,212.45,PIECE,137.01,233.7
PRC_01511,2026-06-03,DISPLAY,CRT_MONITOR,Bengaluru-Peenya Cluster,62.23,92.45,PIECE,56.01,101.7
PRC_01512,2026-06-03,PLASTIC,MIXED_EWASTE_CASING,Bengaluru-Peenya Cluster,20.23,28.45,KG,18.21,31.3
PRC_01513,2026-06-03,PCB,MOTHERBOARD_HIGH_GRADE,Bhubaneswar-Cuttack Cluster,282.23,322.45,KG,254.01,354.7
PRC_01514,2026-06-03,PCB,POWER_SUPPLY_LOW_GRADE,Bhubaneswar-Cuttack Cluster,47.23,62.45,KG,42.51,68.7
PRC_01515,2026-06-03,CABLE,COPPER_HEAVY_INSULATED,Bhubaneswar-Cuttack Cluster,422.23,472.45,KG,380.01,519.7
PRC_01516,2026-06-03,CABLE,ALUMINIUM_WIRE,Bhubaneswar-Cuttack Cluster,112.23,137.45,KG,101.01,151.2
PRC_01517,2026-06-03,BATTERY,LEAD_ACID,Bhubaneswar-Cuttack Cluster,87.23,104.45,KG,78.51,114.9
PRC_01518,2026-06-03,BATTERY,BATTERY_LITHIUM_PORTABLE,Bhubaneswar-Cuttack Cluster,122.23,152.45,KG,110.01,167.7
PRC_01519,2026-06-03,DISPLAY,LCD_PANEL_INTACT,Bhubaneswar-Cuttack Cluster,152.23,212.45,PIECE,137.01,233.7
PRC_01520,2026-06-03,DISPLAY,CRT_MONITOR,Bhubaneswar-Cuttack Cluster,62.23,92.45,PIECE,56.01,101.7
PRC_01521,2026-06-03,PLASTIC,MIXED_EWASTE_CASING,Bhubaneswar-Cuttack Cluster,20.23,28.45,KG,18.21,31.3
PRC_01522,2026-06-03,PCB,MOTHERBOARD_HIGH_GRADE,Chennai-Ambattur Cluster,282.23,322.45,KG,254.01,354.7
PRC_01523,2026-06-03,PCB,POWER_SUPPLY_LOW_GRADE,Chennai-Ambattur Cluster,47.23,62.45,KG,42.51,68.7
PRC_01524,2026-06-03,CABLE,COPPER_HEAVY_INSULATED,Chennai-Ambattur Cluster,422.23,472.45,KG,380.01,519.7
PRC_01525,2026-06-03,CABLE,ALUMINIUM_WIRE,Chennai-Ambattur Cluster,112.23,137.45,KG,101.01,151.2
PRC_01526,2026-06-03,BATTERY,LEAD_ACID,Chennai-Ambattur Cluster,87.23,104.45,KG,78.51,114.9
PRC_01527,2026-06-03,BATTERY,BATTERY_LITHIUM_PORTABLE,Chennai-Ambattur Cluster,122.23,152.45,KG,110.01,167.7
PRC_01528,2026-06-03,DISPLAY,LCD_PANEL_INTACT,Chennai-Ambattur Cluster,152.23,212.45,PIECE,137.01,233.7
PRC_01529,2026-06-03,DISPLAY,CRT_MONITOR,Chennai-Ambattur Cluster,62.23,92.45,PIECE,56.01,101.7
PRC_01530,2026-06-03,PLASTIC,MIXED_EWASTE_CASING,Chennai-Ambattur Cluster,20.23,28.45,KG,18.21,31.3
PRC_01531,2026-06-04,PCB,MOTHERBOARD_HIGH_GRADE,Delhi-Mayapuri Cluster,284.27,324.69,KG,255.84,357.16
PRC_01532,2026-06-04,PCB,POWER_SUPPLY_LOW_GRADE,Delhi-Mayapuri Cluster,49.27,64.69,KG,44.34,71.16
PRC_01533,2026-06-04,CABLE,COPPER_HEAVY_INSULATED,Delhi-Mayapuri Cluster,424.27,474.69,KG,381.84,522.16
PRC_01534,2026-06-04,CABLE,ALUMINIUM_WIRE,Delhi-Mayapuri Cluster,114.27,139.69,KG,102.84,153.66
PRC_01535,2026-06-04,BATTERY,LEAD_ACID,Delhi-Mayapuri Cluster,89.27,106.69,KG,80.34,117.36
PRC_01536,2026-06-04,BATTERY,BATTERY_LITHIUM_PORTABLE,Delhi-Mayapuri Cluster,124.27,154.69,KG,111.84,170.16
PRC_01537,2026-06-04,DISPLAY,LCD_PANEL_INTACT,Delhi-Mayapuri Cluster,154.27,214.69,PIECE,138.84,236.16
PRC_01538,2026-06-04,DISPLAY,CRT_MONITOR,Delhi-Mayapuri Cluster,64.27,94.69,PIECE,57.84,104.16
PRC_01539,2026-06-04,PLASTIC,MIXED_EWASTE_CASING,Delhi-Mayapuri Cluster,22.27,30.69,KG,20.04,33.76
PRC_01540,2026-06-04,PCB,MOTHERBOARD_HIGH_GRADE,Mumbai-Dharavi Cluster,284.27,324.69,KG,255.84,357.16
PRC_01541,2026-06-04,PCB,POWER_SUPPLY_LOW_GRADE,Mumbai-Dharavi Cluster,49.27,64.69,KG,44.34,71.16
PRC_01542,2026-06-04,CABLE,COPPER_HEAVY_INSULATED,Mumbai-Dharavi Cluster,424.27,474.69,KG,381.84,522.16
PRC_01543,2026-06-04,CABLE,ALUMINIUM_WIRE,Mumbai-Dharavi Cluster,114.27,139.69,KG,102.84,153.66
PRC_01544,2026-06-04,BATTERY,LEAD_ACID,Mumbai-Dharavi Cluster,89.27,106.69,KG,80.34,117.36
PRC_01545,2026-06-04,BATTERY,BATTERY_LITHIUM_PORTABLE,Mumbai-Dharavi Cluster,124.27,154.69,KG,111.84,170.16
PRC_01546,2026-06-04,DISPLAY,LCD_PANEL_INTACT,Mumbai-Dharavi Cluster,154.27,214.69,PIECE,138.84,236.16
PRC_01547,2026-06-04,DISPLAY,CRT_MONITOR,Mumbai-Dharavi Cluster,64.27,94.69,PIECE,57.84,104.16
PRC_01548,2026-06-04,PLASTIC,MIXED_EWASTE_CASING,Mumbai-Dharavi Cluster,22.27,30.69,KG,20.04,33.76
PRC_01549,2026-06-04,PCB,MOTHERBOARD_HIGH_GRADE,Bengaluru-Peenya Cluster,284.27,324.69,KG,255.84,357.16
PRC_01550,2026-06-04,PCB,POWER_SUPPLY_LOW_GRADE,Bengaluru-Peenya Cluster,49.27,64.69,KG,44.34,71.16
PRC_01551,2026-06-04,CABLE,COPPER_HEAVY_INSULATED,Bengaluru-Peenya Cluster,424.27,474.69,KG,381.84,522.16
PRC_01552,2026-06-04,CABLE,ALUMINIUM_WIRE,Bengaluru-Peenya Cluster,114.27,139.69,KG,102.84,153.66
PRC_01553,2026-06-04,BATTERY,LEAD_ACID,Bengaluru-Peenya Cluster,89.27,106.69,KG,80.34,117.36
PRC_01554,2026-06-04,BATTERY,BATTERY_LITHIUM_PORTABLE,Bengaluru-Peenya Cluster,124.27,154.69,KG,111.84,170.16
PRC_01555,2026-06-04,DISPLAY,LCD_PANEL_INTACT,Bengaluru-Peenya Cluster,154.27,214.69,PIECE,138.84,236.16
PRC_01556,2026-06-04,DISPLAY,CRT_MONITOR,Bengaluru-Peenya Cluster,64.27,94.69,PIECE,57.84,104.16
PRC_01557,2026-06-04,PLASTIC,MIXED_EWASTE_CASING,Bengaluru-Peenya Cluster,22.27,30.69,KG,20.04,33.76
PRC_01558,2026-06-04,PCB,MOTHERBOARD_HIGH_GRADE,Bhubaneswar-Cuttack Cluster,284.27,324.69,KG,255.84,357.16
PRC_01559,2026-06-04,PCB,POWER_SUPPLY_LOW_GRADE,Bhubaneswar-Cuttack Cluster,49.27,64.69,KG,44.34,71.16
PRC_01560,2026-06-04,CABLE,COPPER_HEAVY_INSULATED,Bhubaneswar-Cuttack Cluster,424.27,474.69,KG,381.84,522.16
PRC_01561,2026-06-04,CABLE,ALUMINIUM_WIRE,Bhubaneswar-Cuttack Cluster,114.27,139.69,KG,102.84,153.66
PRC_01562,2026-06-04,BATTERY,LEAD_ACID,Bhubaneswar-Cuttack Cluster,89.27,106.69,KG,80.34,117.36
PRC_01563,2026-06-04,BATTERY,BATTERY_LITHIUM_PORTABLE,Bhubaneswar-Cuttack Cluster,124.27,154.69,KG,111.84,170.16
PRC_01564,2026-06-04,DISPLAY,LCD_PANEL_INTACT,Bhubaneswar-Cuttack Cluster,154.27,214.69,PIECE,138.84,236.16
PRC_01565,2026-06-04,DISPLAY,CRT_MONITOR,Bhubaneswar-Cuttack Cluster,64.27,94.69,PIECE,57.84,104.16
PRC_01566,2026-06-04,PLASTIC,MIXED_EWASTE_CASING,Bhubaneswar-Cuttack Cluster,22.27,30.69,KG,20.04,33.76
PRC_01567,2026-06-04,PCB,MOTHERBOARD_HIGH_GRADE,Chennai-Ambattur Cluster,284.27,324.69,KG,255.84,357.16
PRC_01568,2026-06-04,PCB,POWER_SUPPLY_LOW_GRADE,Chennai-Ambattur Cluster,49.27,64.69,KG,44.34,71.16
PRC_01569,2026-06-04,CABLE,COPPER_HEAVY_INSULATED,Chennai-Ambattur Cluster,424.27,474.69,KG,381.84,522.16
PRC_01570,2026-06-04,CABLE,ALUMINIUM_WIRE,Chennai-Ambattur Cluster,114.27,139.69,KG,102.84,153.66
PRC_01571,2026-06-04,BATTERY,LEAD_ACID,Chennai-Ambattur Cluster,89.27,106.69,KG,80.34,117.36
PRC_01572,2026-06-04,BATTERY,BATTERY_LITHIUM_PORTABLE,Chennai-Ambattur Cluster,124.27,154.69,KG,111.84,170.16
PRC_01573,2026-06-04,DISPLAY,LCD_PANEL_INTACT,Chennai-Ambattur Cluster,154.27,214.69,PIECE,138.84,236.16
PRC_01574,2026-06-04,DISPLAY,CRT_MONITOR,Chennai-Ambattur Cluster,64.27,94.69,PIECE,57.84,104.16
PRC_01575,2026-06-04,PLASTIC,MIXED_EWASTE_CASING,Chennai-Ambattur Cluster,22.27,30.69,KG,20.04,33.76
PRC_01576,2026-06-05,PCB,MOTHERBOARD_HIGH_GRADE,Delhi-Mayapuri Cluster,280.4,320.44,KG,252.36,352.48
PRC_01577,2026-06-05,PCB,POWER_SUPPLY_LOW_GRADE,Delhi-Mayapuri Cluster,45.4,60.44,KG,40.86,66.48
PRC_01578,2026-06-05,CABLE,COPPER_HEAVY_INSULATED,Delhi-Mayapuri Cluster,420.4,470.44,KG,378.36,517.48
PRC_01579,2026-06-05,CABLE,ALUMINIUM_WIRE,Delhi-Mayapuri Cluster,110.4,135.44,KG,99.36,148.98
PRC_01580,2026-06-05,BATTERY,LEAD_ACID,Delhi-Mayapuri Cluster,85.4,102.44,KG,76.86,112.68
PRC_01581,2026-06-05,BATTERY,BATTERY_LITHIUM_PORTABLE,Delhi-Mayapuri Cluster,120.4,150.44,KG,108.36,165.48
PRC_01582,2026-06-05,DISPLAY,LCD_PANEL_INTACT,Delhi-Mayapuri Cluster,150.4,210.44,PIECE,135.36,231.48
PRC_01583,2026-06-05,DISPLAY,CRT_MONITOR,Delhi-Mayapuri Cluster,60.4,90.44,PIECE,54.36,99.48
PRC_01584,2026-06-05,PLASTIC,MIXED_EWASTE_CASING,Delhi-Mayapuri Cluster,18.4,26.44,KG,16.56,29.08
PRC_01585,2026-06-05,PCB,MOTHERBOARD_HIGH_GRADE,Mumbai-Dharavi Cluster,280.4,320.44,KG,252.36,352.48
PRC_01586,2026-06-05,PCB,POWER_SUPPLY_LOW_GRADE,Mumbai-Dharavi Cluster,45.4,60.44,KG,40.86,66.48
PRC_01587,2026-06-05,CABLE,COPPER_HEAVY_INSULATED,Mumbai-Dharavi Cluster,420.4,470.44,KG,378.36,517.48
PRC_01588,2026-06-05,CABLE,ALUMINIUM_WIRE,Mumbai-Dharavi Cluster,110.4,135.44,KG,99.36,148.98
PRC_01589,2026-06-05,BATTERY,LEAD_ACID,Mumbai-Dharavi Cluster,85.4,102.44,KG,76.86,112.68
PRC_01590,2026-06-05,BATTERY,BATTERY_LITHIUM_PORTABLE,Mumbai-Dharavi Cluster,120.4,150.44,KG,108.36,165.48
PRC_01591,2026-06-05,DISPLAY,LCD_PANEL_INTACT,Mumbai-Dharavi Cluster,150.4,210.44,PIECE,135.36,231.48
PRC_01592,2026-06-05,DISPLAY,CRT_MONITOR,Mumbai-Dharavi Cluster,60.4,90.44,PIECE,54.36,99.48
PRC_01593,2026-06-05,PLASTIC,MIXED_EWASTE_CASING,Mumbai-Dharavi Cluster,18.4,26.44,KG,16.56,29.08
PRC_01594,2026-06-05,PCB,MOTHERBOARD_HIGH_GRADE,Bengaluru-Peenya Cluster,280.4,320.44,KG,252.36,352.48
PRC_01595,2026-06-05,PCB,POWER_SUPPLY_LOW_GRADE,Bengaluru-Peenya Cluster,45.4,60.44,KG,40.86,66.48
PRC_01596,2026-06-05,CABLE,COPPER_HEAVY_INSULATED,Bengaluru-Peenya Cluster,420.4,470.44,KG,378.36,517.48
PRC_01597,2026-06-05,CABLE,ALUMINIUM_WIRE,Bengaluru-Peenya Cluster,110.4,135.44,KG,99.36,148.98
PRC_01598,2026-06-05,BATTERY,LEAD_ACID,Bengaluru-Peenya Cluster,85.4,102.44,KG,76.86,112.68
PRC_01599,2026-06-05,BATTERY,BATTERY_LITHIUM_PORTABLE,Bengaluru-Peenya Cluster,120.4,150.44,KG,108.36,165.48
PRC_01600,2026-06-05,DISPLAY,LCD_PANEL_INTACT,Bengaluru-Peenya Cluster,150.4,210.44,PIECE,135.36,231.48
PRC_01601,2026-06-05,DISPLAY,CRT_MONITOR,Bengaluru-Peenya Cluster,60.4,90.44,PIECE,54.36,99.48
PRC_01602,2026-06-05,PLASTIC,MIXED_EWASTE_CASING,Bengaluru-Peenya Cluster,18.4,26.44,KG,16.56,29.08
PRC_01603,2026-06-05,PCB,MOTHERBOARD_HIGH_GRADE,Bhubaneswar-Cuttack Cluster,280.4,320.44,KG,252.36,352.48
PRC_01604,2026-06-05,PCB,POWER_SUPPLY_LOW_GRADE,Bhubaneswar-Cuttack Cluster,45.4,60.44,KG,40.86,66.48
PRC_01605,2026-06-05,CABLE,COPPER_HEAVY_INSULATED,Bhubaneswar-Cuttack Cluster,420.4,470.44,KG,378.36,517.48
PRC_01606,2026-06-05,CABLE,ALUMINIUM_WIRE,Bhubaneswar-Cuttack Cluster,110.4,135.44,KG,99.36,148.98
PRC_01607,2026-06-05,BATTERY,LEAD_ACID,Bhubaneswar-Cuttack Cluster,85.4,102.44,KG,76.86,112.68
PRC_01608,2026-06-05,BATTERY,BATTERY_LITHIUM_PORTABLE,Bhubaneswar-Cuttack Cluster,120.4,150.44,KG,108.36,165.48
PRC_01609,2026-06-05,DISPLAY,LCD_PANEL_INTACT,Bhubaneswar-Cuttack Cluster,150.4,210.44,PIECE,135.36,231.48
PRC_01610,2026-06-05,DISPLAY,CRT_MONITOR,Bhubaneswar-Cuttack Cluster,60.4,90.44,PIECE,54.36,99.48
PRC_01611,2026-06-05,PLASTIC,MIXED_EWASTE_CASING,Bhubaneswar-Cuttack Cluster,18.4,26.44,KG,16.56,29.08
PRC_01612,2026-06-05,PCB,MOTHERBOARD_HIGH_GRADE,Chennai-Ambattur Cluster,280.4,320.44,KG,252.36,352.48
PRC_01613,2026-06-05,PCB,POWER_SUPPLY_LOW_GRADE,Chennai-Ambattur Cluster,45.4,60.44,KG,40.86,66.48
PRC_01614,2026-06-05,CABLE,COPPER_HEAVY_INSULATED,Chennai-Ambattur Cluster,420.4,470.44,KG,378.36,517.48
PRC_01615,2026-06-05,CABLE,ALUMINIUM_WIRE,Chennai-Ambattur Cluster,110.4,135.44,KG,99.36,148.98
PRC_01616,2026-06-05,BATTERY,LEAD_ACID,Chennai-Ambattur Cluster,85.4,102.44,KG,76.86,112.68
PRC_01617,2026-06-05,BATTERY,BATTERY_LITHIUM_PORTABLE,Chennai-Ambattur Cluster,120.4,150.44,KG,108.36,165.48
PRC_01618,2026-06-05,DISPLAY,LCD_PANEL_INTACT,Chennai-Ambattur Cluster,150.4,210.44,PIECE,135.36,231.48
PRC_01619,2026-06-05,DISPLAY,CRT_MONITOR,Chennai-Ambattur Cluster,60.4,90.44,PIECE,54.36,99.48
PRC_01620,2026-06-05,PLASTIC,MIXED_EWASTE_CASING,Chennai-Ambattur Cluster,18.4,26.44,KG,16.56,29.08
PRC_01621,2026-06-06,PCB,MOTHERBOARD_HIGH_GRADE,Delhi-Mayapuri Cluster,281.72,321.9,KG,253.55,354.09
PRC_01622,2026-06-06,PCB,POWER_SUPPLY_LOW_GRADE,Delhi-Mayapuri Cluster,46.72,61.9,KG,42.05,68.09
PRC_01623,2026-06-06,CABLE,COPPER_HEAVY_INSULATED,Delhi-Mayapuri Cluster,421.72,471.9,KG,379.55,519.09
PRC_01624,2026-06-06,CABLE,ALUMINIUM_WIRE,Delhi-Mayapuri Cluster,111.72,136.9,KG,100.55,150.59
PRC_01625,2026-06-06,BATTERY,LEAD_ACID,Delhi-Mayapuri Cluster,86.72,103.9,KG,78.05,114.29
PRC_01626,2026-06-06,BATTERY,BATTERY_LITHIUM_PORTABLE,Delhi-Mayapuri Cluster,121.72,151.9,KG,109.55,167.09
PRC_01627,2026-06-06,DISPLAY,LCD_PANEL_INTACT,Delhi-Mayapuri Cluster,151.72,211.9,PIECE,136.55,233.09
PRC_01628,2026-06-06,DISPLAY,CRT_MONITOR,Delhi-Mayapuri Cluster,61.72,91.9,PIECE,55.55,101.09
PRC_01629,2026-06-06,PLASTIC,MIXED_EWASTE_CASING,Delhi-Mayapuri Cluster,19.72,27.9,KG,17.75,30.69
PRC_01630,2026-06-06,PCB,MOTHERBOARD_HIGH_GRADE,Mumbai-Dharavi Cluster,281.72,321.9,KG,253.55,354.09
PRC_01631,2026-06-06,PCB,POWER_SUPPLY_LOW_GRADE,Mumbai-Dharavi Cluster,46.72,61.9,KG,42.05,68.09
PRC_01632,2026-06-06,CABLE,COPPER_HEAVY_INSULATED,Mumbai-Dharavi Cluster,421.72,471.9,KG,379.55,519.09
PRC_01633,2026-06-06,CABLE,ALUMINIUM_WIRE,Mumbai-Dharavi Cluster,111.72,136.9,KG,100.55,150.59
PRC_01634,2026-06-06,BATTERY,LEAD_ACID,Mumbai-Dharavi Cluster,86.72,103.9,KG,78.05,114.29
PRC_01635,2026-06-06,BATTERY,BATTERY_LITHIUM_PORTABLE,Mumbai-Dharavi Cluster,121.72,151.9,KG,109.55,167.09
PRC_01636,2026-06-06,DISPLAY,LCD_PANEL_INTACT,Mumbai-Dharavi Cluster,151.72,211.9,PIECE,136.55,233.09
PRC_01637,2026-06-06,DISPLAY,CRT_MONITOR,Mumbai-Dharavi Cluster,61.72,91.9,PIECE,55.55,101.09
PRC_01638,2026-06-06,PLASTIC,MIXED_EWASTE_CASING,Mumbai-Dharavi Cluster,19.72,27.9,KG,17.75,30.69
PRC_01639,2026-06-06,PCB,MOTHERBOARD_HIGH_GRADE,Bengaluru-Peenya Cluster,281.72,321.9,KG,253.55,354.09
PRC_01640,2026-06-06,PCB,POWER_SUPPLY_LOW_GRADE,Bengaluru-Peenya Cluster,46.72,61.9,KG,42.05,68.09
PRC_01641,2026-06-06,CABLE,COPPER_HEAVY_INSULATED,Bengaluru-Peenya Cluster,421.72,471.9,KG,379.55,519.09
PRC_01642,2026-06-06,CABLE,ALUMINIUM_WIRE,Bengaluru-Peenya Cluster,111.72,136.9,KG,100.55,150.59
PRC_01643,2026-06-06,BATTERY,LEAD_ACID,Bengaluru-Peenya Cluster,86.72,103.9,KG,78.05,114.29
PRC_01644,2026-06-06,BATTERY,BATTERY_LITHIUM_PORTABLE,Bengaluru-Peenya Cluster,121.72,151.9,KG,109.55,167.09
PRC_01645,2026-06-06,DISPLAY,LCD_PANEL_INTACT,Bengaluru-Peenya Cluster,151.72,211.9,PIECE,136.55,233.09
PRC_01646,2026-06-06,DISPLAY,CRT_MONITOR,Bengaluru-Peenya Cluster,61.72,91.9,PIECE,55.55,101.09
PRC_01647,2026-06-06,PLASTIC,MIXED_EWASTE_CASING,Bengaluru-Peenya Cluster,19.72,27.9,KG,17.75,30.69
PRC_01648,2026-06-06,PCB,MOTHERBOARD_HIGH_GRADE,Bhubaneswar-Cuttack Cluster,281.72,321.9,KG,253.55,354.09
PRC_01649,2026-06-06,PCB,POWER_SUPPLY_LOW_GRADE,Bhubaneswar-Cuttack Cluster,46.72,61.9,KG,42.05,68.09
PRC_01650,2026-06-06,CABLE,COPPER_HEAVY_INSULATED,Bhubaneswar-Cuttack Cluster,421.72,471.9,KG,379.55,519.09
PRC_01651,2026-06-06,CABLE,ALUMINIUM_WIRE,Bhubaneswar-Cuttack Cluster,111.72,136.9,KG,100.55,150.59
PRC_01652,2026-06-06,BATTERY,LEAD_ACID,Bhubaneswar-Cuttack Cluster,86.72,103.9,KG,78.05,114.29
PRC_01653,2026-06-06,BATTERY,BATTERY_LITHIUM_PORTABLE,Bhubaneswar-Cuttack Cluster,121.72,151.9,KG,109.55,167.09
PRC_01654,2026-06-06,DISPLAY,LCD_PANEL_INTACT,Bhubaneswar-Cuttack Cluster,151.72,211.9,PIECE,136.55,233.09
PRC_01655,2026-06-06,DISPLAY,CRT_MONITOR,Bhubaneswar-Cuttack Cluster,61.72,91.9,PIECE,55.55,101.09
PRC_01656,2026-06-06,PLASTIC,MIXED_EWASTE_CASING,Bhubaneswar-Cuttack Cluster,19.72,27.9,KG,17.75,30.69
PRC_01657,2026-06-06,PCB,MOTHERBOARD_HIGH_GRADE,Chennai-Ambattur Cluster,281.72,321.9,KG,253.55,354.09
PRC_01658,2026-06-06,PCB,POWER_SUPPLY_LOW_GRADE,Chennai-Ambattur Cluster,46.72,61.9,KG,42.05,68.09
PRC_01659,2026-06-06,CABLE,COPPER_HEAVY_INSULATED,Chennai-Ambattur Cluster,421.72,471.9,KG,379.55,519.09
PRC_01660,2026-06-06,CABLE,ALUMINIUM_WIRE,Chennai-Ambattur Cluster,111.72,136.9,KG,100.55,150.59
PRC_01661,2026-06-06,BATTERY,LEAD_ACID,Chennai-Ambattur Cluster,86.72,103.9,KG,78.05,114.29
PRC_01662,2026-06-06,BATTERY,BATTERY_LITHIUM_PORTABLE,Chennai-Ambattur Cluster,121.72,151.9,KG,109.55,167.09
PRC_01663,2026-06-06,DISPLAY,LCD_PANEL_INTACT,Chennai-Ambattur Cluster,151.72,211.9,PIECE,136.55,233.09
PRC_01664,2026-06-06,DISPLAY,CRT_MONITOR,Chennai-Ambattur Cluster,61.72,91.9,PIECE,55.55,101.09
PRC_01665,2026-06-06,PLASTIC,MIXED_EWASTE_CASING,Chennai-Ambattur Cluster,19.72,27.9,KG,17.75,30.69
PRC_01666,2026-06-07,PCB,MOTHERBOARD_HIGH_GRADE,Delhi-Mayapuri Cluster,277.64,317.41,KG,249.88,349.15
PRC_01667,2026-06-07,PCB,POWER_SUPPLY_LOW_GRADE,Delhi-Mayapuri Cluster,42.64,57.41,KG,38.38,63.15
PRC_01668,2026-06-07,CABLE,COPPER_HEAVY_INSULATED,Delhi-Mayapuri Cluster,417.64,467.41,KG,375.88,514.15
PRC_01669,2026-06-07,CABLE,ALUMINIUM_WIRE,Delhi-Mayapuri Cluster,107.64,132.41,KG,96.88,145.65
PRC_01670,2026-06-07,BATTERY,LEAD_ACID,Delhi-Mayapuri Cluster,82.64,99.41,KG,74.38,109.35
PRC_01671,2026-06-07,BATTERY,BATTERY_LITHIUM_PORTABLE,Delhi-Mayapuri Cluster,117.64,147.41,KG,105.88,162.15
PRC_01672,2026-06-07,DISPLAY,LCD_PANEL_INTACT,Delhi-Mayapuri Cluster,147.64,207.41,PIECE,132.88,228.15
PRC_01673,2026-06-07,DISPLAY,CRT_MONITOR,Delhi-Mayapuri Cluster,57.64,87.41,PIECE,51.88,96.15
PRC_01674,2026-06-07,PLASTIC,MIXED_EWASTE_CASING,Delhi-Mayapuri Cluster,15.64,23.64,KG,14.08,26.0
PRC_01675,2026-06-07,PCB,MOTHERBOARD_HIGH_GRADE,Mumbai-Dharavi Cluster,277.64,317.41,KG,249.88,349.15
PRC_01676,2026-06-07,PCB,POWER_SUPPLY_LOW_GRADE,Mumbai-Dharavi Cluster,42.64,57.41,KG,38.38,63.15
PRC_01677,2026-06-07,CABLE,COPPER_HEAVY_INSULATED,Mumbai-Dharavi Cluster,417.64,467.41,KG,375.88,514.15
PRC_01678,2026-06-07,CABLE,ALUMINIUM_WIRE,Mumbai-Dharavi Cluster,107.64,132.41,KG,96.88,145.65
PRC_01679,2026-06-07,BATTERY,LEAD_ACID,Mumbai-Dharavi Cluster,82.64,99.41,KG,74.38,109.35
PRC_01680,2026-06-07,BATTERY,BATTERY_LITHIUM_PORTABLE,Mumbai-Dharavi Cluster,117.64,147.41,KG,105.88,162.15
PRC_01681,2026-06-07,DISPLAY,LCD_PANEL_INTACT,Mumbai-Dharavi Cluster,147.64,207.41,PIECE,132.88,228.15
PRC_01682,2026-06-07,DISPLAY,CRT_MONITOR,Mumbai-Dharavi Cluster,57.64,87.41,PIECE,51.88,96.15
PRC_01683,2026-06-07,PLASTIC,MIXED_EWASTE_CASING,Mumbai-Dharavi Cluster,15.64,23.64,KG,14.08,26.0
PRC_01684,2026-06-07,PCB,MOTHERBOARD_HIGH_GRADE,Bengaluru-Peenya Cluster,277.64,317.41,KG,249.88,349.15
PRC_01685,2026-06-07,PCB,POWER_SUPPLY_LOW_GRADE,Bengaluru-Peenya Cluster,42.64,57.41,KG,38.38,63.15
PRC_01686,2026-06-07,CABLE,COPPER_HEAVY_INSULATED,Bengaluru-Peenya Cluster,417.64,467.41,KG,375.88,514.15
PRC_01687,2026-06-07,CABLE,ALUMINIUM_WIRE,Bengaluru-Peenya Cluster,107.64,132.41,KG,96.88,145.65
PRC_01688,2026-06-07,BATTERY,LEAD_ACID,Bengaluru-Peenya Cluster,82.64,99.41,KG,74.38,109.35
PRC_01689,2026-06-07,BATTERY,BATTERY_LITHIUM_PORTABLE,Bengaluru-Peenya Cluster,117.64,147.41,KG,105.88,162.15
PRC_01690,2026-06-07,DISPLAY,LCD_PANEL_INTACT,Bengaluru-Peenya Cluster,147.64,207.41,PIECE,132.88,228.15
PRC_01691,2026-06-07,DISPLAY,CRT_MONITOR,Bengaluru-Peenya Cluster,57.64,87.41,PIECE,51.88,96.15
PRC_01692,2026-06-07,PLASTIC,MIXED_EWASTE_CASING,Bengaluru-Peenya Cluster,15.64,23.64,KG,14.08,26.0
PRC_01693,2026-06-07,PCB,MOTHERBOARD_HIGH_GRADE,Bhubaneswar-Cuttack Cluster,277.64,317.41,KG,249.88,349.15
PRC_01694,2026-06-07,PCB,POWER_SUPPLY_LOW_GRADE,Bhubaneswar-Cuttack Cluster,42.64,57.41,KG,38.38,63.15
PRC_01695,2026-06-07,CABLE,COPPER_HEAVY_INSULATED,Bhubaneswar-Cuttack Cluster,417.64,467.41,KG,375.88,514.15
PRC_01696,2026-06-07,CABLE,ALUMINIUM_WIRE,Bhubaneswar-Cuttack Cluster,107.64,132.41,KG,96.88,145.65
PRC_01697,2026-06-07,BATTERY,LEAD_ACID,Bhubaneswar-Cuttack Cluster,82.64,99.41,KG,74.38,109.35
PRC_01698,2026-06-07,BATTERY,BATTERY_LITHIUM_PORTABLE,Bhubaneswar-Cuttack Cluster,117.64,147.41,KG,105.88,162.15
PRC_01699,2026-06-07,DISPLAY,LCD_PANEL_INTACT,Bhubaneswar-Cuttack Cluster,147.64,207.41,PIECE,132.88,228.15
PRC_01700,2026-06-07,DISPLAY,CRT_MONITOR,Bhubaneswar-Cuttack Cluster,57.64,87.41,PIECE,51.88,96.15
PRC_01701,2026-06-07,PLASTIC,MIXED_EWASTE_CASING,Bhubaneswar-Cuttack Cluster,15.64,23.64,KG,14.08,26.0
PRC_01702,2026-06-07,PCB,MOTHERBOARD_HIGH_GRADE,Chennai-Ambattur Cluster,277.64,317.41,KG,249.88,349.15
PRC_01703,2026-06-07,PCB,POWER_SUPPLY_LOW_GRADE,Chennai-Ambattur Cluster,42.64,57.41,KG,38.38,63.15
PRC_01704,2026-06-07,CABLE,COPPER_HEAVY_INSULATED,Chennai-Ambattur Cluster,417.64,467.41,KG,375.88,514.15
PRC_01705,2026-06-07,CABLE,ALUMINIUM_WIRE,Chennai-Ambattur Cluster,107.64,132.41,KG,96.88,145.65
PRC_01706,2026-06-07,BATTERY,LEAD_ACID,Chennai-Ambattur Cluster,82.64,99.41,KG,74.38,109.35
PRC_01707,2026-06-07,BATTERY,BATTERY_LITHIUM_PORTABLE,Chennai-Ambattur Cluster,117.64,147.41,KG,105.88,162.15
PRC_01708,2026-06-07,DISPLAY,LCD_PANEL_INTACT,Chennai-Ambattur Cluster,147.64,207.41,PIECE,132.88,228.15
PRC_01709,2026-06-07,DISPLAY,CRT_MONITOR,Chennai-Ambattur Cluster,57.64,87.41,PIECE,51.88,96.15
PRC_01710,2026-06-07,PLASTIC,MIXED_EWASTE_CASING,Chennai-Ambattur Cluster,15.64,23.64,KG,14.08,26.0
PRC_01711,2026-06-08,PCB,MOTHERBOARD_HIGH_GRADE,Delhi-Mayapuri Cluster,277.76,317.53,KG,249.98,349.28
PRC_01712,2026-06-08,PCB,POWER_SUPPLY_LOW_GRADE,Delhi-Mayapuri Cluster,42.76,57.53,KG,38.48,63.28
PRC_01713,2026-06-08,CABLE,COPPER_HEAVY_INSULATED,Delhi-Mayapuri Cluster,417.76,467.53,KG,375.98,514.28
PRC_01714,2026-06-08,CABLE,ALUMINIUM_WIRE,Delhi-Mayapuri Cluster,107.76,132.53,KG,96.98,145.78
PRC_01715,2026-06-08,BATTERY,LEAD_ACID,Delhi-Mayapuri Cluster,82.76,99.53,KG,74.48,109.48
PRC_01716,2026-06-08,BATTERY,BATTERY_LITHIUM_PORTABLE,Delhi-Mayapuri Cluster,117.76,147.53,KG,105.98,162.28
PRC_01717,2026-06-08,DISPLAY,LCD_PANEL_INTACT,Delhi-Mayapuri Cluster,147.76,207.53,PIECE,132.98,228.28
PRC_01718,2026-06-08,DISPLAY,CRT_MONITOR,Delhi-Mayapuri Cluster,57.76,87.53,PIECE,51.98,96.28
PRC_01719,2026-06-08,PLASTIC,MIXED_EWASTE_CASING,Delhi-Mayapuri Cluster,15.76,23.76,KG,14.18,26.14
PRC_01720,2026-06-08,PCB,MOTHERBOARD_HIGH_GRADE,Mumbai-Dharavi Cluster,277.76,317.53,KG,249.98,349.28
PRC_01721,2026-06-08,PCB,POWER_SUPPLY_LOW_GRADE,Mumbai-Dharavi Cluster,42.76,57.53,KG,38.48,63.28
PRC_01722,2026-06-08,CABLE,COPPER_HEAVY_INSULATED,Mumbai-Dharavi Cluster,417.76,467.53,KG,375.98,514.28
PRC_01723,2026-06-08,CABLE,ALUMINIUM_WIRE,Mumbai-Dharavi Cluster,107.76,132.53,KG,96.98,145.78
PRC_01724,2026-06-08,BATTERY,LEAD_ACID,Mumbai-Dharavi Cluster,82.76,99.53,KG,74.48,109.48
PRC_01725,2026-06-08,BATTERY,BATTERY_LITHIUM_PORTABLE,Mumbai-Dharavi Cluster,117.76,147.53,KG,105.98,162.28
PRC_01726,2026-06-08,DISPLAY,LCD_PANEL_INTACT,Mumbai-Dharavi Cluster,147.76,207.53,PIECE,132.98,228.28
PRC_01727,2026-06-08,DISPLAY,CRT_MONITOR,Mumbai-Dharavi Cluster,57.76,87.53,PIECE,51.98,96.28
PRC_01728,2026-06-08,PLASTIC,MIXED_EWASTE_CASING,Mumbai-Dharavi Cluster,15.76,23.76,KG,14.18,26.14
PRC_01729,2026-06-08,PCB,MOTHERBOARD_HIGH_GRADE,Bengaluru-Peenya Cluster,277.76,317.53,KG,249.98,349.28
PRC_01730,2026-06-08,PCB,POWER_SUPPLY_LOW_GRADE,Bengaluru-Peenya Cluster,42.76,57.53,KG,38.48,63.28
PRC_01731,2026-06-08,CABLE,COPPER_HEAVY_INSULATED,Bengaluru-Peenya Cluster,417.76,467.53,KG,375.98,514.28
PRC_01732,2026-06-08,CABLE,ALUMINIUM_WIRE,Bengaluru-Peenya Cluster,107.76,132.53,KG,96.98,145.78
PRC_01733,2026-06-08,BATTERY,LEAD_ACID,Bengaluru-Peenya Cluster,82.76,99.53,KG,74.48,109.48
PRC_01734,2026-06-08,BATTERY,BATTERY_LITHIUM_PORTABLE,Bengaluru-Peenya Cluster,117.76,147.53,KG,105.98,162.28
PRC_01735,2026-06-08,DISPLAY,LCD_PANEL_INTACT,Bengaluru-Peenya Cluster,147.76,207.53,PIECE,132.98,228.28
PRC_01736,2026-06-08,DISPLAY,CRT_MONITOR,Bengaluru-Peenya Cluster,57.76,87.53,PIECE,51.98,96.28
PRC_01737,2026-06-08,PLASTIC,MIXED_EWASTE_CASING,Bengaluru-Peenya Cluster,15.76,23.76,KG,14.18,26.14
PRC_01738,2026-06-08,PCB,MOTHERBOARD_HIGH_GRADE,Bhubaneswar-Cuttack Cluster,277.76,317.53,KG,249.98,349.28
PRC_01739,2026-06-08,PCB,POWER_SUPPLY_LOW_GRADE,Bhubaneswar-Cuttack Cluster,42.76,57.53,KG,38.48,63.28
PRC_01740,2026-06-08,CABLE,COPPER_HEAVY_INSULATED,Bhubaneswar-Cuttack Cluster,417.76,467.53,KG,375.98,514.28
PRC_01741,2026-06-08,CABLE,ALUMINIUM_WIRE,Bhubaneswar-Cuttack Cluster,107.76,132.53,KG,96.98,145.78
PRC_01742,2026-06-08,BATTERY,LEAD_ACID,Bhubaneswar-Cuttack Cluster,82.76,99.53,KG,74.48,109.48
PRC_01743,2026-06-08,BATTERY,BATTERY_LITHIUM_PORTABLE,Bhubaneswar-Cuttack Cluster,117.76,147.53,KG,105.98,162.28
PRC_01744,2026-06-08,DISPLAY,LCD_PANEL_INTACT,Bhubaneswar-Cuttack Cluster,147.76,207.53,PIECE,132.98,228.28
PRC_01745,2026-06-08,DISPLAY,CRT_MONITOR,Bhubaneswar-Cuttack Cluster,57.76,87.53,PIECE,51.98,96.28
PRC_01746,2026-06-08,PLASTIC,MIXED_EWASTE_CASING,Bhubaneswar-Cuttack Cluster,15.76,23.76,KG,14.18,26.14
PRC_01747,2026-06-08,PCB,MOTHERBOARD_HIGH_GRADE,Chennai-Ambattur Cluster,277.76,317.53,KG,249.98,349.28
PRC_01748,2026-06-08,PCB,POWER_SUPPLY_LOW_GRADE,Chennai-Ambattur Cluster,42.76,57.53,KG,38.48,63.28
PRC_01749,2026-06-08,CABLE,COPPER_HEAVY_INSULATED,Chennai-Ambattur Cluster,417.76,467.53,KG,375.98,514.28
PRC_01750,2026-06-08,CABLE,ALUMINIUM_WIRE,Chennai-Ambattur Cluster,107.76,132.53,KG,96.98,145.78
PRC_01751,2026-06-08,BATTERY,LEAD_ACID,Chennai-Ambattur Cluster,82.76,99.53,KG,74.48,109.48
PRC_01752,2026-06-08,BATTERY,BATTERY_LITHIUM_PORTABLE,Chennai-Ambattur Cluster,117.76,147.53,KG,105.98,162.28
PRC_01753,2026-06-08,DISPLAY,LCD_PANEL_INTACT,Chennai-Ambattur Cluster,147.76,207.53,PIECE,132.98,228.28
PRC_01754,2026-06-08,DISPLAY,CRT_MONITOR,Chennai-Ambattur Cluster,57.76,87.53,PIECE,51.98,96.28
PRC_01755,2026-06-08,PLASTIC,MIXED_EWASTE_CASING,Chennai-Ambattur Cluster,15.76,23.76,KG,14.18,26.14
PRC_01756,2026-06-09,PCB,MOTHERBOARD_HIGH_GRADE,Delhi-Mayapuri Cluster,279.21,319.13,KG,251.29,351.04
PRC_01757,2026-06-09,PCB,POWER_SUPPLY_LOW_GRADE,Delhi-Mayapuri Cluster,44.21,59.13,KG,39.79,65.04
PRC_01758,2026-06-09,CABLE,COPPER_HEAVY_INSULATED,Delhi-Mayapuri Cluster,419.21,469.13,KG,377.29,516.04
PRC_01759,2026-06-09,CABLE,ALUMINIUM_WIRE,Delhi-Mayapuri Cluster,109.21,134.13,KG,98.29,147.54
PRC_01760,2026-06-09,BATTERY,LEAD_ACID,Delhi-Mayapuri Cluster,84.21,101.13,KG,75.79,111.24
PRC_01761,2026-06-09,BATTERY,BATTERY_LITHIUM_PORTABLE,Delhi-Mayapuri Cluster,119.21,149.13,KG,107.29,164.04
PRC_01762,2026-06-09,DISPLAY,LCD_PANEL_INTACT,Delhi-Mayapuri Cluster,149.21,209.13,PIECE,134.29,230.04
PRC_01763,2026-06-09,DISPLAY,CRT_MONITOR,Delhi-Mayapuri Cluster,59.21,89.13,PIECE,53.29,98.04
PRC_01764,2026-06-09,PLASTIC,MIXED_EWASTE_CASING,Delhi-Mayapuri Cluster,17.21,25.21,KG,15.49,27.73
PRC_01765,2026-06-09,PCB,MOTHERBOARD_HIGH_GRADE,Mumbai-Dharavi Cluster,279.21,319.13,KG,251.29,351.04
PRC_01766,2026-06-09,PCB,POWER_SUPPLY_LOW_GRADE,Mumbai-Dharavi Cluster,44.21,59.13,KG,39.79,65.04
PRC_01767,2026-06-09,CABLE,COPPER_HEAVY_INSULATED,Mumbai-Dharavi Cluster,419.21,469.13,KG,377.29,516.04
PRC_01768,2026-06-09,CABLE,ALUMINIUM_WIRE,Mumbai-Dharavi Cluster,109.21,134.13,KG,98.29,147.54
PRC_01769,2026-06-09,BATTERY,LEAD_ACID,Mumbai-Dharavi Cluster,84.21,101.13,KG,75.79,111.24
PRC_01770,2026-06-09,BATTERY,BATTERY_LITHIUM_PORTABLE,Mumbai-Dharavi Cluster,119.21,149.13,KG,107.29,164.04
PRC_01771,2026-06-09,DISPLAY,LCD_PANEL_INTACT,Mumbai-Dharavi Cluster,149.21,209.13,PIECE,134.29,230.04
PRC_01772,2026-06-09,DISPLAY,CRT_MONITOR,Mumbai-Dharavi Cluster,59.21,89.13,PIECE,53.29,98.04
PRC_01773,2026-06-09,PLASTIC,MIXED_EWASTE_CASING,Mumbai-Dharavi Cluster,17.21,25.21,KG,15.49,27.73
PRC_01774,2026-06-09,PCB,MOTHERBOARD_HIGH_GRADE,Bengaluru-Peenya Cluster,279.21,319.13,KG,251.29,351.04
PRC_01775,2026-06-09,PCB,POWER_SUPPLY_LOW_GRADE,Bengaluru-Peenya Cluster,44.21,59.13,KG,39.79,65.04
PRC_01776,2026-06-09,CABLE,COPPER_HEAVY_INSULATED,Bengaluru-Peenya Cluster,419.21,469.13,KG,377.29,516.04
PRC_01777,2026-06-09,CABLE,ALUMINIUM_WIRE,Bengaluru-Peenya Cluster,109.21,134.13,KG,98.29,147.54
PRC_01778,2026-06-09,BATTERY,LEAD_ACID,Bengaluru-Peenya Cluster,84.21,101.13,KG,75.79,111.24
PRC_01779,2026-06-09,BATTERY,BATTERY_LITHIUM_PORTABLE,Bengaluru-Peenya Cluster,119.21,149.13,KG,107.29,164.04
PRC_01780,2026-06-09,DISPLAY,LCD_PANEL_INTACT,Bengaluru-Peenya Cluster,149.21,209.13,PIECE,134.29,230.04
PRC_01781,2026-06-09,DISPLAY,CRT_MONITOR,Bengaluru-Peenya Cluster,59.21,89.13,PIECE,53.29,98.04
PRC_01782,2026-06-09,PLASTIC,MIXED_EWASTE_CASING,Bengaluru-Peenya Cluster,17.21,25.21,KG,15.49,27.73
PRC_01783,2026-06-09,PCB,MOTHERBOARD_HIGH_GRADE,Bhubaneswar-Cuttack Cluster,279.21,319.13,KG,251.29,351.04
PRC_01784,2026-06-09,PCB,POWER_SUPPLY_LOW_GRADE,Bhubaneswar-Cuttack Cluster,44.21,59.13,KG,39.79,65.04
PRC_01785,2026-06-09,CABLE,COPPER_HEAVY_INSULATED,Bhubaneswar-Cuttack Cluster,419.21,469.13,KG,377.29,516.04
PRC_01786,2026-06-09,CABLE,ALUMINIUM_WIRE,Bhubaneswar-Cuttack Cluster,109.21,134.13,KG,98.29,147.54
PRC_01787,2026-06-09,BATTERY,LEAD_ACID,Bhubaneswar-Cuttack Cluster,84.21,101.13,KG,75.79,111.24
PRC_01788,2026-06-09,BATTERY,BATTERY_LITHIUM_PORTABLE,Bhubaneswar-Cuttack Cluster,119.21,149.13,KG,107.29,164.04
PRC_01789,2026-06-09,DISPLAY,LCD_PANEL_INTACT,Bhubaneswar-Cuttack Cluster,149.21,209.13,PIECE,134.29,230.04
PRC_01790,2026-06-09,DISPLAY,CRT_MONITOR,Bhubaneswar-Cuttack Cluster,59.21,89.13,PIECE,53.29,98.04
PRC_01791,2026-06-09,PLASTIC,MIXED_EWASTE_CASING,Bhubaneswar-Cuttack Cluster,17.21,25.21,KG,15.49,27.73
PRC_01792,2026-06-09,PCB,MOTHERBOARD_HIGH_GRADE,Chennai-Ambattur Cluster,279.21,319.13,KG,251.29,351.04
PRC_01793,2026-06-09,PCB,POWER_SUPPLY_LOW_GRADE,Chennai-Ambattur Cluster,44.21,59.13,KG,39.79,65.04
PRC_01794,2026-06-09,CABLE,COPPER_HEAVY_INSULATED,Chennai-Ambattur Cluster,419.21,469.13,KG,377.29,516.04
PRC_01795,2026-06-09,CABLE,ALUMINIUM_WIRE,Chennai-Ambattur Cluster,109.21,134.13,KG,98.29,147.54
PRC_01796,2026-06-09,BATTERY,LEAD_ACID,Chennai-Ambattur Cluster,84.21,101.13,KG,75.79,111.24
PRC_01797,2026-06-09,BATTERY,BATTERY_LITHIUM_PORTABLE,Chennai-Ambattur Cluster,119.21,149.13,KG,107.29,164.04
PRC_01798,2026-06-09,DISPLAY,LCD_PANEL_INTACT,Chennai-Ambattur Cluster,149.21,209.13,PIECE,134.29,230.04
PRC_01799,2026-06-09,DISPLAY,CRT_MONITOR,Chennai-Ambattur Cluster,59.21,89.13,PIECE,53.29,98.04
PRC_01800,2026-06-09,PLASTIC,MIXED_EWASTE_CASING,Chennai-Ambattur Cluster,17.21,25.21,KG,15.49,27.73
PRC_01801,2026-06-10,PCB,MOTHERBOARD_HIGH_GRADE,Delhi-Mayapuri Cluster,279.2,319.12,KG,251.28,351.03
PRC_01802,2026-06-10,PCB,POWER_SUPPLY_LOW_GRADE,Delhi-Mayapuri Cluster,44.2,59.12,KG,39.78,65.03
PRC_01803,2026-06-10,CABLE,COPPER_HEAVY_INSULATED,Delhi-Mayapuri Cluster,419.2,469.12,KG,377.28,516.03
PRC_01804,2026-06-10,CABLE,ALUMINIUM_WIRE,Delhi-Mayapuri Cluster,109.2,134.12,KG,98.28,147.53
PRC_01805,2026-06-10,BATTERY,LEAD_ACID,Delhi-Mayapuri Cluster,84.2,101.12,KG,75.78,111.23
PRC_01806,2026-06-10,BATTERY,BATTERY_LITHIUM_PORTABLE,Delhi-Mayapuri Cluster,119.2,149.12,KG,107.28,164.03
PRC_01807,2026-06-10,DISPLAY,LCD_PANEL_INTACT,Delhi-Mayapuri Cluster,149.2,209.12,PIECE,134.28,230.03
PRC_01808,2026-06-10,DISPLAY,CRT_MONITOR,Delhi-Mayapuri Cluster,59.2,89.12,PIECE,53.28,98.03
PRC_01809,2026-06-10,PLASTIC,MIXED_EWASTE_CASING,Delhi-Mayapuri Cluster,17.2,25.2,KG,15.48,27.72
PRC_01810,2026-06-10,PCB,MOTHERBOARD_HIGH_GRADE,Mumbai-Dharavi Cluster,279.2,319.12,KG,251.28,351.03
PRC_01811,2026-06-10,PCB,POWER_SUPPLY_LOW_GRADE,Mumbai-Dharavi Cluster,44.2,59.12,KG,39.78,65.03
PRC_01812,2026-06-10,CABLE,COPPER_HEAVY_INSULATED,Mumbai-Dharavi Cluster,419.2,469.12,KG,377.28,516.03
PRC_01813,2026-06-10,CABLE,ALUMINIUM_WIRE,Mumbai-Dharavi Cluster,109.2,134.12,KG,98.28,147.53
PRC_01814,2026-06-10,BATTERY,LEAD_ACID,Mumbai-Dharavi Cluster,84.2,101.12,KG,75.78,111.23
PRC_01815,2026-06-10,BATTERY,BATTERY_LITHIUM_PORTABLE,Mumbai-Dharavi Cluster,119.2,149.12,KG,107.28,164.03
PRC_01816,2026-06-10,DISPLAY,LCD_PANEL_INTACT,Mumbai-Dharavi Cluster,149.2,209.12,PIECE,134.28,230.03
PRC_01817,2026-06-10,DISPLAY,CRT_MONITOR,Mumbai-Dharavi Cluster,59.2,89.12,PIECE,53.28,98.03
PRC_01818,2026-06-10,PLASTIC,MIXED_EWASTE_CASING,Mumbai-Dharavi Cluster,17.2,25.2,KG,15.48,27.72
PRC_01819,2026-06-10,PCB,MOTHERBOARD_HIGH_GRADE,Bengaluru-Peenya Cluster,279.2,319.12,KG,251.28,351.03
PRC_01820,2026-06-10,PCB,POWER_SUPPLY_LOW_GRADE,Bengaluru-Peenya Cluster,44.2,59.12,KG,39.78,65.03
PRC_01821,2026-06-10,CABLE,COPPER_HEAVY_INSULATED,Bengaluru-Peenya Cluster,419.2,469.12,KG,377.28,516.03
PRC_01822,2026-06-10,CABLE,ALUMINIUM_WIRE,Bengaluru-Peenya Cluster,109.2,134.12,KG,98.28,147.53
PRC_01823,2026-06-10,BATTERY,LEAD_ACID,Bengaluru-Peenya Cluster,84.2,101.12,KG,75.78,111.23
PRC_01824,2026-06-10,BATTERY,BATTERY_LITHIUM_PORTABLE,Bengaluru-Peenya Cluster,119.2,149.12,KG,107.28,164.03
PRC_01825,2026-06-10,DISPLAY,LCD_PANEL_INTACT,Bengaluru-Peenya Cluster,149.2,209.12,PIECE,134.28,230.03
PRC_01826,2026-06-10,DISPLAY,CRT_MONITOR,Bengaluru-Peenya Cluster,59.2,89.12,PIECE,53.28,98.03
PRC_01827,2026-06-10,PLASTIC,MIXED_EWASTE_CASING,Bengaluru-Peenya Cluster,17.2,25.2,KG,15.48,27.72
PRC_01828,2026-06-10,PCB,MOTHERBOARD_HIGH_GRADE,Bhubaneswar-Cuttack Cluster,279.2,319.12,KG,251.28,351.03
PRC_01829,2026-06-10,PCB,POWER_SUPPLY_LOW_GRADE,Bhubaneswar-Cuttack Cluster,44.2,59.12,KG,39.78,65.03
PRC_01830,2026-06-10,CABLE,COPPER_HEAVY_INSULATED,Bhubaneswar-Cuttack Cluster,419.2,469.12,KG,377.28,516.03
PRC_01831,2026-06-10,CABLE,ALUMINIUM_WIRE,Bhubaneswar-Cuttack Cluster,109.2,134.12,KG,98.28,147.53
PRC_01832,2026-06-10,BATTERY,LEAD_ACID,Bhubaneswar-Cuttack Cluster,84.2,101.12,KG,75.78,111.23
PRC_01833,2026-06-10,BATTERY,BATTERY_LITHIUM_PORTABLE,Bhubaneswar-Cuttack Cluster,119.2,149.12,KG,107.28,164.03
PRC_01834,2026-06-10,DISPLAY,LCD_PANEL_INTACT,Bhubaneswar-Cuttack Cluster,149.2,209.12,PIECE,134.28,230.03
PRC_01835,2026-06-10,DISPLAY,CRT_MONITOR,Bhubaneswar-Cuttack Cluster,59.2,89.12,PIECE,53.28,98.03
PRC_01836,2026-06-10,PLASTIC,MIXED_EWASTE_CASING,Bhubaneswar-Cuttack Cluster,17.2,25.2,KG,15.48,27.72
PRC_01837,2026-06-10,PCB,MOTHERBOARD_HIGH_GRADE,Chennai-Ambattur Cluster,279.2,319.12,KG,251.28,351.03
PRC_01838,2026-06-10,PCB,POWER_SUPPLY_LOW_GRADE,Chennai-Ambattur Cluster,44.2,59.12,KG,39.78,65.03
PRC_01839,2026-06-10,CABLE,COPPER_HEAVY_INSULATED,Chennai-Ambattur Cluster,419.2,469.12,KG,377.28,516.03
PRC_01840,2026-06-10,CABLE,ALUMINIUM_WIRE,Chennai-Ambattur Cluster,109.2,134.12,KG,98.28,147.53
PRC_01841,2026-06-10,BATTERY,LEAD_ACID,Chennai-Ambattur Cluster,84.2,101.12,KG,75.78,111.23
PRC_01842,2026-06-10,BATTERY,BATTERY_LITHIUM_PORTABLE,Chennai-Ambattur Cluster,119.2,149.12,KG,107.28,164.03
PRC_01843,2026-06-10,DISPLAY,LCD_PANEL_INTACT,Chennai-Ambattur Cluster,149.2,209.12,PIECE,134.28,230.03
PRC_01844,2026-06-10,DISPLAY,CRT_MONITOR,Chennai-Ambattur Cluster,59.2,89.12,PIECE,53.28,98.03
PRC_01845,2026-06-10,PLASTIC,MIXED_EWASTE_CASING,Chennai-Ambattur Cluster,17.2,25.2,KG,15.48,27.72
PRC_01846,2026-06-11,PCB,MOTHERBOARD_HIGH_GRADE,Delhi-Mayapuri Cluster,277.54,317.29,KG,249.79,349.02
PRC_01847,2026-06-11,PCB,POWER_SUPPLY_LOW_GRADE,Delhi-Mayapuri Cluster,42.54,57.29,KG,38.29,63.02
PRC_01848,2026-06-11,CABLE,COPPER_HEAVY_INSULATED,Delhi-Mayapuri Cluster,417.54,467.29,KG,375.79,514.02
PRC_01849,2026-06-11,CABLE,ALUMINIUM_WIRE,Delhi-Mayapuri Cluster,107.54,132.29,KG,96.79,145.52
PRC_01850,2026-06-11,BATTERY,LEAD_ACID,Delhi-Mayapuri Cluster,82.54,99.29,KG,74.29,109.22
PRC_01851,2026-06-11,BATTERY,BATTERY_LITHIUM_PORTABLE,Delhi-Mayapuri Cluster,117.54,147.29,KG,105.79,162.02
PRC_01852,2026-06-11,DISPLAY,LCD_PANEL_INTACT,Delhi-Mayapuri Cluster,147.54,207.29,PIECE,132.79,228.02
PRC_01853,2026-06-11,DISPLAY,CRT_MONITOR,Delhi-Mayapuri Cluster,57.54,87.29,PIECE,51.79,96.02
PRC_01854,2026-06-11,PLASTIC,MIXED_EWASTE_CASING,Delhi-Mayapuri Cluster,15.54,23.54,KG,13.99,25.89
PRC_01855,2026-06-11,PCB,MOTHERBOARD_HIGH_GRADE,Mumbai-Dharavi Cluster,277.54,317.29,KG,249.79,349.02
PRC_01856,2026-06-11,PCB,POWER_SUPPLY_LOW_GRADE,Mumbai-Dharavi Cluster,42.54,57.29,KG,38.29,63.02
PRC_01857,2026-06-11,CABLE,COPPER_HEAVY_INSULATED,Mumbai-Dharavi Cluster,417.54,467.29,KG,375.79,514.02
PRC_01858,2026-06-11,CABLE,ALUMINIUM_WIRE,Mumbai-Dharavi Cluster,107.54,132.29,KG,96.79,145.52
PRC_01859,2026-06-11,BATTERY,LEAD_ACID,Mumbai-Dharavi Cluster,82.54,99.29,KG,74.29,109.22
PRC_01860,2026-06-11,BATTERY,BATTERY_LITHIUM_PORTABLE,Mumbai-Dharavi Cluster,117.54,147.29,KG,105.79,162.02
PRC_01861,2026-06-11,DISPLAY,LCD_PANEL_INTACT,Mumbai-Dharavi Cluster,147.54,207.29,PIECE,132.79,228.02
PRC_01862,2026-06-11,DISPLAY,CRT_MONITOR,Mumbai-Dharavi Cluster,57.54,87.29,PIECE,51.79,96.02
PRC_01863,2026-06-11,PLASTIC,MIXED_EWASTE_CASING,Mumbai-Dharavi Cluster,15.54,23.54,KG,13.99,25.89
PRC_01864,2026-06-11,PCB,MOTHERBOARD_HIGH_GRADE,Bengaluru-Peenya Cluster,277.54,317.29,KG,249.79,349.02
PRC_01865,2026-06-11,PCB,POWER_SUPPLY_LOW_GRADE,Bengaluru-Peenya Cluster,42.54,57.29,KG,38.29,63.02
PRC_01866,2026-06-11,CABLE,COPPER_HEAVY_INSULATED,Bengaluru-Peenya Cluster,417.54,467.29,KG,375.79,514.02
PRC_01867,2026-06-11,CABLE,ALUMINIUM_WIRE,Bengaluru-Peenya Cluster,107.54,132.29,KG,96.79,145.52
PRC_01868,2026-06-11,BATTERY,LEAD_ACID,Bengaluru-Peenya Cluster,82.54,99.29,KG,74.29,109.22
PRC_01869,2026-06-11,BATTERY,BATTERY_LITHIUM_PORTABLE,Bengaluru-Peenya Cluster,117.54,147.29,KG,105.79,162.02
PRC_01870,2026-06-11,DISPLAY,LCD_PANEL_INTACT,Bengaluru-Peenya Cluster,147.54,207.29,PIECE,132.79,228.02
PRC_01871,2026-06-11,DISPLAY,CRT_MONITOR,Bengaluru-Peenya Cluster,57.54,87.29,PIECE,51.79,96.02
PRC_01872,2026-06-11,PLASTIC,MIXED_EWASTE_CASING,Bengaluru-Peenya Cluster,15.54,23.54,KG,13.99,25.89
PRC_01873,2026-06-11,PCB,MOTHERBOARD_HIGH_GRADE,Bhubaneswar-Cuttack Cluster,277.54,317.29,KG,249.79,349.02
PRC_01874,2026-06-11,PCB,POWER_SUPPLY_LOW_GRADE,Bhubaneswar-Cuttack Cluster,42.54,57.29,KG,38.29,63.02
PRC_01875,2026-06-11,CABLE,COPPER_HEAVY_INSULATED,Bhubaneswar-Cuttack Cluster,417.54,467.29,KG,375.79,514.02
PRC_01876,2026-06-11,CABLE,ALUMINIUM_WIRE,Bhubaneswar-Cuttack Cluster,107.54,132.29,KG,96.79,145.52
PRC_01877,2026-06-11,BATTERY,LEAD_ACID,Bhubaneswar-Cuttack Cluster,82.54,99.29,KG,74.29,109.22
PRC_01878,2026-06-11,BATTERY,BATTERY_LITHIUM_PORTABLE,Bhubaneswar-Cuttack Cluster,117.54,147.29,KG,105.79,162.02
PRC_01879,2026-06-11,DISPLAY,LCD_PANEL_INTACT,Bhubaneswar-Cuttack Cluster,147.54,207.29,PIECE,132.79,228.02
PRC_01880,2026-06-11,DISPLAY,CRT_MONITOR,Bhubaneswar-Cuttack Cluster,57.54,87.29,PIECE,51.79,96.02
PRC_01881,2026-06-11,PLASTIC,MIXED_EWASTE_CASING,Bhubaneswar-Cuttack Cluster,15.54,23.54,KG,13.99,25.89
PRC_01882,2026-06-11,PCB,MOTHERBOARD_HIGH_GRADE,Chennai-Ambattur Cluster,277.54,317.29,KG,249.79,349.02
PRC_01883,2026-06-11,PCB,POWER_SUPPLY_LOW_GRADE,Chennai-Ambattur Cluster,42.54,57.29,KG,38.29,63.02
PRC_01884,2026-06-11,CABLE,COPPER_HEAVY_INSULATED,Chennai-Ambattur Cluster,417.54,467.29,KG,375.79,514.02
PRC_01885,2026-06-11,CABLE,ALUMINIUM_WIRE,Chennai-Ambattur Cluster,107.54,132.29,KG,96.79,145.52
PRC_01886,2026-06-11,BATTERY,LEAD_ACID,Chennai-Ambattur Cluster,82.54,99.29,KG,74.29,109.22
PRC_01887,2026-06-11,BATTERY,BATTERY_LITHIUM_PORTABLE,Chennai-Ambattur Cluster,117.54,147.29,KG,105.79,162.02
PRC_01888,2026-06-11,DISPLAY,LCD_PANEL_INTACT,Chennai-Ambattur Cluster,147.54,207.29,PIECE,132.79,228.02
PRC_01889,2026-06-11,DISPLAY,CRT_MONITOR,Chennai-Ambattur Cluster,57.54,87.29,PIECE,51.79,96.02
PRC_01890,2026-06-11,PLASTIC,MIXED_EWASTE_CASING,Chennai-Ambattur Cluster,15.54,23.54,KG,13.99,25.89
PRC_01891,2026-06-12,PCB,MOTHERBOARD_HIGH_GRADE,Delhi-Mayapuri Cluster,276.32,315.95,KG,248.69,347.54
PRC_01892,2026-06-12,PCB,POWER_SUPPLY_LOW_GRADE,Delhi-Mayapuri Cluster,41.32,55.95,KG,37.19,61.55
PRC_01893,2026-06-12,CABLE,COPPER_HEAVY_INSULATED,Delhi-Mayapuri Cluster,416.32,465.95,KG,374.69,512.55
PRC_01894,2026-06-12,CABLE,ALUMINIUM_WIRE,Delhi-Mayapuri Cluster,106.32,130.95,KG,95.69,144.04
PRC_01895,2026-06-12,BATTERY,LEAD_ACID,Delhi-Mayapuri Cluster,81.32,97.95,KG,73.19,107.75
PRC_01896,2026-06-12,BATTERY,BATTERY_LITHIUM_PORTABLE,Delhi-Mayapuri Cluster,116.32,145.95,KG,104.69,160.54
PRC_01897,2026-06-12,DISPLAY,LCD_PANEL_INTACT,Delhi-Mayapuri Cluster,146.32,205.95,PIECE,131.69,226.54
PRC_01898,2026-06-12,DISPLAY,CRT_MONITOR,Delhi-Mayapuri Cluster,56.32,85.95,PIECE,50.69,94.55
PRC_01899,2026-06-12,PLASTIC,MIXED_EWASTE_CASING,Delhi-Mayapuri Cluster,14.32,22.32,KG,12.89,24.55
PRC_01900,2026-06-12,PCB,MOTHERBOARD_HIGH_GRADE,Mumbai-Dharavi Cluster,276.32,315.95,KG,248.69,347.54
PRC_01901,2026-06-12,PCB,POWER_SUPPLY_LOW_GRADE,Mumbai-Dharavi Cluster,41.32,55.95,KG,37.19,61.55
PRC_01902,2026-06-12,CABLE,COPPER_HEAVY_INSULATED,Mumbai-Dharavi Cluster,416.32,465.95,KG,374.69,512.55
PRC_01903,2026-06-12,CABLE,ALUMINIUM_WIRE,Mumbai-Dharavi Cluster,106.32,130.95,KG,95.69,144.04
PRC_01904,2026-06-12,BATTERY,LEAD_ACID,Mumbai-Dharavi Cluster,81.32,97.95,KG,73.19,107.75
PRC_01905,2026-06-12,BATTERY,BATTERY_LITHIUM_PORTABLE,Mumbai-Dharavi Cluster,116.32,145.95,KG,104.69,160.54
PRC_01906,2026-06-12,DISPLAY,LCD_PANEL_INTACT,Mumbai-Dharavi Cluster,146.32,205.95,PIECE,131.69,226.54
PRC_01907,2026-06-12,DISPLAY,CRT_MONITOR,Mumbai-Dharavi Cluster,56.32,85.95,PIECE,50.69,94.55
PRC_01908,2026-06-12,PLASTIC,MIXED_EWASTE_CASING,Mumbai-Dharavi Cluster,14.32,22.32,KG,12.89,24.55
PRC_01909,2026-06-12,PCB,MOTHERBOARD_HIGH_GRADE,Bengaluru-Peenya Cluster,276.32,315.95,KG,248.69,347.54
PRC_01910,2026-06-12,PCB,POWER_SUPPLY_LOW_GRADE,Bengaluru-Peenya Cluster,41.32,55.95,KG,37.19,61.55
PRC_01911,2026-06-12,CABLE,COPPER_HEAVY_INSULATED,Bengaluru-Peenya Cluster,416.32,465.95,KG,374.69,512.55
PRC_01912,2026-06-12,CABLE,ALUMINIUM_WIRE,Bengaluru-Peenya Cluster,106.32,130.95,KG,95.69,144.04
PRC_01913,2026-06-12,BATTERY,LEAD_ACID,Bengaluru-Peenya Cluster,81.32,97.95,KG,73.19,107.75
PRC_01914,2026-06-12,BATTERY,BATTERY_LITHIUM_PORTABLE,Bengaluru-Peenya Cluster,116.32,145.95,KG,104.69,160.54
PRC_01915,2026-06-12,DISPLAY,LCD_PANEL_INTACT,Bengaluru-Peenya Cluster,146.32,205.95,PIECE,131.69,226.54
PRC_01916,2026-06-12,DISPLAY,CRT_MONITOR,Bengaluru-Peenya Cluster,56.32,85.95,PIECE,50.69,94.55
PRC_01917,2026-06-12,PLASTIC,MIXED_EWASTE_CASING,Bengaluru-Peenya Cluster,14.32,22.32,KG,12.89,24.55
PRC_01918,2026-06-12,PCB,MOTHERBOARD_HIGH_GRADE,Bhubaneswar-Cuttack Cluster,276.32,315.95,KG,248.69,347.54
PRC_01919,2026-06-12,PCB,POWER_SUPPLY_LOW_GRADE,Bhubaneswar-Cuttack Cluster,41.32,55.95,KG,37.19,61.55
PRC_01920,2026-06-12,CABLE,COPPER_HEAVY_INSULATED,Bhubaneswar-Cuttack Cluster,416.32,465.95,KG,374.69,512.55
PRC_01921,2026-06-12,CABLE,ALUMINIUM_WIRE,Bhubaneswar-Cuttack Cluster,106.32,130.95,KG,95.69,144.04
PRC_01922,2026-06-12,BATTERY,LEAD_ACID,Bhubaneswar-Cuttack Cluster,81.32,97.95,KG,73.19,107.75
PRC_01923,2026-06-12,BATTERY,BATTERY_LITHIUM_PORTABLE,Bhubaneswar-Cuttack Cluster,116.32,145.95,KG,104.69,160.54
PRC_01924,2026-06-12,DISPLAY,LCD_PANEL_INTACT,Bhubaneswar-Cuttack Cluster,146.32,205.95,PIECE,131.69,226.54
PRC_01925,2026-06-12,DISPLAY,CRT_MONITOR,Bhubaneswar-Cuttack Cluster,56.32,85.95,PIECE,50.69,94.55
PRC_01926,2026-06-12,PLASTIC,MIXED_EWASTE_CASING,Bhubaneswar-Cuttack Cluster,14.32,22.32,KG,12.89,24.55
PRC_01927,2026-06-12,PCB,MOTHERBOARD_HIGH_GRADE,Chennai-Ambattur Cluster,276.32,315.95,KG,248.69,347.54
PRC_01928,2026-06-12,PCB,POWER_SUPPLY_LOW_GRADE,Chennai-Ambattur Cluster,41.32,55.95,KG,37.19,61.55
PRC_01929,2026-06-12,CABLE,COPPER_HEAVY_INSULATED,Chennai-Ambattur Cluster,416.32,465.95,KG,374.69,512.55
PRC_01930,2026-06-12,CABLE,ALUMINIUM_WIRE,Chennai-Ambattur Cluster,106.32,130.95,KG,95.69,144.04
PRC_01931,2026-06-12,BATTERY,LEAD_ACID,Chennai-Ambattur Cluster,81.32,97.95,KG,73.19,107.75
PRC_01932,2026-06-12,BATTERY,BATTERY_LITHIUM_PORTABLE,Chennai-Ambattur Cluster,116.32,145.95,KG,104.69,160.54
PRC_01933,2026-06-12,DISPLAY,LCD_PANEL_INTACT,Chennai-Ambattur Cluster,146.32,205.95,PIECE,131.69,226.54
PRC_01934,2026-06-12,DISPLAY,CRT_MONITOR,Chennai-Ambattur Cluster,56.32,85.95,PIECE,50.69,94.55
PRC_01935,2026-06-12,PLASTIC,MIXED_EWASTE_CASING,Chennai-Ambattur Cluster,14.32,22.32,KG,12.89,24.55
PRC_01936,2026-06-13,PCB,MOTHERBOARD_HIGH_GRADE,Delhi-Mayapuri Cluster,275.27,314.8,KG,247.74,346.28
PRC_01937,2026-06-13,PCB,POWER_SUPPLY_LOW_GRADE,Delhi-Mayapuri Cluster,40.27,54.8,KG,36.24,60.28
PRC_01938,2026-06-13,CABLE,COPPER_HEAVY_INSULATED,Delhi-Mayapuri Cluster,415.27,464.8,KG,373.74,511.28
PRC_01939,2026-06-13,CABLE,ALUMINIUM_WIRE,Delhi-Mayapuri Cluster,105.27,129.8,KG,94.74,142.78
PRC_01940,2026-06-13,BATTERY,LEAD_ACID,Delhi-Mayapuri Cluster,80.27,96.8,KG,72.24,106.48
PRC_01941,2026-06-13,BATTERY,BATTERY_LITHIUM_PORTABLE,Delhi-Mayapuri Cluster,115.27,144.8,KG,103.74,159.28
PRC_01942,2026-06-13,DISPLAY,LCD_PANEL_INTACT,Delhi-Mayapuri Cluster,145.27,204.8,PIECE,130.74,225.28
PRC_01943,2026-06-13,DISPLAY,CRT_MONITOR,Delhi-Mayapuri Cluster,55.27,84.8,PIECE,49.74,93.28
PRC_01944,2026-06-13,PLASTIC,MIXED_EWASTE_CASING,Delhi-Mayapuri Cluster,13.27,21.27,KG,11.94,23.4
PRC_01945,2026-06-13,PCB,MOTHERBOARD_HIGH_GRADE,Mumbai-Dharavi Cluster,275.27,314.8,KG,247.74,346.28
PRC_01946,2026-06-13,PCB,POWER_SUPPLY_LOW_GRADE,Mumbai-Dharavi Cluster,40.27,54.8,KG,36.24,60.28
PRC_01947,2026-06-13,CABLE,COPPER_HEAVY_INSULATED,Mumbai-Dharavi Cluster,415.27,464.8,KG,373.74,511.28
PRC_01948,2026-06-13,CABLE,ALUMINIUM_WIRE,Mumbai-Dharavi Cluster,105.27,129.8,KG,94.74,142.78
PRC_01949,2026-06-13,BATTERY,LEAD_ACID,Mumbai-Dharavi Cluster,80.27,96.8,KG,72.24,106.48
PRC_01950,2026-06-13,BATTERY,BATTERY_LITHIUM_PORTABLE,Mumbai-Dharavi Cluster,115.27,144.8,KG,103.74,159.28
PRC_01951,2026-06-13,DISPLAY,LCD_PANEL_INTACT,Mumbai-Dharavi Cluster,145.27,204.8,PIECE,130.74,225.28
PRC_01952,2026-06-13,DISPLAY,CRT_MONITOR,Mumbai-Dharavi Cluster,55.27,84.8,PIECE,49.74,93.28
PRC_01953,2026-06-13,PLASTIC,MIXED_EWASTE_CASING,Mumbai-Dharavi Cluster,13.27,21.27,KG,11.94,23.4
PRC_01954,2026-06-13,PCB,MOTHERBOARD_HIGH_GRADE,Bengaluru-Peenya Cluster,275.27,314.8,KG,247.74,346.28
PRC_01955,2026-06-13,PCB,POWER_SUPPLY_LOW_GRADE,Bengaluru-Peenya Cluster,40.27,54.8,KG,36.24,60.28
PRC_01956,2026-06-13,CABLE,COPPER_HEAVY_INSULATED,Bengaluru-Peenya Cluster,415.27,464.8,KG,373.74,511.28
PRC_01957,2026-06-13,CABLE,ALUMINIUM_WIRE,Bengaluru-Peenya Cluster,105.27,129.8,KG,94.74,142.78
PRC_01958,2026-06-13,BATTERY,LEAD_ACID,Bengaluru-Peenya Cluster,80.27,96.8,KG,72.24,106.48
PRC_01959,2026-06-13,BATTERY,BATTERY_LITHIUM_PORTABLE,Bengaluru-Peenya Cluster,115.27,144.8,KG,103.74,159.28
PRC_01960,2026-06-13,DISPLAY,LCD_PANEL_INTACT,Bengaluru-Peenya Cluster,145.27,204.8,PIECE,130.74,225.28
PRC_01961,2026-06-13,DISPLAY,CRT_MONITOR,Bengaluru-Peenya Cluster,55.27,84.8,PIECE,49.74,93.28
PRC_01962,2026-06-13,PLASTIC,MIXED_EWASTE_CASING,Bengaluru-Peenya Cluster,13.27,21.27,KG,11.94,23.4
PRC_01963,2026-06-13,PCB,MOTHERBOARD_HIGH_GRADE,Bhubaneswar-Cuttack Cluster,275.27,314.8,KG,247.74,346.28
PRC_01964,2026-06-13,PCB,POWER_SUPPLY_LOW_GRADE,Bhubaneswar-Cuttack Cluster,40.27,54.8,KG,36.24,60.28
PRC_01965,2026-06-13,CABLE,COPPER_HEAVY_INSULATED,Bhubaneswar-Cuttack Cluster,415.27,464.8,KG,373.74,511.28
PRC_01966,2026-06-13,CABLE,ALUMINIUM_WIRE,Bhubaneswar-Cuttack Cluster,105.27,129.8,KG,94.74,142.78
PRC_01967,2026-06-13,BATTERY,LEAD_ACID,Bhubaneswar-Cuttack Cluster,80.27,96.8,KG,72.24,106.48
PRC_01968,2026-06-13,BATTERY,BATTERY_LITHIUM_PORTABLE,Bhubaneswar-Cuttack Cluster,115.27,144.8,KG,103.74,159.28
PRC_01969,2026-06-13,DISPLAY,LCD_PANEL_INTACT,Bhubaneswar-Cuttack Cluster,145.27,204.8,PIECE,130.74,225.28
PRC_01970,2026-06-13,DISPLAY,CRT_MONITOR,Bhubaneswar-Cuttack Cluster,55.27,84.8,PIECE,49.74,93.28
PRC_01971,2026-06-13,PLASTIC,MIXED_EWASTE_CASING,Bhubaneswar-Cuttack Cluster,13.27,21.27,KG,11.94,23.4
PRC_01972,2026-06-13,PCB,MOTHERBOARD_HIGH_GRADE,Chennai-Ambattur Cluster,275.27,314.8,KG,247.74,346.28
PRC_01973,2026-06-13,PCB,POWER_SUPPLY_LOW_GRADE,Chennai-Ambattur Cluster,40.27,54.8,KG,36.24,60.28
PRC_01974,2026-06-13,CABLE,COPPER_HEAVY_INSULATED,Chennai-Ambattur Cluster,415.27,464.8,KG,373.74,511.28
PRC_01975,2026-06-13,CABLE,ALUMINIUM_WIRE,Chennai-Ambattur Cluster,105.27,129.8,KG,94.74,142.78
PRC_01976,2026-06-13,BATTERY,LEAD_ACID,Chennai-Ambattur Cluster,80.27,96.8,KG,72.24,106.48
PRC_01977,2026-06-13,BATTERY,BATTERY_LITHIUM_PORTABLE,Chennai-Ambattur Cluster,115.27,144.8,KG,103.74,159.28
PRC_01978,2026-06-13,DISPLAY,LCD_PANEL_INTACT,Chennai-Ambattur Cluster,145.27,204.8,PIECE,130.74,225.28
PRC_01979,2026-06-13,DISPLAY,CRT_MONITOR,Chennai-Ambattur Cluster,55.27,84.8,PIECE,49.74,93.28
PRC_01980,2026-06-13,PLASTIC,MIXED_EWASTE_CASING,Chennai-Ambattur Cluster,13.27,21.27,KG,11.94,23.4
PRC_01981,2026-06-14,PCB,MOTHERBOARD_HIGH_GRADE,Delhi-Mayapuri Cluster,272.77,312.05,KG,245.49,343.26
PRC_01982,2026-06-14,PCB,POWER_SUPPLY_LOW_GRADE,Delhi-Mayapuri Cluster,37.77,52.05,KG,33.99,57.26
PRC_01983,2026-06-14,CABLE,COPPER_HEAVY_INSULATED,Delhi-Mayapuri Cluster,412.77,462.05,KG,371.49,508.26
PRC_01984,2026-06-14,CABLE,ALUMINIUM_WIRE,Delhi-Mayapuri Cluster,102.77,127.05,KG,92.49,139.76
PRC_01985,2026-06-14,BATTERY,LEAD_ACID,Delhi-Mayapuri Cluster,77.77,94.05,KG,69.99,103.46
PRC_01986,2026-06-14,BATTERY,BATTERY_LITHIUM_PORTABLE,Delhi-Mayapuri Cluster,112.77,142.05,KG,101.49,156.26
PRC_01987,2026-06-14,DISPLAY,LCD_PANEL_INTACT,Delhi-Mayapuri Cluster,142.77,202.05,PIECE,128.49,222.26
PRC_01988,2026-06-14,DISPLAY,CRT_MONITOR,Delhi-Mayapuri Cluster,52.77,82.05,PIECE,47.49,90.26
PRC_01989,2026-06-14,PLASTIC,MIXED_EWASTE_CASING,Delhi-Mayapuri Cluster,11.7,19.7,KG,10.53,21.67
PRC_01990,2026-06-14,PCB,MOTHERBOARD_HIGH_GRADE,Mumbai-Dharavi Cluster,272.77,312.05,KG,245.49,343.26
PRC_01991,2026-06-14,PCB,POWER_SUPPLY_LOW_GRADE,Mumbai-Dharavi Cluster,37.77,52.05,KG,33.99,57.26
PRC_01992,2026-06-14,CABLE,COPPER_HEAVY_INSULATED,Mumbai-Dharavi Cluster,412.77,462.05,KG,371.49,508.26
PRC_01993,2026-06-14,CABLE,ALUMINIUM_WIRE,Mumbai-Dharavi Cluster,102.77,127.05,KG,92.49,139.76
PRC_01994,2026-06-14,BATTERY,LEAD_ACID,Mumbai-Dharavi Cluster,77.77,94.05,KG,69.99,103.46
PRC_01995,2026-06-14,BATTERY,BATTERY_LITHIUM_PORTABLE,Mumbai-Dharavi Cluster,112.77,142.05,KG,101.49,156.26
PRC_01996,2026-06-14,DISPLAY,LCD_PANEL_INTACT,Mumbai-Dharavi Cluster,142.77,202.05,PIECE,128.49,222.26
PRC_01997,2026-06-14,DISPLAY,CRT_MONITOR,Mumbai-Dharavi Cluster,52.77,82.05,PIECE,47.49,90.26
PRC_01998,2026-06-14,PLASTIC,MIXED_EWASTE_CASING,Mumbai-Dharavi Cluster,11.7,19.7,KG,10.53,21.67
PRC_01999,2026-06-14,PCB,MOTHERBOARD_HIGH_GRADE,Bengaluru-Peenya Cluster,272.77,312.05,KG,245.49,343.26
PRC_02000,2026-06-14,PCB,POWER_SUPPLY_LOW_GRADE,Bengaluru-Peenya Cluster,37.77,52.05,KG,33.99,57.26
PRC_02001,2026-06-14,CABLE,COPPER_HEAVY_INSULATED,Bengaluru-Peenya Cluster,412.77,462.05,KG,371.49,508.26
PRC_02002,2026-06-14,CABLE,ALUMINIUM_WIRE,Bengaluru-Peenya Cluster,102.77,127.05,KG,92.49,139.76
PRC_02003,2026-06-14,BATTERY,LEAD_ACID,Bengaluru-Peenya Cluster,77.77,94.05,KG,69.99,103.46
PRC_02004,2026-06-14,BATTERY,BATTERY_LITHIUM_PORTABLE,Bengaluru-Peenya Cluster,112.77,142.05,KG,101.49,156.26
PRC_02005,2026-06-14,DISPLAY,LCD_PANEL_INTACT,Bengaluru-Peenya Cluster,142.77,202.05,PIECE,128.49,222.26
PRC_02006,2026-06-14,DISPLAY,CRT_MONITOR,Bengaluru-Peenya Cluster,52.77,82.05,PIECE,47.49,90.26
PRC_02007,2026-06-14,PLASTIC,MIXED_EWASTE_CASING,Bengaluru-Peenya Cluster,11.7,19.7,KG,10.53,21.67
PRC_02008,2026-06-14,PCB,MOTHERBOARD_HIGH_GRADE,Bhubaneswar-Cuttack Cluster,272.77,312.05,KG,245.49,343.26
PRC_02009,2026-06-14,PCB,POWER_SUPPLY_LOW_GRADE,Bhubaneswar-Cuttack Cluster,37.77,52.05,KG,33.99,57.26
PRC_02010,2026-06-14,CABLE,COPPER_HEAVY_INSULATED,Bhubaneswar-Cuttack Cluster,412.77,462.05,KG,371.49,508.26
PRC_02011,2026-06-14,CABLE,ALUMINIUM_WIRE,Bhubaneswar-Cuttack Cluster,102.77,127.05,KG,92.49,139.76
PRC_02012,2026-06-14,BATTERY,LEAD_ACID,Bhubaneswar-Cuttack Cluster,77.77,94.05,KG,69.99,103.46
PRC_02013,2026-06-14,BATTERY,BATTERY_LITHIUM_PORTABLE,Bhubaneswar-Cuttack Cluster,112.77,142.05,KG,101.49,156.26
PRC_02014,2026-06-14,DISPLAY,LCD_PANEL_INTACT,Bhubaneswar-Cuttack Cluster,142.77,202.05,PIECE,128.49,222.26
PRC_02015,2026-06-14,DISPLAY,CRT_MONITOR,Bhubaneswar-Cuttack Cluster,52.77,82.05,PIECE,47.49,90.26
PRC_02016,2026-06-14,PLASTIC,MIXED_EWASTE_CASING,Bhubaneswar-Cuttack Cluster,11.7,19.7,KG,10.53,21.67
PRC_02017,2026-06-14,PCB,MOTHERBOARD_HIGH_GRADE,Chennai-Ambattur Cluster,272.77,312.05,KG,245.49,343.26
PRC_02018,2026-06-14,PCB,POWER_SUPPLY_LOW_GRADE,Chennai-Ambattur Cluster,37.77,52.05,KG,33.99,57.26
PRC_02019,2026-06-14,CABLE,COPPER_HEAVY_INSULATED,Chennai-Ambattur Cluster,412.77,462.05,KG,371.49,508.26
PRC_02020,2026-06-14,CABLE,ALUMINIUM_WIRE,Chennai-Ambattur Cluster,102.77,127.05,KG,92.49,139.76
PRC_02021,2026-06-14,BATTERY,LEAD_ACID,Chennai-Ambattur Cluster,77.77,94.05,KG,69.99,103.46
PRC_02022,2026-06-14,BATTERY,BATTERY_LITHIUM_PORTABLE,Chennai-Ambattur Cluster,112.77,142.05,KG,101.49,156.26
PRC_02023,2026-06-14,DISPLAY,LCD_PANEL_INTACT,Chennai-Ambattur Cluster,142.77,202.05,PIECE,128.49,222.26
PRC_02024,2026-06-14,DISPLAY,CRT_MONITOR,Chennai-Ambattur Cluster,52.77,82.05,PIECE,47.49,90.26
PRC_02025,2026-06-14,PLASTIC,MIXED_EWASTE_CASING,Chennai-Ambattur Cluster,11.7,19.7,KG,10.53,21.67
PRC_02026,2026-06-15,PCB,MOTHERBOARD_HIGH_GRADE,Delhi-Mayapuri Cluster,273.2,312.53,KG,245.88,343.78
PRC_02027,2026-06-15,PCB,POWER_SUPPLY_LOW_GRADE,Delhi-Mayapuri Cluster,38.2,52.53,KG,34.38,57.78
PRC_02028,2026-06-15,CABLE,COPPER_HEAVY_INSULATED,Delhi-Mayapuri Cluster,413.2,462.53,KG,371.88,508.78
PRC_02029,2026-06-15,CABLE,ALUMINIUM_WIRE,Delhi-Mayapuri Cluster,103.2,127.53,KG,92.88,140.28
PRC_02030,2026-06-15,BATTERY,LEAD_ACID,Delhi-Mayapuri Cluster,78.2,94.53,KG,70.38,103.98
PRC_02031,2026-06-15,BATTERY,BATTERY_LITHIUM_PORTABLE,Delhi-Mayapuri Cluster,113.2,142.53,KG,101.88,156.78
PRC_02032,2026-06-15,DISPLAY,LCD_PANEL_INTACT,Delhi-Mayapuri Cluster,143.2,202.53,PIECE,128.88,222.78
PRC_02033,2026-06-15,DISPLAY,CRT_MONITOR,Delhi-Mayapuri Cluster,53.2,82.53,PIECE,47.88,90.78
PRC_02034,2026-06-15,PLASTIC,MIXED_EWASTE_CASING,Delhi-Mayapuri Cluster,11.7,19.7,KG,10.53,21.67
PRC_02035,2026-06-15,PCB,MOTHERBOARD_HIGH_GRADE,Mumbai-Dharavi Cluster,273.2,312.53,KG,245.88,343.78
PRC_02036,2026-06-15,PCB,POWER_SUPPLY_LOW_GRADE,Mumbai-Dharavi Cluster,38.2,52.53,KG,34.38,57.78
PRC_02037,2026-06-15,CABLE,COPPER_HEAVY_INSULATED,Mumbai-Dharavi Cluster,413.2,462.53,KG,371.88,508.78
PRC_02038,2026-06-15,CABLE,ALUMINIUM_WIRE,Mumbai-Dharavi Cluster,103.2,127.53,KG,92.88,140.28
PRC_02039,2026-06-15,BATTERY,LEAD_ACID,Mumbai-Dharavi Cluster,78.2,94.53,KG,70.38,103.98
PRC_02040,2026-06-15,BATTERY,BATTERY_LITHIUM_PORTABLE,Mumbai-Dharavi Cluster,113.2,142.53,KG,101.88,156.78
PRC_02041,2026-06-15,DISPLAY,LCD_PANEL_INTACT,Mumbai-Dharavi Cluster,143.2,202.53,PIECE,128.88,222.78
PRC_02042,2026-06-15,DISPLAY,CRT_MONITOR,Mumbai-Dharavi Cluster,53.2,82.53,PIECE,47.88,90.78
PRC_02043,2026-06-15,PLASTIC,MIXED_EWASTE_CASING,Mumbai-Dharavi Cluster,11.7,19.7,KG,10.53,21.67
PRC_02044,2026-06-15,PCB,MOTHERBOARD_HIGH_GRADE,Bengaluru-Peenya Cluster,273.2,312.53,KG,245.88,343.78
PRC_02045,2026-06-15,PCB,POWER_SUPPLY_LOW_GRADE,Bengaluru-Peenya Cluster,38.2,52.53,KG,34.38,57.78
PRC_02046,2026-06-15,CABLE,COPPER_HEAVY_INSULATED,Bengaluru-Peenya Cluster,413.2,462.53,KG,371.88,508.78
PRC_02047,2026-06-15,CABLE,ALUMINIUM_WIRE,Bengaluru-Peenya Cluster,103.2,127.53,KG,92.88,140.28
PRC_02048,2026-06-15,BATTERY,LEAD_ACID,Bengaluru-Peenya Cluster,78.2,94.53,KG,70.38,103.98
PRC_02049,2026-06-15,BATTERY,BATTERY_LITHIUM_PORTABLE,Bengaluru-Peenya Cluster,113.2,142.53,KG,101.88,156.78
PRC_02050,2026-06-15,DISPLAY,LCD_PANEL_INTACT,Bengaluru-Peenya Cluster,143.2,202.53,PIECE,128.88,222.78
PRC_02051,2026-06-15,DISPLAY,CRT_MONITOR,Bengaluru-Peenya Cluster,53.2,82.53,PIECE,47.88,90.78
PRC_02052,2026-06-15,PLASTIC,MIXED_EWASTE_CASING,Bengaluru-Peenya Cluster,11.7,19.7,KG,10.53,21.67
PRC_02053,2026-06-15,PCB,MOTHERBOARD_HIGH_GRADE,Bhubaneswar-Cuttack Cluster,273.2,312.53,KG,245.88,343.78
PRC_02054,2026-06-15,PCB,POWER_SUPPLY_LOW_GRADE,Bhubaneswar-Cuttack Cluster,38.2,52.53,KG,34.38,57.78
PRC_02055,2026-06-15,CABLE,COPPER_HEAVY_INSULATED,Bhubaneswar-Cuttack Cluster,413.2,462.53,KG,371.88,508.78
PRC_02056,2026-06-15,CABLE,ALUMINIUM_WIRE,Bhubaneswar-Cuttack Cluster,103.2,127.53,KG,92.88,140.28
PRC_02057,2026-06-15,BATTERY,LEAD_ACID,Bhubaneswar-Cuttack Cluster,78.2,94.53,KG,70.38,103.98
PRC_02058,2026-06-15,BATTERY,BATTERY_LITHIUM_PORTABLE,Bhubaneswar-Cuttack Cluster,113.2,142.53,KG,101.88,156.78
PRC_02059,2026-06-15,DISPLAY,LCD_PANEL_INTACT,Bhubaneswar-Cuttack Cluster,143.2,202.53,PIECE,128.88,222.78
PRC_02060,2026-06-15,DISPLAY,CRT_MONITOR,Bhubaneswar-Cuttack Cluster,53.2,82.53,PIECE,47.88,90.78
PRC_02061,2026-06-15,PLASTIC,MIXED_EWASTE_CASING,Bhubaneswar-Cuttack Cluster,11.7,19.7,KG,10.53,21.67
PRC_02062,2026-06-15,PCB,MOTHERBOARD_HIGH_GRADE,Chennai-Ambattur Cluster,273.2,312.53,KG,245.88,343.78
PRC_02063,2026-06-15,PCB,POWER_SUPPLY_LOW_GRADE,Chennai-Ambattur Cluster,38.2,52.53,KG,34.38,57.78
PRC_02064,2026-06-15,CABLE,COPPER_HEAVY_INSULATED,Chennai-Ambattur Cluster,413.2,462.53,KG,371.88,508.78
PRC_02065,2026-06-15,CABLE,ALUMINIUM_WIRE,Chennai-Ambattur Cluster,103.2,127.53,KG,92.88,140.28
PRC_02066,2026-06-15,BATTERY,LEAD_ACID,Chennai-Ambattur Cluster,78.2,94.53,KG,70.38,103.98
PRC_02067,2026-06-15,BATTERY,BATTERY_LITHIUM_PORTABLE,Chennai-Ambattur Cluster,113.2,142.53,KG,101.88,156.78
PRC_02068,2026-06-15,DISPLAY,LCD_PANEL_INTACT,Chennai-Ambattur Cluster,143.2,202.53,PIECE,128.88,222.78
PRC_02069,2026-06-15,DISPLAY,CRT_MONITOR,Chennai-Ambattur Cluster,53.2,82.53,PIECE,47.88,90.78
PRC_02070,2026-06-15,PLASTIC,MIXED_EWASTE_CASING,Chennai-Ambattur Cluster,11.7,19.7,KG,10.53,21.67
PRC_02071,2026-06-16,PCB,MOTHERBOARD_HIGH_GRADE,Delhi-Mayapuri Cluster,272.93,312.22,KG,245.64,343.44
PRC_02072,2026-06-16,PCB,POWER_SUPPLY_LOW_GRADE,Delhi-Mayapuri Cluster,37.93,52.22,KG,34.14,57.44
PRC_02073,2026-06-16,CABLE,COPPER_HEAVY_INSULATED,Delhi-Mayapuri Cluster,412.93,462.22,KG,371.64,508.44
PRC_02074,2026-06-16,CABLE,ALUMINIUM_WIRE,Delhi-Mayapuri Cluster,102.93,127.22,KG,92.64,139.94
PRC_02075,2026-06-16,BATTERY,LEAD_ACID,Delhi-Mayapuri Cluster,77.93,94.22,KG,70.14,103.64
PRC_02076,2026-06-16,BATTERY,BATTERY_LITHIUM_PORTABLE,Delhi-Mayapuri Cluster,112.93,142.22,KG,101.64,156.44
PRC_02077,2026-06-16,DISPLAY,LCD_PANEL_INTACT,Delhi-Mayapuri Cluster,142.93,202.22,PIECE,128.64,222.44
PRC_02078,2026-06-16,DISPLAY,CRT_MONITOR,Delhi-Mayapuri Cluster,52.93,82.22,PIECE,47.64,90.44
PRC_02079,2026-06-16,PLASTIC,MIXED_EWASTE_CASING,Delhi-Mayapuri Cluster,11.7,19.7,KG,10.53,21.67
PRC_02080,2026-06-16,PCB,MOTHERBOARD_HIGH_GRADE,Mumbai-Dharavi Cluster,272.93,312.22,KG,245.64,343.44
PRC_02081,2026-06-16,PCB,POWER_SUPPLY_LOW_GRADE,Mumbai-Dharavi Cluster,37.93,52.22,KG,34.14,57.44
PRC_02082,2026-06-16,CABLE,COPPER_HEAVY_INSULATED,Mumbai-Dharavi Cluster,412.93,462.22,KG,371.64,508.44
PRC_02083,2026-06-16,CABLE,ALUMINIUM_WIRE,Mumbai-Dharavi Cluster,102.93,127.22,KG,92.64,139.94
PRC_02084,2026-06-16,BATTERY,LEAD_ACID,Mumbai-Dharavi Cluster,77.93,94.22,KG,70.14,103.64
PRC_02085,2026-06-16,BATTERY,BATTERY_LITHIUM_PORTABLE,Mumbai-Dharavi Cluster,112.93,142.22,KG,101.64,156.44
PRC_02086,2026-06-16,DISPLAY,LCD_PANEL_INTACT,Mumbai-Dharavi Cluster,142.93,202.22,PIECE,128.64,222.44
PRC_02087,2026-06-16,DISPLAY,CRT_MONITOR,Mumbai-Dharavi Cluster,52.93,82.22,PIECE,47.64,90.44
PRC_02088,2026-06-16,PLASTIC,MIXED_EWASTE_CASING,Mumbai-Dharavi Cluster,11.7,19.7,KG,10.53,21.67
PRC_02089,2026-06-16,PCB,MOTHERBOARD_HIGH_GRADE,Bengaluru-Peenya Cluster,272.93,312.22,KG,245.64,343.44
PRC_02090,2026-06-16,PCB,POWER_SUPPLY_LOW_GRADE,Bengaluru-Peenya Cluster,37.93,52.22,KG,34.14,57.44
PRC_02091,2026-06-16,CABLE,COPPER_HEAVY_INSULATED,Bengaluru-Peenya Cluster,412.93,462.22,KG,371.64,508.44
PRC_02092,2026-06-16,CABLE,ALUMINIUM_WIRE,Bengaluru-Peenya Cluster,102.93,127.22,KG,92.64,139.94
PRC_02093,2026-06-16,BATTERY,LEAD_ACID,Bengaluru-Peenya Cluster,77.93,94.22,KG,70.14,103.64
PRC_02094,2026-06-16,BATTERY,BATTERY_LITHIUM_PORTABLE,Bengaluru-Peenya Cluster,112.93,142.22,KG,101.64,156.44
PRC_02095,2026-06-16,DISPLAY,LCD_PANEL_INTACT,Bengaluru-Peenya Cluster,142.93,202.22,PIECE,128.64,222.44
PRC_02096,2026-06-16,DISPLAY,CRT_MONITOR,Bengaluru-Peenya Cluster,52.93,82.22,PIECE,47.64,90.44
PRC_02097,2026-06-16,PLASTIC,MIXED_EWASTE_CASING,Bengaluru-Peenya Cluster,11.7,19.7,KG,10.53,21.67
PRC_02098,2026-06-16,PCB,MOTHERBOARD_HIGH_GRADE,Bhubaneswar-Cuttack Cluster,272.93,312.22,KG,245.64,343.44
PRC_02099,2026-06-16,PCB,POWER_SUPPLY_LOW_GRADE,Bhubaneswar-Cuttack Cluster,37.93,52.22,KG,34.14,57.44
PRC_02100,2026-06-16,CABLE,COPPER_HEAVY_INSULATED,Bhubaneswar-Cuttack Cluster,412.93,462.22,KG,371.64,508.44
PRC_02101,2026-06-16,CABLE,ALUMINIUM_WIRE,Bhubaneswar-Cuttack Cluster,102.93,127.22,KG,92.64,139.94
PRC_02102,2026-06-16,BATTERY,LEAD_ACID,Bhubaneswar-Cuttack Cluster,77.93,94.22,KG,70.14,103.64
PRC_02103,2026-06-16,BATTERY,BATTERY_LITHIUM_PORTABLE,Bhubaneswar-Cuttack Cluster,112.93,142.22,KG,101.64,156.44
PRC_02104,2026-06-16,DISPLAY,LCD_PANEL_INTACT,Bhubaneswar-Cuttack Cluster,142.93,202.22,PIECE,128.64,222.44
PRC_02105,2026-06-16,DISPLAY,CRT_MONITOR,Bhubaneswar-Cuttack Cluster,52.93,82.22,PIECE,47.64,90.44
PRC_02106,2026-06-16,PLASTIC,MIXED_EWASTE_CASING,Bhubaneswar-Cuttack Cluster,11.7,19.7,KG,10.53,21.67
PRC_02107,2026-06-16,PCB,MOTHERBOARD_HIGH_GRADE,Chennai-Ambattur Cluster,272.93,312.22,KG,245.64,343.44
PRC_02108,2026-06-16,PCB,POWER_SUPPLY_LOW_GRADE,Chennai-Ambattur Cluster,37.93,52.22,KG,34.14,57.44
PRC_02109,2026-06-16,CABLE,COPPER_HEAVY_INSULATED,Chennai-Ambattur Cluster,412.93,462.22,KG,371.64,508.44
PRC_02110,2026-06-16,CABLE,ALUMINIUM_WIRE,Chennai-Ambattur Cluster,102.93,127.22,KG,92.64,139.94
PRC_02111,2026-06-16,BATTERY,LEAD_ACID,Chennai-Ambattur Cluster,77.93,94.22,KG,70.14,103.64
PRC_02112,2026-06-16,BATTERY,BATTERY_LITHIUM_PORTABLE,Chennai-Ambattur Cluster,112.93,142.22,KG,101.64,156.44
PRC_02113,2026-06-16,DISPLAY,LCD_PANEL_INTACT,Chennai-Ambattur Cluster,142.93,202.22,PIECE,128.64,222.44
PRC_02114,2026-06-16,DISPLAY,CRT_MONITOR,Chennai-Ambattur Cluster,52.93,82.22,PIECE,47.64,90.44
PRC_02115,2026-06-16,PLASTIC,MIXED_EWASTE_CASING,Chennai-Ambattur Cluster,11.7,19.7,KG,10.53,21.67
PRC_02116,2026-06-17,PCB,MOTHERBOARD_HIGH_GRADE,Delhi-Mayapuri Cluster,274.59,314.05,KG,247.13,345.46
PRC_02117,2026-06-17,PCB,POWER_SUPPLY_LOW_GRADE,Delhi-Mayapuri Cluster,39.59,54.05,KG,35.63,59.46
PRC_02118,2026-06-17,CABLE,COPPER_HEAVY_INSULATED,Delhi-Mayapuri Cluster,414.59,464.05,KG,373.13,510.46
PRC_02119,2026-06-17,CABLE,ALUMINIUM_WIRE,Delhi-Mayapuri Cluster,104.59,129.05,KG,94.13,141.96
PRC_02120,2026-06-17,BATTERY,LEAD_ACID,Delhi-Mayapuri Cluster,79.59,96.05,KG,71.63,105.66
PRC_02121,2026-06-17,BATTERY,BATTERY_LITHIUM_PORTABLE,Delhi-Mayapuri Cluster,114.59,144.05,KG,103.13,158.46
PRC_02122,2026-06-17,DISPLAY,LCD_PANEL_INTACT,Delhi-Mayapuri Cluster,144.59,204.05,PIECE,130.13,224.46
PRC_02123,2026-06-17,DISPLAY,CRT_MONITOR,Delhi-Mayapuri Cluster,54.59,84.05,PIECE,49.13,92.46
PRC_02124,2026-06-17,PLASTIC,MIXED_EWASTE_CASING,Delhi-Mayapuri Cluster,12.59,20.59,KG,11.33,22.65
PRC_02125,2026-06-17,PCB,MOTHERBOARD_HIGH_GRADE,Mumbai-Dharavi Cluster,274.59,314.05,KG,247.13,345.46
PRC_02126,2026-06-17,PCB,POWER_SUPPLY_LOW_GRADE,Mumbai-Dharavi Cluster,39.59,54.05,KG,35.63,59.46
PRC_02127,2026-06-17,CABLE,COPPER_HEAVY_INSULATED,Mumbai-Dharavi Cluster,414.59,464.05,KG,373.13,510.46
PRC_02128,2026-06-17,CABLE,ALUMINIUM_WIRE,Mumbai-Dharavi Cluster,104.59,129.05,KG,94.13,141.96
PRC_02129,2026-06-17,BATTERY,LEAD_ACID,Mumbai-Dharavi Cluster,79.59,96.05,KG,71.63,105.66
PRC_02130,2026-06-17,BATTERY,BATTERY_LITHIUM_PORTABLE,Mumbai-Dharavi Cluster,114.59,144.05,KG,103.13,158.46
PRC_02131,2026-06-17,DISPLAY,LCD_PANEL_INTACT,Mumbai-Dharavi Cluster,144.59,204.05,PIECE,130.13,224.46
PRC_02132,2026-06-17,DISPLAY,CRT_MONITOR,Mumbai-Dharavi Cluster,54.59,84.05,PIECE,49.13,92.46
PRC_02133,2026-06-17,PLASTIC,MIXED_EWASTE_CASING,Mumbai-Dharavi Cluster,12.59,20.59,KG,11.33,22.65
PRC_02134,2026-06-17,PCB,MOTHERBOARD_HIGH_GRADE,Bengaluru-Peenya Cluster,274.59,314.05,KG,247.13,345.46
PRC_02135,2026-06-17,PCB,POWER_SUPPLY_LOW_GRADE,Bengaluru-Peenya Cluster,39.59,54.05,KG,35.63,59.46
PRC_02136,2026-06-17,CABLE,COPPER_HEAVY_INSULATED,Bengaluru-Peenya Cluster,414.59,464.05,KG,373.13,510.46
PRC_02137,2026-06-17,CABLE,ALUMINIUM_WIRE,Bengaluru-Peenya Cluster,104.59,129.05,KG,94.13,141.96
PRC_02138,2026-06-17,BATTERY,LEAD_ACID,Bengaluru-Peenya Cluster,79.59,96.05,KG,71.63,105.66
PRC_02139,2026-06-17,BATTERY,BATTERY_LITHIUM_PORTABLE,Bengaluru-Peenya Cluster,114.59,144.05,KG,103.13,158.46
PRC_02140,2026-06-17,DISPLAY,LCD_PANEL_INTACT,Bengaluru-Peenya Cluster,144.59,204.05,PIECE,130.13,224.46
PRC_02141,2026-06-17,DISPLAY,CRT_MONITOR,Bengaluru-Peenya Cluster,54.59,84.05,PIECE,49.13,92.46
PRC_02142,2026-06-17,PLASTIC,MIXED_EWASTE_CASING,Bengaluru-Peenya Cluster,12.59,20.59,KG,11.33,22.65
PRC_02143,2026-06-17,PCB,MOTHERBOARD_HIGH_GRADE,Bhubaneswar-Cuttack Cluster,274.59,314.05,KG,247.13,345.46
PRC_02144,2026-06-17,PCB,POWER_SUPPLY_LOW_GRADE,Bhubaneswar-Cuttack Cluster,39.59,54.05,KG,35.63,59.46
PRC_02145,2026-06-17,CABLE,COPPER_HEAVY_INSULATED,Bhubaneswar-Cuttack Cluster,414.59,464.05,KG,373.13,510.46
PRC_02146,2026-06-17,CABLE,ALUMINIUM_WIRE,Bhubaneswar-Cuttack Cluster,104.59,129.05,KG,94.13,141.96
PRC_02147,2026-06-17,BATTERY,LEAD_ACID,Bhubaneswar-Cuttack Cluster,79.59,96.05,KG,71.63,105.66
PRC_02148,2026-06-17,BATTERY,BATTERY_LITHIUM_PORTABLE,Bhubaneswar-Cuttack Cluster,114.59,144.05,KG,103.13,158.46
PRC_02149,2026-06-17,DISPLAY,LCD_PANEL_INTACT,Bhubaneswar-Cuttack Cluster,144.59,204.05,PIECE,130.13,224.46
PRC_02150,2026-06-17,DISPLAY,CRT_MONITOR,Bhubaneswar-Cuttack Cluster,54.59,84.05,PIECE,49.13,92.46
PRC_02151,2026-06-17,PLASTIC,MIXED_EWASTE_CASING,Bhubaneswar-Cuttack Cluster,12.59,20.59,KG,11.33,22.65
PRC_02152,2026-06-17,PCB,MOTHERBOARD_HIGH_GRADE,Chennai-Ambattur Cluster,274.59,314.05,KG,247.13,345.46
PRC_02153,2026-06-17,PCB,POWER_SUPPLY_LOW_GRADE,Chennai-Ambattur Cluster,39.59,54.05,KG,35.63,59.46
PRC_02154,2026-06-17,CABLE,COPPER_HEAVY_INSULATED,Chennai-Ambattur Cluster,414.59,464.05,KG,373.13,510.46
PRC_02155,2026-06-17,CABLE,ALUMINIUM_WIRE,Chennai-Ambattur Cluster,104.59,129.05,KG,94.13,141.96
PRC_02156,2026-06-17,BATTERY,LEAD_ACID,Chennai-Ambattur Cluster,79.59,96.05,KG,71.63,105.66
PRC_02157,2026-06-17,BATTERY,BATTERY_LITHIUM_PORTABLE,Chennai-Ambattur Cluster,114.59,144.05,KG,103.13,158.46
PRC_02158,2026-06-17,DISPLAY,LCD_PANEL_INTACT,Chennai-Ambattur Cluster,144.59,204.05,PIECE,130.13,224.46
PRC_02159,2026-06-17,DISPLAY,CRT_MONITOR,Chennai-Ambattur Cluster,54.59,84.05,PIECE,49.13,92.46
PRC_02160,2026-06-17,PLASTIC,MIXED_EWASTE_CASING,Chennai-Ambattur Cluster,12.59,20.59,KG,11.33,22.65
PRC_02161,2026-06-18,PCB,MOTHERBOARD_HIGH_GRADE,Delhi-Mayapuri Cluster,272.95,312.24,KG,245.66,343.46
PRC_02162,2026-06-18,PCB,POWER_SUPPLY_LOW_GRADE,Delhi-Mayapuri Cluster,37.95,52.24,KG,34.16,57.46
PRC_02163,2026-06-18,CABLE,COPPER_HEAVY_INSULATED,Delhi-Mayapuri Cluster,412.95,462.24,KG,371.66,508.46
PRC_02164,2026-06-18,CABLE,ALUMINIUM_WIRE,Delhi-Mayapuri Cluster,102.95,127.24,KG,92.66,139.96
PRC_02165,2026-06-18,BATTERY,LEAD_ACID,Delhi-Mayapuri Cluster,77.95,94.24,KG,70.16,103.66
PRC_02166,2026-06-18,BATTERY,BATTERY_LITHIUM_PORTABLE,Delhi-Mayapuri Cluster,112.95,142.24,KG,101.66,156.46
PRC_02167,2026-06-18,DISPLAY,LCD_PANEL_INTACT,Delhi-Mayapuri Cluster,142.95,202.24,PIECE,128.66,222.46
PRC_02168,2026-06-18,DISPLAY,CRT_MONITOR,Delhi-Mayapuri Cluster,52.95,82.24,PIECE,47.66,90.46
PRC_02169,2026-06-18,PLASTIC,MIXED_EWASTE_CASING,Delhi-Mayapuri Cluster,11.7,19.7,KG,10.53,21.67
PRC_02170,2026-06-18,PCB,MOTHERBOARD_HIGH_GRADE,Mumbai-Dharavi Cluster,272.95,312.24,KG,245.66,343.46
PRC_02171,2026-06-18,PCB,POWER_SUPPLY_LOW_GRADE,Mumbai-Dharavi Cluster,37.95,52.24,KG,34.16,57.46
PRC_02172,2026-06-18,CABLE,COPPER_HEAVY_INSULATED,Mumbai-Dharavi Cluster,412.95,462.24,KG,371.66,508.46
PRC_02173,2026-06-18,CABLE,ALUMINIUM_WIRE,Mumbai-Dharavi Cluster,102.95,127.24,KG,92.66,139.96
PRC_02174,2026-06-18,BATTERY,LEAD_ACID,Mumbai-Dharavi Cluster,77.95,94.24,KG,70.16,103.66
PRC_02175,2026-06-18,BATTERY,BATTERY_LITHIUM_PORTABLE,Mumbai-Dharavi Cluster,112.95,142.24,KG,101.66,156.46
PRC_02176,2026-06-18,DISPLAY,LCD_PANEL_INTACT,Mumbai-Dharavi Cluster,142.95,202.24,PIECE,128.66,222.46
PRC_02177,2026-06-18,DISPLAY,CRT_MONITOR,Mumbai-Dharavi Cluster,52.95,82.24,PIECE,47.66,90.46
PRC_02178,2026-06-18,PLASTIC,MIXED_EWASTE_CASING,Mumbai-Dharavi Cluster,11.7,19.7,KG,10.53,21.67
PRC_02179,2026-06-18,PCB,MOTHERBOARD_HIGH_GRADE,Bengaluru-Peenya Cluster,272.95,312.24,KG,245.66,343.46
PRC_02180,2026-06-18,PCB,POWER_SUPPLY_LOW_GRADE,Bengaluru-Peenya Cluster,37.95,52.24,KG,34.16,57.46
PRC_02181,2026-06-18,CABLE,COPPER_HEAVY_INSULATED,Bengaluru-Peenya Cluster,412.95,462.24,KG,371.66,508.46
PRC_02182,2026-06-18,CABLE,ALUMINIUM_WIRE,Bengaluru-Peenya Cluster,102.95,127.24,KG,92.66,139.96
PRC_02183,2026-06-18,BATTERY,LEAD_ACID,Bengaluru-Peenya Cluster,77.95,94.24,KG,70.16,103.66
PRC_02184,2026-06-18,BATTERY,BATTERY_LITHIUM_PORTABLE,Bengaluru-Peenya Cluster,112.95,142.24,KG,101.66,156.46
PRC_02185,2026-06-18,DISPLAY,LCD_PANEL_INTACT,Bengaluru-Peenya Cluster,142.95,202.24,PIECE,128.66,222.46
PRC_02186,2026-06-18,DISPLAY,CRT_MONITOR,Bengaluru-Peenya Cluster,52.95,82.24,PIECE,47.66,90.46
PRC_02187,2026-06-18,PLASTIC,MIXED_EWASTE_CASING,Bengaluru-Peenya Cluster,11.7,19.7,KG,10.53,21.67
PRC_02188,2026-06-18,PCB,MOTHERBOARD_HIGH_GRADE,Bhubaneswar-Cuttack Cluster,272.95,312.24,KG,245.66,343.46
PRC_02189,2026-06-18,PCB,POWER_SUPPLY_LOW_GRADE,Bhubaneswar-Cuttack Cluster,37.95,52.24,KG,34.16,57.46
PRC_02190,2026-06-18,CABLE,COPPER_HEAVY_INSULATED,Bhubaneswar-Cuttack Cluster,412.95,462.24,KG,371.66,508.46
PRC_02191,2026-06-18,CABLE,ALUMINIUM_WIRE,Bhubaneswar-Cuttack Cluster,102.95,127.24,KG,92.66,139.96
PRC_02192,2026-06-18,BATTERY,LEAD_ACID,Bhubaneswar-Cuttack Cluster,77.95,94.24,KG,70.16,103.66
PRC_02193,2026-06-18,BATTERY,BATTERY_LITHIUM_PORTABLE,Bhubaneswar-Cuttack Cluster,112.95,142.24,KG,101.66,156.46
PRC_02194,2026-06-18,DISPLAY,LCD_PANEL_INTACT,Bhubaneswar-Cuttack Cluster,142.95,202.24,PIECE,128.66,222.46
PRC_02195,2026-06-18,DISPLAY,CRT_MONITOR,Bhubaneswar-Cuttack Cluster,52.95,82.24,PIECE,47.66,90.46
PRC_02196,2026-06-18,PLASTIC,MIXED_EWASTE_CASING,Bhubaneswar-Cuttack Cluster,11.7,19.7,KG,10.53,21.67
PRC_02197,2026-06-18,PCB,MOTHERBOARD_HIGH_GRADE,Chennai-Ambattur Cluster,272.95,312.24,KG,245.66,343.46
PRC_02198,2026-06-18,PCB,POWER_SUPPLY_LOW_GRADE,Chennai-Ambattur Cluster,37.95,52.24,KG,34.16,57.46
PRC_02199,2026-06-18,CABLE,COPPER_HEAVY_INSULATED,Chennai-Ambattur Cluster,412.95,462.24,KG,371.66,508.46
PRC_02200,2026-06-18,CABLE,ALUMINIUM_WIRE,Chennai-Ambattur Cluster,102.95,127.24,KG,92.66,139.96
PRC_02201,2026-06-18,BATTERY,LEAD_ACID,Chennai-Ambattur Cluster,77.95,94.24,KG,70.16,103.66
PRC_02202,2026-06-18,BATTERY,BATTERY_LITHIUM_PORTABLE,Chennai-Ambattur Cluster,112.95,142.24,KG,101.66,156.46
PRC_02203,2026-06-18,DISPLAY,LCD_PANEL_INTACT,Chennai-Ambattur Cluster,142.95,202.24,PIECE,128.66,222.46
PRC_02204,2026-06-18,DISPLAY,CRT_MONITOR,Chennai-Ambattur Cluster,52.95,82.24,PIECE,47.66,90.46
PRC_02205,2026-06-18,PLASTIC,MIXED_EWASTE_CASING,Chennai-Ambattur Cluster,11.7,19.7,KG,10.53,21.67
PRC_02206,2026-06-19,PCB,MOTHERBOARD_HIGH_GRADE,Delhi-Mayapuri Cluster,269.27,308.2,KG,242.34,339.02
PRC_02207,2026-06-19,PCB,POWER_SUPPLY_LOW_GRADE,Delhi-Mayapuri Cluster,34.27,48.2,KG,30.84,53.02
PRC_02208,2026-06-19,CABLE,COPPER_HEAVY_INSULATED,Delhi-Mayapuri Cluster,409.27,458.2,KG,368.34,504.02
PRC_02209,2026-06-19,CABLE,ALUMINIUM_WIRE,Delhi-Mayapuri Cluster,99.27,123.2,KG,89.34,135.52
PRC_02210,2026-06-19,BATTERY,LEAD_ACID,Delhi-Mayapuri Cluster,74.27,90.2,KG,66.84,99.22
PRC_02211,2026-06-19,BATTERY,BATTERY_LITHIUM_PORTABLE,Delhi-Mayapuri Cluster,109.27,138.2,KG,98.34,152.02
PRC_02212,2026-06-19,DISPLAY,LCD_PANEL_INTACT,Delhi-Mayapuri Cluster,139.27,198.2,PIECE,125.34,218.02
PRC_02213,2026-06-19,DISPLAY,CRT_MONITOR,Delhi-Mayapuri Cluster,49.27,78.2,PIECE,44.34,86.02
PRC_02214,2026-06-19,PLASTIC,MIXED_EWASTE_CASING,Delhi-Mayapuri Cluster,11.7,19.7,KG,10.53,21.67
PRC_02215,2026-06-19,PCB,MOTHERBOARD_HIGH_GRADE,Mumbai-Dharavi Cluster,269.27,308.2,KG,242.34,339.02
PRC_02216,2026-06-19,PCB,POWER_SUPPLY_LOW_GRADE,Mumbai-Dharavi Cluster,34.27,48.2,KG,30.84,53.02
PRC_02217,2026-06-19,CABLE,COPPER_HEAVY_INSULATED,Mumbai-Dharavi Cluster,409.27,458.2,KG,368.34,504.02
PRC_02218,2026-06-19,CABLE,ALUMINIUM_WIRE,Mumbai-Dharavi Cluster,99.27,123.2,KG,89.34,135.52
PRC_02219,2026-06-19,BATTERY,LEAD_ACID,Mumbai-Dharavi Cluster,74.27,90.2,KG,66.84,99.22
PRC_02220,2026-06-19,BATTERY,BATTERY_LITHIUM_PORTABLE,Mumbai-Dharavi Cluster,109.27,138.2,KG,98.34,152.02
PRC_02221,2026-06-19,DISPLAY,LCD_PANEL_INTACT,Mumbai-Dharavi Cluster,139.27,198.2,PIECE,125.34,218.02
PRC_02222,2026-06-19,DISPLAY,CRT_MONITOR,Mumbai-Dharavi Cluster,49.27,78.2,PIECE,44.34,86.02
PRC_02223,2026-06-19,PLASTIC,MIXED_EWASTE_CASING,Mumbai-Dharavi Cluster,11.7,19.7,KG,10.53,21.67
PRC_02224,2026-06-19,PCB,MOTHERBOARD_HIGH_GRADE,Bengaluru-Peenya Cluster,269.27,308.2,KG,242.34,339.02
PRC_02225,2026-06-19,PCB,POWER_SUPPLY_LOW_GRADE,Bengaluru-Peenya Cluster,34.27,48.2,KG,30.84,53.02
PRC_02226,2026-06-19,CABLE,COPPER_HEAVY_INSULATED,Bengaluru-Peenya Cluster,409.27,458.2,KG,368.34,504.02
PRC_02227,2026-06-19,CABLE,ALUMINIUM_WIRE,Bengaluru-Peenya Cluster,99.27,123.2,KG,89.34,135.52
PRC_02228,2026-06-19,BATTERY,LEAD_ACID,Bengaluru-Peenya Cluster,74.27,90.2,KG,66.84,99.22
PRC_02229,2026-06-19,BATTERY,BATTERY_LITHIUM_PORTABLE,Bengaluru-Peenya Cluster,109.27,138.2,KG,98.34,152.02
PRC_02230,2026-06-19,DISPLAY,LCD_PANEL_INTACT,Bengaluru-Peenya Cluster,139.27,198.2,PIECE,125.34,218.02
PRC_02231,2026-06-19,DISPLAY,CRT_MONITOR,Bengaluru-Peenya Cluster,49.27,78.2,PIECE,44.34,86.02
PRC_02232,2026-06-19,PLASTIC,MIXED_EWASTE_CASING,Bengaluru-Peenya Cluster,11.7,19.7,KG,10.53,21.67
PRC_02233,2026-06-19,PCB,MOTHERBOARD_HIGH_GRADE,Bhubaneswar-Cuttack Cluster,269.27,308.2,KG,242.34,339.02
PRC_02234,2026-06-19,PCB,POWER_SUPPLY_LOW_GRADE,Bhubaneswar-Cuttack Cluster,34.27,48.2,KG,30.84,53.02
PRC_02235,2026-06-19,CABLE,COPPER_HEAVY_INSULATED,Bhubaneswar-Cuttack Cluster,409.27,458.2,KG,368.34,504.02
PRC_02236,2026-06-19,CABLE,ALUMINIUM_WIRE,Bhubaneswar-Cuttack Cluster,99.27,123.2,KG,89.34,135.52
PRC_02237,2026-06-19,BATTERY,LEAD_ACID,Bhubaneswar-Cuttack Cluster,74.27,90.2,KG,66.84,99.22
PRC_02238,2026-06-19,BATTERY,BATTERY_LITHIUM_PORTABLE,Bhubaneswar-Cuttack Cluster,109.27,138.2,KG,98.34,152.02
PRC_02239,2026-06-19,DISPLAY,LCD_PANEL_INTACT,Bhubaneswar-Cuttack Cluster,139.27,198.2,PIECE,125.34,218.02
PRC_02240,2026-06-19,DISPLAY,CRT_MONITOR,Bhubaneswar-Cuttack Cluster,49.27,78.2,PIECE,44.34,86.02
PRC_02241,2026-06-19,PLASTIC,MIXED_EWASTE_CASING,Bhubaneswar-Cuttack Cluster,11.7,19.7,KG,10.53,21.67
PRC_02242,2026-06-19,PCB,MOTHERBOARD_HIGH_GRADE,Chennai-Ambattur Cluster,269.27,308.2,KG,242.34,339.02
PRC_02243,2026-06-19,PCB,POWER_SUPPLY_LOW_GRADE,Chennai-Ambattur Cluster,34.27,48.2,KG,30.84,53.02
PRC_02244,2026-06-19,CABLE,COPPER_HEAVY_INSULATED,Chennai-Ambattur Cluster,409.27,458.2,KG,368.34,504.02
PRC_02245,2026-06-19,CABLE,ALUMINIUM_WIRE,Chennai-Ambattur Cluster,99.27,123.2,KG,89.34,135.52
PRC_02246,2026-06-19,BATTERY,LEAD_ACID,Chennai-Ambattur Cluster,74.27,90.2,KG,66.84,99.22
PRC_02247,2026-06-19,BATTERY,BATTERY_LITHIUM_PORTABLE,Chennai-Ambattur Cluster,109.27,138.2,KG,98.34,152.02
PRC_02248,2026-06-19,DISPLAY,LCD_PANEL_INTACT,Chennai-Ambattur Cluster,139.27,198.2,PIECE,125.34,218.02
PRC_02249,2026-06-19,DISPLAY,CRT_MONITOR,Chennai-Ambattur Cluster,49.27,78.2,PIECE,44.34,86.02
PRC_02250,2026-06-19,PLASTIC,MIXED_EWASTE_CASING,Chennai-Ambattur Cluster,11.7,19.7,KG,10.53,21.67
PRC_02251,2026-06-20,PCB,MOTHERBOARD_HIGH_GRADE,Delhi-Mayapuri Cluster,271.94,311.13,KG,244.75,342.24
PRC_02252,2026-06-20,PCB,POWER_SUPPLY_LOW_GRADE,Delhi-Mayapuri Cluster,36.94,51.13,KG,33.25,56.24
PRC_02253,2026-06-20,CABLE,COPPER_HEAVY_INSULATED,Delhi-Mayapuri Cluster,411.94,461.13,KG,370.75,507.24
PRC_02254,2026-06-20,CABLE,ALUMINIUM_WIRE,Delhi-Mayapuri Cluster,101.94,126.13,KG,91.75,138.74
PRC_02255,2026-06-20,BATTERY,LEAD_ACID,Delhi-Mayapuri Cluster,76.94,93.13,KG,69.25,102.44
PRC_02256,2026-06-20,BATTERY,BATTERY_LITHIUM_PORTABLE,Delhi-Mayapuri Cluster,111.94,141.13,KG,100.75,155.24
PRC_02257,2026-06-20,DISPLAY,LCD_PANEL_INTACT,Delhi-Mayapuri Cluster,141.94,201.13,PIECE,127.75,221.24
PRC_02258,2026-06-20,DISPLAY,CRT_MONITOR,Delhi-Mayapuri Cluster,51.94,81.13,PIECE,46.75,89.24
PRC_02259,2026-06-20,PLASTIC,MIXED_EWASTE_CASING,Delhi-Mayapuri Cluster,11.7,19.7,KG,10.53,21.67
PRC_02260,2026-06-20,PCB,MOTHERBOARD_HIGH_GRADE,Mumbai-Dharavi Cluster,271.94,311.13,KG,244.75,342.24
PRC_02261,2026-06-20,PCB,POWER_SUPPLY_LOW_GRADE,Mumbai-Dharavi Cluster,36.94,51.13,KG,33.25,56.24
PRC_02262,2026-06-20,CABLE,COPPER_HEAVY_INSULATED,Mumbai-Dharavi Cluster,411.94,461.13,KG,370.75,507.24
PRC_02263,2026-06-20,CABLE,ALUMINIUM_WIRE,Mumbai-Dharavi Cluster,101.94,126.13,KG,91.75,138.74
PRC_02264,2026-06-20,BATTERY,LEAD_ACID,Mumbai-Dharavi Cluster,76.94,93.13,KG,69.25,102.44
PRC_02265,2026-06-20,BATTERY,BATTERY_LITHIUM_PORTABLE,Mumbai-Dharavi Cluster,111.94,141.13,KG,100.75,155.24
PRC_02266,2026-06-20,DISPLAY,LCD_PANEL_INTACT,Mumbai-Dharavi Cluster,141.94,201.13,PIECE,127.75,221.24
PRC_02267,2026-06-20,DISPLAY,CRT_MONITOR,Mumbai-Dharavi Cluster,51.94,81.13,PIECE,46.75,89.24
PRC_02268,2026-06-20,PLASTIC,MIXED_EWASTE_CASING,Mumbai-Dharavi Cluster,11.7,19.7,KG,10.53,21.67
PRC_02269,2026-06-20,PCB,MOTHERBOARD_HIGH_GRADE,Bengaluru-Peenya Cluster,271.94,311.13,KG,244.75,342.24
PRC_02270,2026-06-20,PCB,POWER_SUPPLY_LOW_GRADE,Bengaluru-Peenya Cluster,36.94,51.13,KG,33.25,56.24
PRC_02271,2026-06-20,CABLE,COPPER_HEAVY_INSULATED,Bengaluru-Peenya Cluster,411.94,461.13,KG,370.75,507.24
PRC_02272,2026-06-20,CABLE,ALUMINIUM_WIRE,Bengaluru-Peenya Cluster,101.94,126.13,KG,91.75,138.74
PRC_02273,2026-06-20,BATTERY,LEAD_ACID,Bengaluru-Peenya Cluster,76.94,93.13,KG,69.25,102.44
PRC_02274,2026-06-20,BATTERY,BATTERY_LITHIUM_PORTABLE,Bengaluru-Peenya Cluster,111.94,141.13,KG,100.75,155.24
PRC_02275,2026-06-20,DISPLAY,LCD_PANEL_INTACT,Bengaluru-Peenya Cluster,141.94,201.13,PIECE,127.75,221.24
PRC_02276,2026-06-20,DISPLAY,CRT_MONITOR,Bengaluru-Peenya Cluster,51.94,81.13,PIECE,46.75,89.24
PRC_02277,2026-06-20,PLASTIC,MIXED_EWASTE_CASING,Bengaluru-Peenya Cluster,11.7,19.7,KG,10.53,21.67
PRC_02278,2026-06-20,PCB,MOTHERBOARD_HIGH_GRADE,Bhubaneswar-Cuttack Cluster,271.94,311.13,KG,244.75,342.24
PRC_02279,2026-06-20,PCB,POWER_SUPPLY_LOW_GRADE,Bhubaneswar-Cuttack Cluster,36.94,51.13,KG,33.25,56.24
PRC_02280,2026-06-20,CABLE,COPPER_HEAVY_INSULATED,Bhubaneswar-Cuttack Cluster,411.94,461.13,KG,370.75,507.24
PRC_02281,2026-06-20,CABLE,ALUMINIUM_WIRE,Bhubaneswar-Cuttack Cluster,101.94,126.13,KG,91.75,138.74
PRC_02282,2026-06-20,BATTERY,LEAD_ACID,Bhubaneswar-Cuttack Cluster,76.94,93.13,KG,69.25,102.44
PRC_02283,2026-06-20,BATTERY,BATTERY_LITHIUM_PORTABLE,Bhubaneswar-Cuttack Cluster,111.94,141.13,KG,100.75,155.24
PRC_02284,2026-06-20,DISPLAY,LCD_PANEL_INTACT,Bhubaneswar-Cuttack Cluster,141.94,201.13,PIECE,127.75,221.24
PRC_02285,2026-06-20,DISPLAY,CRT_MONITOR,Bhubaneswar-Cuttack Cluster,51.94,81.13,PIECE,46.75,89.24
PRC_02286,2026-06-20,PLASTIC,MIXED_EWASTE_CASING,Bhubaneswar-Cuttack Cluster,11.7,19.7,KG,10.53,21.67
PRC_02287,2026-06-20,PCB,MOTHERBOARD_HIGH_GRADE,Chennai-Ambattur Cluster,271.94,311.13,KG,244.75,342.24
PRC_02288,2026-06-20,PCB,POWER_SUPPLY_LOW_GRADE,Chennai-Ambattur Cluster,36.94,51.13,KG,33.25,56.24
PRC_02289,2026-06-20,CABLE,COPPER_HEAVY_INSULATED,Chennai-Ambattur Cluster,411.94,461.13,KG,370.75,507.24
PRC_02290,2026-06-20,CABLE,ALUMINIUM_WIRE,Chennai-Ambattur Cluster,101.94,126.13,KG,91.75,138.74
PRC_02291,2026-06-20,BATTERY,LEAD_ACID,Chennai-Ambattur Cluster,76.94,93.13,KG,69.25,102.44
PRC_02292,2026-06-20,BATTERY,BATTERY_LITHIUM_PORTABLE,Chennai-Ambattur Cluster,111.94,141.13,KG,100.75,155.24
PRC_02293,2026-06-20,DISPLAY,LCD_PANEL_INTACT,Chennai-Ambattur Cluster,141.94,201.13,PIECE,127.75,221.24
PRC_02294,2026-06-20,DISPLAY,CRT_MONITOR,Chennai-Ambattur Cluster,51.94,81.13,PIECE,46.75,89.24
PRC_02295,2026-06-20,PLASTIC,MIXED_EWASTE_CASING,Chennai-Ambattur Cluster,11.7,19.7,KG,10.53,21.67
PRC_02296,2026-06-21,PCB,MOTHERBOARD_HIGH_GRADE,Delhi-Mayapuri Cluster,270.47,309.52,KG,243.42,340.47
PRC_02297,2026-06-21,PCB,POWER_SUPPLY_LOW_GRADE,Delhi-Mayapuri Cluster,35.47,49.52,KG,31.92,54.47
PRC_02298,2026-06-21,CABLE,COPPER_HEAVY_INSULATED,Delhi-Mayapuri Cluster,410.47,459.52,KG,369.42,505.47
PRC_02299,2026-06-21,CABLE,ALUMINIUM_WIRE,Delhi-Mayapuri Cluster,100.47,124.52,KG,90.42,136.97
PRC_02300,2026-06-21,BATTERY,LEAD_ACID,Delhi-Mayapuri Cluster,75.47,91.52,KG,67.92,100.67
PRC_02301,2026-06-21,BATTERY,BATTERY_LITHIUM_PORTABLE,Delhi-Mayapuri Cluster,110.47,139.52,KG,99.42,153.47
PRC_02302,2026-06-21,DISPLAY,LCD_PANEL_INTACT,Delhi-Mayapuri Cluster,140.47,199.52,PIECE,126.42,219.47
PRC_02303,2026-06-21,DISPLAY,CRT_MONITOR,Delhi-Mayapuri Cluster,50.47,79.52,PIECE,45.42,87.47
PRC_02304,2026-06-21,PLASTIC,MIXED_EWASTE_CASING,Delhi-Mayapuri Cluster,11.7,19.7,KG,10.53,21.67
PRC_02305,2026-06-21,PCB,MOTHERBOARD_HIGH_GRADE,Mumbai-Dharavi Cluster,270.47,309.52,KG,243.42,340.47
PRC_02306,2026-06-21,PCB,POWER_SUPPLY_LOW_GRADE,Mumbai-Dharavi Cluster,35.47,49.52,KG,31.92,54.47
PRC_02307,2026-06-21,CABLE,COPPER_HEAVY_INSULATED,Mumbai-Dharavi Cluster,410.47,459.52,KG,369.42,505.47
PRC_02308,2026-06-21,CABLE,ALUMINIUM_WIRE,Mumbai-Dharavi Cluster,100.47,124.52,KG,90.42,136.97
PRC_02309,2026-06-21,BATTERY,LEAD_ACID,Mumbai-Dharavi Cluster,75.47,91.52,KG,67.92,100.67
PRC_02310,2026-06-21,BATTERY,BATTERY_LITHIUM_PORTABLE,Mumbai-Dharavi Cluster,110.47,139.52,KG,99.42,153.47
PRC_02311,2026-06-21,DISPLAY,LCD_PANEL_INTACT,Mumbai-Dharavi Cluster,140.47,199.52,PIECE,126.42,219.47
PRC_02312,2026-06-21,DISPLAY,CRT_MONITOR,Mumbai-Dharavi Cluster,50.47,79.52,PIECE,45.42,87.47
PRC_02313,2026-06-21,PLASTIC,MIXED_EWASTE_CASING,Mumbai-Dharavi Cluster,11.7,19.7,KG,10.53,21.67
PRC_02314,2026-06-21,PCB,MOTHERBOARD_HIGH_GRADE,Bengaluru-Peenya Cluster,270.47,309.52,KG,243.42,340.47
PRC_02315,2026-06-21,PCB,POWER_SUPPLY_LOW_GRADE,Bengaluru-Peenya Cluster,35.47,49.52,KG,31.92,54.47
PRC_02316,2026-06-21,CABLE,COPPER_HEAVY_INSULATED,Bengaluru-Peenya Cluster,410.47,459.52,KG,369.42,505.47
PRC_02317,2026-06-21,CABLE,ALUMINIUM_WIRE,Bengaluru-Peenya Cluster,100.47,124.52,KG,90.42,136.97
PRC_02318,2026-06-21,BATTERY,LEAD_ACID,Bengaluru-Peenya Cluster,75.47,91.52,KG,67.92,100.67
PRC_02319,2026-06-21,BATTERY,BATTERY_LITHIUM_PORTABLE,Bengaluru-Peenya Cluster,110.47,139.52,KG,99.42,153.47
PRC_02320,2026-06-21,DISPLAY,LCD_PANEL_INTACT,Bengaluru-Peenya Cluster,140.47,199.52,PIECE,126.42,219.47
PRC_02321,2026-06-21,DISPLAY,CRT_MONITOR,Bengaluru-Peenya Cluster,50.47,79.52,PIECE,45.42,87.47
PRC_02322,2026-06-21,PLASTIC,MIXED_EWASTE_CASING,Bengaluru-Peenya Cluster,11.7,19.7,KG,10.53,21.67
PRC_02323,2026-06-21,PCB,MOTHERBOARD_HIGH_GRADE,Bhubaneswar-Cuttack Cluster,270.47,309.52,KG,243.42,340.47
PRC_02324,2026-06-21,PCB,POWER_SUPPLY_LOW_GRADE,Bhubaneswar-Cuttack Cluster,35.47,49.52,KG,31.92,54.47
PRC_02325,2026-06-21,CABLE,COPPER_HEAVY_INSULATED,Bhubaneswar-Cuttack Cluster,410.47,459.52,KG,369.42,505.47
PRC_02326,2026-06-21,CABLE,ALUMINIUM_WIRE,Bhubaneswar-Cuttack Cluster,100.47,124.52,KG,90.42,136.97
PRC_02327,2026-06-21,BATTERY,LEAD_ACID,Bhubaneswar-Cuttack Cluster,75.47,91.52,KG,67.92,100.67
PRC_02328,2026-06-21,BATTERY,BATTERY_LITHIUM_PORTABLE,Bhubaneswar-Cuttack Cluster,110.47,139.52,KG,99.42,153.47
PRC_02329,2026-06-21,DISPLAY,LCD_PANEL_INTACT,Bhubaneswar-Cuttack Cluster,140.47,199.52,PIECE,126.42,219.47
PRC_02330,2026-06-21,DISPLAY,CRT_MONITOR,Bhubaneswar-Cuttack Cluster,50.47,79.52,PIECE,45.42,87.47
PRC_02331,2026-06-21,PLASTIC,MIXED_EWASTE_CASING,Bhubaneswar-Cuttack Cluster,11.7,19.7,KG,10.53,21.67
PRC_02332,2026-06-21,PCB,MOTHERBOARD_HIGH_GRADE,Chennai-Ambattur Cluster,270.47,309.52,KG,243.42,340.47
PRC_02333,2026-06-21,PCB,POWER_SUPPLY_LOW_GRADE,Chennai-Ambattur Cluster,35.47,49.52,KG,31.92,54.47
PRC_02334,2026-06-21,CABLE,COPPER_HEAVY_INSULATED,Chennai-Ambattur Cluster,410.47,459.52,KG,369.42,505.47
PRC_02335,2026-06-21,CABLE,ALUMINIUM_WIRE,Chennai-Ambattur Cluster,100.47,124.52,KG,90.42,136.97
PRC_02336,2026-06-21,BATTERY,LEAD_ACID,Chennai-Ambattur Cluster,75.47,91.52,KG,67.92,100.67
PRC_02337,2026-06-21,BATTERY,BATTERY_LITHIUM_PORTABLE,Chennai-Ambattur Cluster,110.47,139.52,KG,99.42,153.47
PRC_02338,2026-06-21,DISPLAY,LCD_PANEL_INTACT,Chennai-Ambattur Cluster,140.47,199.52,PIECE,126.42,219.47
PRC_02339,2026-06-21,DISPLAY,CRT_MONITOR,Chennai-Ambattur Cluster,50.47,79.52,PIECE,45.42,87.47
PRC_02340,2026-06-21,PLASTIC,MIXED_EWASTE_CASING,Chennai-Ambattur Cluster,11.7,19.7,KG,10.53,21.67
PRC_02341,2026-06-22,PCB,MOTHERBOARD_HIGH_GRADE,Delhi-Mayapuri Cluster,269.69,308.66,KG,242.72,339.53
PRC_02342,2026-06-22,PCB,POWER_SUPPLY_LOW_GRADE,Delhi-Mayapuri Cluster,34.69,48.66,KG,31.22,53.53
PRC_02343,2026-06-22,CABLE,COPPER_HEAVY_INSULATED,Delhi-Mayapuri Cluster,409.69,458.66,KG,368.72,504.53
PRC_02344,2026-06-22,CABLE,ALUMINIUM_WIRE,Delhi-Mayapuri Cluster,99.69,123.66,KG,89.72,136.03
PRC_02345,2026-06-22,BATTERY,LEAD_ACID,Delhi-Mayapuri Cluster,74.69,90.66,KG,67.22,99.73
PRC_02346,2026-06-22,BATTERY,BATTERY_LITHIUM_PORTABLE,Delhi-Mayapuri Cluster,109.69,138.66,KG,98.72,152.53
PRC_02347,2026-06-22,DISPLAY,LCD_PANEL_INTACT,Delhi-Mayapuri Cluster,139.69,198.66,PIECE,125.72,218.53
PRC_02348,2026-06-22,DISPLAY,CRT_MONITOR,Delhi-Mayapuri Cluster,49.69,78.66,PIECE,44.72,86.53
PRC_02349,2026-06-22,PLASTIC,MIXED_EWASTE_CASING,Delhi-Mayapuri Cluster,11.7,19.7,KG,10.53,21.67
PRC_02350,2026-06-22,PCB,MOTHERBOARD_HIGH_GRADE,Mumbai-Dharavi Cluster,269.69,308.66,KG,242.72,339.53
PRC_02351,2026-06-22,PCB,POWER_SUPPLY_LOW_GRADE,Mumbai-Dharavi Cluster,34.69,48.66,KG,31.22,53.53
PRC_02352,2026-06-22,CABLE,COPPER_HEAVY_INSULATED,Mumbai-Dharavi Cluster,409.69,458.66,KG,368.72,504.53
PRC_02353,2026-06-22,CABLE,ALUMINIUM_WIRE,Mumbai-Dharavi Cluster,99.69,123.66,KG,89.72,136.03
PRC_02354,2026-06-22,BATTERY,LEAD_ACID,Mumbai-Dharavi Cluster,74.69,90.66,KG,67.22,99.73
PRC_02355,2026-06-22,BATTERY,BATTERY_LITHIUM_PORTABLE,Mumbai-Dharavi Cluster,109.69,138.66,KG,98.72,152.53
PRC_02356,2026-06-22,DISPLAY,LCD_PANEL_INTACT,Mumbai-Dharavi Cluster,139.69,198.66,PIECE,125.72,218.53
PRC_02357,2026-06-22,DISPLAY,CRT_MONITOR,Mumbai-Dharavi Cluster,49.69,78.66,PIECE,44.72,86.53
PRC_02358,2026-06-22,PLASTIC,MIXED_EWASTE_CASING,Mumbai-Dharavi Cluster,11.7,19.7,KG,10.53,21.67
PRC_02359,2026-06-22,PCB,MOTHERBOARD_HIGH_GRADE,Bengaluru-Peenya Cluster,269.69,308.66,KG,242.72,339.53
PRC_02360,2026-06-22,PCB,POWER_SUPPLY_LOW_GRADE,Bengaluru-Peenya Cluster,34.69,48.66,KG,31.22,53.53
PRC_02361,2026-06-22,CABLE,COPPER_HEAVY_INSULATED,Bengaluru-Peenya Cluster,409.69,458.66,KG,368.72,504.53
PRC_02362,2026-06-22,CABLE,ALUMINIUM_WIRE,Bengaluru-Peenya Cluster,99.69,123.66,KG,89.72,136.03
PRC_02363,2026-06-22,BATTERY,LEAD_ACID,Bengaluru-Peenya Cluster,74.69,90.66,KG,67.22,99.73
PRC_02364,2026-06-22,BATTERY,BATTERY_LITHIUM_PORTABLE,Bengaluru-Peenya Cluster,109.69,138.66,KG,98.72,152.53
PRC_02365,2026-06-22,DISPLAY,LCD_PANEL_INTACT,Bengaluru-Peenya Cluster,139.69,198.66,PIECE,125.72,218.53
PRC_02366,2026-06-22,DISPLAY,CRT_MONITOR,Bengaluru-Peenya Cluster,49.69,78.66,PIECE,44.72,86.53
PRC_02367,2026-06-22,PLASTIC,MIXED_EWASTE_CASING,Bengaluru-Peenya Cluster,11.7,19.7,KG,10.53,21.67
PRC_02368,2026-06-22,PCB,MOTHERBOARD_HIGH_GRADE,Bhubaneswar-Cuttack Cluster,269.69,308.66,KG,242.72,339.53
PRC_02369,2026-06-22,PCB,POWER_SUPPLY_LOW_GRADE,Bhubaneswar-Cuttack Cluster,34.69,48.66,KG,31.22,53.53
PRC_02370,2026-06-22,CABLE,COPPER_HEAVY_INSULATED,Bhubaneswar-Cuttack Cluster,409.69,458.66,KG,368.72,504.53
PRC_02371,2026-06-22,CABLE,ALUMINIUM_WIRE,Bhubaneswar-Cuttack Cluster,99.69,123.66,KG,89.72,136.03
PRC_02372,2026-06-22,BATTERY,LEAD_ACID,Bhubaneswar-Cuttack Cluster,74.69,90.66,KG,67.22,99.73
PRC_02373,2026-06-22,BATTERY,BATTERY_LITHIUM_PORTABLE,Bhubaneswar-Cuttack Cluster,109.69,138.66,KG,98.72,152.53
PRC_02374,2026-06-22,DISPLAY,LCD_PANEL_INTACT,Bhubaneswar-Cuttack Cluster,139.69,198.66,PIECE,125.72,218.53
PRC_02375,2026-06-22,DISPLAY,CRT_MONITOR,Bhubaneswar-Cuttack Cluster,49.69,78.66,PIECE,44.72,86.53
PRC_02376,2026-06-22,PLASTIC,MIXED_EWASTE_CASING,Bhubaneswar-Cuttack Cluster,11.7,19.7,KG,10.53,21.67
PRC_02377,2026-06-22,PCB,MOTHERBOARD_HIGH_GRADE,Chennai-Ambattur Cluster,269.69,308.66,KG,242.72,339.53
PRC_02378,2026-06-22,PCB,POWER_SUPPLY_LOW_GRADE,Chennai-Ambattur Cluster,34.69,48.66,KG,31.22,53.53
PRC_02379,2026-06-22,CABLE,COPPER_HEAVY_INSULATED,Chennai-Ambattur Cluster,409.69,458.66,KG,368.72,504.53
PRC_02380,2026-06-22,CABLE,ALUMINIUM_WIRE,Chennai-Ambattur Cluster,99.69,123.66,KG,89.72,136.03
PRC_02381,2026-06-22,BATTERY,LEAD_ACID,Chennai-Ambattur Cluster,74.69,90.66,KG,67.22,99.73
PRC_02382,2026-06-22,BATTERY,BATTERY_LITHIUM_PORTABLE,Chennai-Ambattur Cluster,109.69,138.66,KG,98.72,152.53
PRC_02383,2026-06-22,DISPLAY,LCD_PANEL_INTACT,Chennai-Ambattur Cluster,139.69,198.66,PIECE,125.72,218.53
PRC_02384,2026-06-22,DISPLAY,CRT_MONITOR,Chennai-Ambattur Cluster,49.69,78.66,PIECE,44.72,86.53
PRC_02385,2026-06-22,PLASTIC,MIXED_EWASTE_CASING,Chennai-Ambattur Cluster,11.7,19.7,KG,10.53,21.67
PRC_02386,2026-06-23,PCB,MOTHERBOARD_HIGH_GRADE,Delhi-Mayapuri Cluster,271.35,310.49,KG,244.22,341.54
PRC_02387,2026-06-23,PCB,POWER_SUPPLY_LOW_GRADE,Delhi-Mayapuri Cluster,36.35,50.49,KG,32.72,55.54
PRC_02388,2026-06-23,CABLE,COPPER_HEAVY_INSULATED,Delhi-Mayapuri Cluster,411.35,460.49,KG,370.22,506.54
PRC_02389,2026-06-23,CABLE,ALUMINIUM_WIRE,Delhi-Mayapuri Cluster,101.35,125.49,KG,91.22,138.04
PRC_02390,2026-06-23,BATTERY,LEAD_ACID,Delhi-Mayapuri Cluster,76.35,92.49,KG,68.72,101.74
PRC_02391,2026-06-23,BATTERY,BATTERY_LITHIUM_PORTABLE,Delhi-Mayapuri Cluster,111.35,140.49,KG,100.22,154.54
PRC_02392,2026-06-23,DISPLAY,LCD_PANEL_INTACT,Delhi-Mayapuri Cluster,141.35,200.49,PIECE,127.22,220.54
PRC_02393,2026-06-23,DISPLAY,CRT_MONITOR,Delhi-Mayapuri Cluster,51.35,80.49,PIECE,46.22,88.54
PRC_02394,2026-06-23,PLASTIC,MIXED_EWASTE_CASING,Delhi-Mayapuri Cluster,11.7,19.7,KG,10.53,21.67
PRC_02395,2026-06-23,PCB,MOTHERBOARD_HIGH_GRADE,Mumbai-Dharavi Cluster,271.35,310.49,KG,244.22,341.54
PRC_02396,2026-06-23,PCB,POWER_SUPPLY_LOW_GRADE,Mumbai-Dharavi Cluster,36.35,50.49,KG,32.72,55.54
PRC_02397,2026-06-23,CABLE,COPPER_HEAVY_INSULATED,Mumbai-Dharavi Cluster,411.35,460.49,KG,370.22,506.54
PRC_02398,2026-06-23,CABLE,ALUMINIUM_WIRE,Mumbai-Dharavi Cluster,101.35,125.49,KG,91.22,138.04
PRC_02399,2026-06-23,BATTERY,LEAD_ACID,Mumbai-Dharavi Cluster,76.35,92.49,KG,68.72,101.74
PRC_02400,2026-06-23,BATTERY,BATTERY_LITHIUM_PORTABLE,Mumbai-Dharavi Cluster,111.35,140.49,KG,100.22,154.54
PRC_02401,2026-06-23,DISPLAY,LCD_PANEL_INTACT,Mumbai-Dharavi Cluster,141.35,200.49,PIECE,127.22,220.54
PRC_02402,2026-06-23,DISPLAY,CRT_MONITOR,Mumbai-Dharavi Cluster,51.35,80.49,PIECE,46.22,88.54
PRC_02403,2026-06-23,PLASTIC,MIXED_EWASTE_CASING,Mumbai-Dharavi Cluster,11.7,19.7,KG,10.53,21.67
PRC_02404,2026-06-23,PCB,MOTHERBOARD_HIGH_GRADE,Bengaluru-Peenya Cluster,271.35,310.49,KG,244.22,341.54
PRC_02405,2026-06-23,PCB,POWER_SUPPLY_LOW_GRADE,Bengaluru-Peenya Cluster,36.35,50.49,KG,32.72,55.54
PRC_02406,2026-06-23,CABLE,COPPER_HEAVY_INSULATED,Bengaluru-Peenya Cluster,411.35,460.49,KG,370.22,506.54
PRC_02407,2026-06-23,CABLE,ALUMINIUM_WIRE,Bengaluru-Peenya Cluster,101.35,125.49,KG,91.22,138.04
PRC_02408,2026-06-23,BATTERY,LEAD_ACID,Bengaluru-Peenya Cluster,76.35,92.49,KG,68.72,101.74
PRC_02409,2026-06-23,BATTERY,BATTERY_LITHIUM_PORTABLE,Bengaluru-Peenya Cluster,111.35,140.49,KG,100.22,154.54
PRC_02410,2026-06-23,DISPLAY,LCD_PANEL_INTACT,Bengaluru-Peenya Cluster,141.35,200.49,PIECE,127.22,220.54
PRC_02411,2026-06-23,DISPLAY,CRT_MONITOR,Bengaluru-Peenya Cluster,51.35,80.49,PIECE,46.22,88.54
PRC_02412,2026-06-23,PLASTIC,MIXED_EWASTE_CASING,Bengaluru-Peenya Cluster,11.7,19.7,KG,10.53,21.67
PRC_02413,2026-06-23,PCB,MOTHERBOARD_HIGH_GRADE,Bhubaneswar-Cuttack Cluster,271.35,310.49,KG,244.22,341.54
PRC_02414,2026-06-23,PCB,POWER_SUPPLY_LOW_GRADE,Bhubaneswar-Cuttack Cluster,36.35,50.49,KG,32.72,55.54
PRC_02415,2026-06-23,CABLE,COPPER_HEAVY_INSULATED,Bhubaneswar-Cuttack Cluster,411.35,460.49,KG,370.22,506.54
PRC_02416,2026-06-23,CABLE,ALUMINIUM_WIRE,Bhubaneswar-Cuttack Cluster,101.35,125.49,KG,91.22,138.04
PRC_02417,2026-06-23,BATTERY,LEAD_ACID,Bhubaneswar-Cuttack Cluster,76.35,92.49,KG,68.72,101.74
PRC_02418,2026-06-23,BATTERY,BATTERY_LITHIUM_PORTABLE,Bhubaneswar-Cuttack Cluster,111.35,140.49,KG,100.22,154.54
PRC_02419,2026-06-23,DISPLAY,LCD_PANEL_INTACT,Bhubaneswar-Cuttack Cluster,141.35,200.49,PIECE,127.22,220.54
PRC_02420,2026-06-23,DISPLAY,CRT_MONITOR,Bhubaneswar-Cuttack Cluster,51.35,80.49,PIECE,46.22,88.54
PRC_02421,2026-06-23,PLASTIC,MIXED_EWASTE_CASING,Bhubaneswar-Cuttack Cluster,11.7,19.7,KG,10.53,21.67
PRC_02422,2026-06-23,PCB,MOTHERBOARD_HIGH_GRADE,Chennai-Ambattur Cluster,271.35,310.49,KG,244.22,341.54
PRC_02423,2026-06-23,PCB,POWER_SUPPLY_LOW_GRADE,Chennai-Ambattur Cluster,36.35,50.49,KG,32.72,55.54
PRC_02424,2026-06-23,CABLE,COPPER_HEAVY_INSULATED,Chennai-Ambattur Cluster,411.35,460.49,KG,370.22,506.54
PRC_02425,2026-06-23,CABLE,ALUMINIUM_WIRE,Chennai-Ambattur Cluster,101.35,125.49,KG,91.22,138.04
PRC_02426,2026-06-23,BATTERY,LEAD_ACID,Chennai-Ambattur Cluster,76.35,92.49,KG,68.72,101.74
PRC_02427,2026-06-23,BATTERY,BATTERY_LITHIUM_PORTABLE,Chennai-Ambattur Cluster,111.35,140.49,KG,100.22,154.54
PRC_02428,2026-06-23,DISPLAY,LCD_PANEL_INTACT,Chennai-Ambattur Cluster,141.35,200.49,PIECE,127.22,220.54
PRC_02429,2026-06-23,DISPLAY,CRT_MONITOR,Chennai-Ambattur Cluster,51.35,80.49,PIECE,46.22,88.54
PRC_02430,2026-06-23,PLASTIC,MIXED_EWASTE_CASING,Chennai-Ambattur Cluster,11.7,19.7,KG,10.53,21.67
PRC_02431,2026-06-24,PCB,MOTHERBOARD_HIGH_GRADE,Delhi-Mayapuri Cluster,271.77,310.95,KG,244.59,342.04
PRC_02432,2026-06-24,PCB,POWER_SUPPLY_LOW_GRADE,Delhi-Mayapuri Cluster,36.77,50.95,KG,33.09,56.05
PRC_02433,2026-06-24,CABLE,COPPER_HEAVY_INSULATED,Delhi-Mayapuri Cluster,411.77,460.95,KG,370.59,507.04
PRC_02434,2026-06-24,CABLE,ALUMINIUM_WIRE,Delhi-Mayapuri Cluster,101.77,125.95,KG,91.59,138.55
PRC_02435,2026-06-24,BATTERY,LEAD_ACID,Delhi-Mayapuri Cluster,76.77,92.95,KG,69.09,102.24
PRC_02436,2026-06-24,BATTERY,BATTERY_LITHIUM_PORTABLE,Delhi-Mayapuri Cluster,111.77,140.95,KG,100.59,155.04
PRC_02437,2026-06-24,DISPLAY,LCD_PANEL_INTACT,Delhi-Mayapuri Cluster,141.77,200.95,PIECE,127.59,221.04
PRC_02438,2026-06-24,DISPLAY,CRT_MONITOR,Delhi-Mayapuri Cluster,51.77,80.95,PIECE,46.59,89.05
PRC_02439,2026-06-24,PLASTIC,MIXED_EWASTE_CASING,Delhi-Mayapuri Cluster,11.7,19.7,KG,10.53,21.67
PRC_02440,2026-06-24,PCB,MOTHERBOARD_HIGH_GRADE,Mumbai-Dharavi Cluster,271.77,310.95,KG,244.59,342.04
PRC_02441,2026-06-24,PCB,POWER_SUPPLY_LOW_GRADE,Mumbai-Dharavi Cluster,36.77,50.95,KG,33.09,56.05
PRC_02442,2026-06-24,CABLE,COPPER_HEAVY_INSULATED,Mumbai-Dharavi Cluster,411.77,460.95,KG,370.59,507.04
PRC_02443,2026-06-24,CABLE,ALUMINIUM_WIRE,Mumbai-Dharavi Cluster,101.77,125.95,KG,91.59,138.55
PRC_02444,2026-06-24,BATTERY,LEAD_ACID,Mumbai-Dharavi Cluster,76.77,92.95,KG,69.09,102.24
PRC_02445,2026-06-24,BATTERY,BATTERY_LITHIUM_PORTABLE,Mumbai-Dharavi Cluster,111.77,140.95,KG,100.59,155.04
PRC_02446,2026-06-24,DISPLAY,LCD_PANEL_INTACT,Mumbai-Dharavi Cluster,141.77,200.95,PIECE,127.59,221.04
PRC_02447,2026-06-24,DISPLAY,CRT_MONITOR,Mumbai-Dharavi Cluster,51.77,80.95,PIECE,46.59,89.05
PRC_02448,2026-06-24,PLASTIC,MIXED_EWASTE_CASING,Mumbai-Dharavi Cluster,11.7,19.7,KG,10.53,21.67
PRC_02449,2026-06-24,PCB,MOTHERBOARD_HIGH_GRADE,Bengaluru-Peenya Cluster,271.77,310.95,KG,244.59,342.04
PRC_02450,2026-06-24,PCB,POWER_SUPPLY_LOW_GRADE,Bengaluru-Peenya Cluster,36.77,50.95,KG,33.09,56.05
PRC_02451,2026-06-24,CABLE,COPPER_HEAVY_INSULATED,Bengaluru-Peenya Cluster,411.77,460.95,KG,370.59,507.04
PRC_02452,2026-06-24,CABLE,ALUMINIUM_WIRE,Bengaluru-Peenya Cluster,101.77,125.95,KG,91.59,138.55
PRC_02453,2026-06-24,BATTERY,LEAD_ACID,Bengaluru-Peenya Cluster,76.77,92.95,KG,69.09,102.24
PRC_02454,2026-06-24,BATTERY,BATTERY_LITHIUM_PORTABLE,Bengaluru-Peenya Cluster,111.77,140.95,KG,100.59,155.04
PRC_02455,2026-06-24,DISPLAY,LCD_PANEL_INTACT,Bengaluru-Peenya Cluster,141.77,200.95,PIECE,127.59,221.04
PRC_02456,2026-06-24,DISPLAY,CRT_MONITOR,Bengaluru-Peenya Cluster,51.77,80.95,PIECE,46.59,89.05
PRC_02457,2026-06-24,PLASTIC,MIXED_EWASTE_CASING,Bengaluru-Peenya Cluster,11.7,19.7,KG,10.53,21.67
PRC_02458,2026-06-24,PCB,MOTHERBOARD_HIGH_GRADE,Bhubaneswar-Cuttack Cluster,271.77,310.95,KG,244.59,342.04
PRC_02459,2026-06-24,PCB,POWER_SUPPLY_LOW_GRADE,Bhubaneswar-Cuttack Cluster,36.77,50.95,KG,33.09,56.05
PRC_02460,2026-06-24,CABLE,COPPER_HEAVY_INSULATED,Bhubaneswar-Cuttack Cluster,411.77,460.95,KG,370.59,507.04
PRC_02461,2026-06-24,CABLE,ALUMINIUM_WIRE,Bhubaneswar-Cuttack Cluster,101.77,125.95,KG,91.59,138.55
PRC_02462,2026-06-24,BATTERY,LEAD_ACID,Bhubaneswar-Cuttack Cluster,76.77,92.95,KG,69.09,102.24
PRC_02463,2026-06-24,BATTERY,BATTERY_LITHIUM_PORTABLE,Bhubaneswar-Cuttack Cluster,111.77,140.95,KG,100.59,155.04
PRC_02464,2026-06-24,DISPLAY,LCD_PANEL_INTACT,Bhubaneswar-Cuttack Cluster,141.77,200.95,PIECE,127.59,221.04
PRC_02465,2026-06-24,DISPLAY,CRT_MONITOR,Bhubaneswar-Cuttack Cluster,51.77,80.95,PIECE,46.59,89.05
PRC_02466,2026-06-24,PLASTIC,MIXED_EWASTE_CASING,Bhubaneswar-Cuttack Cluster,11.7,19.7,KG,10.53,21.67
PRC_02467,2026-06-24,PCB,MOTHERBOARD_HIGH_GRADE,Chennai-Ambattur Cluster,271.77,310.95,KG,244.59,342.04
PRC_02468,2026-06-24,PCB,POWER_SUPPLY_LOW_GRADE,Chennai-Ambattur Cluster,36.77,50.95,KG,33.09,56.05
PRC_02469,2026-06-24,CABLE,COPPER_HEAVY_INSULATED,Chennai-Ambattur Cluster,411.77,460.95,KG,370.59,507.04
PRC_02470,2026-06-24,CABLE,ALUMINIUM_WIRE,Chennai-Ambattur Cluster,101.77,125.95,KG,91.59,138.55
PRC_02471,2026-06-24,BATTERY,LEAD_ACID,Chennai-Ambattur Cluster,76.77,92.95,KG,69.09,102.24
PRC_02472,2026-06-24,BATTERY,BATTERY_LITHIUM_PORTABLE,Chennai-Ambattur Cluster,111.77,140.95,KG,100.59,155.04
PRC_02473,2026-06-24,DISPLAY,LCD_PANEL_INTACT,Chennai-Ambattur Cluster,141.77,200.95,PIECE,127.59,221.04
PRC_02474,2026-06-24,DISPLAY,CRT_MONITOR,Chennai-Ambattur Cluster,51.77,80.95,PIECE,46.59,89.05
PRC_02475,2026-06-24,PLASTIC,MIXED_EWASTE_CASING,Chennai-Ambattur Cluster,11.7,19.7,KG,10.53,21.67
PRC_02476,2026-06-25,PCB,MOTHERBOARD_HIGH_GRADE,Delhi-Mayapuri Cluster,271.48,310.63,KG,244.33,341.69
PRC_02477,2026-06-25,PCB,POWER_SUPPLY_LOW_GRADE,Delhi-Mayapuri Cluster,36.48,50.63,KG,32.83,55.69
PRC_02478,2026-06-25,CABLE,COPPER_HEAVY_INSULATED,Delhi-Mayapuri Cluster,411.48,460.63,KG,370.33,506.69
PRC_02479,2026-06-25,CABLE,ALUMINIUM_WIRE,Delhi-Mayapuri Cluster,101.48,125.63,KG,91.33,138.19
PRC_02480,2026-06-25,BATTERY,LEAD_ACID,Delhi-Mayapuri Cluster,76.48,92.63,KG,68.83,101.89
PRC_02481,2026-06-25,BATTERY,BATTERY_LITHIUM_PORTABLE,Delhi-Mayapuri Cluster,111.48,140.63,KG,100.33,154.69
PRC_02482,2026-06-25,DISPLAY,LCD_PANEL_INTACT,Delhi-Mayapuri Cluster,141.48,200.63,PIECE,127.33,220.69
PRC_02483,2026-06-25,DISPLAY,CRT_MONITOR,Delhi-Mayapuri Cluster,51.48,80.63,PIECE,46.33,88.69
PRC_02484,2026-06-25,PLASTIC,MIXED_EWASTE_CASING,Delhi-Mayapuri Cluster,11.7,19.7,KG,10.53,21.67
PRC_02485,2026-06-25,PCB,MOTHERBOARD_HIGH_GRADE,Mumbai-Dharavi Cluster,271.48,310.63,KG,244.33,341.69
PRC_02486,2026-06-25,PCB,POWER_SUPPLY_LOW_GRADE,Mumbai-Dharavi Cluster,36.48,50.63,KG,32.83,55.69
PRC_02487,2026-06-25,CABLE,COPPER_HEAVY_INSULATED,Mumbai-Dharavi Cluster,411.48,460.63,KG,370.33,506.69
PRC_02488,2026-06-25,CABLE,ALUMINIUM_WIRE,Mumbai-Dharavi Cluster,101.48,125.63,KG,91.33,138.19
PRC_02489,2026-06-25,BATTERY,LEAD_ACID,Mumbai-Dharavi Cluster,76.48,92.63,KG,68.83,101.89
PRC_02490,2026-06-25,BATTERY,BATTERY_LITHIUM_PORTABLE,Mumbai-Dharavi Cluster,111.48,140.63,KG,100.33,154.69
PRC_02491,2026-06-25,DISPLAY,LCD_PANEL_INTACT,Mumbai-Dharavi Cluster,141.48,200.63,PIECE,127.33,220.69
PRC_02492,2026-06-25,DISPLAY,CRT_MONITOR,Mumbai-Dharavi Cluster,51.48,80.63,PIECE,46.33,88.69
PRC_02493,2026-06-25,PLASTIC,MIXED_EWASTE_CASING,Mumbai-Dharavi Cluster,11.7,19.7,KG,10.53,21.67
PRC_02494,2026-06-25,PCB,MOTHERBOARD_HIGH_GRADE,Bengaluru-Peenya Cluster,271.48,310.63,KG,244.33,341.69
PRC_02495,2026-06-25,PCB,POWER_SUPPLY_LOW_GRADE,Bengaluru-Peenya Cluster,36.48,50.63,KG,32.83,55.69
PRC_02496,2026-06-25,CABLE,COPPER_HEAVY_INSULATED,Bengaluru-Peenya Cluster,411.48,460.63,KG,370.33,506.69
PRC_02497,2026-06-25,CABLE,ALUMINIUM_WIRE,Bengaluru-Peenya Cluster,101.48,125.63,KG,91.33,138.19
PRC_02498,2026-06-25,BATTERY,LEAD_ACID,Bengaluru-Peenya Cluster,76.48,92.63,KG,68.83,101.89
PRC_02499,2026-06-25,BATTERY,BATTERY_LITHIUM_PORTABLE,Bengaluru-Peenya Cluster,111.48,140.63,KG,100.33,154.69
PRC_02500,2026-06-25,DISPLAY,LCD_PANEL_INTACT,Bengaluru-Peenya Cluster,141.48,200.63,PIECE,127.33,220.69
PRC_02501,2026-06-25,DISPLAY,CRT_MONITOR,Bengaluru-Peenya Cluster,51.48,80.63,PIECE,46.33,88.69
PRC_02502,2026-06-25,PLASTIC,MIXED_EWASTE_CASING,Bengaluru-Peenya Cluster,11.7,19.7,KG,10.53,21.67
PRC_02503,2026-06-25,PCB,MOTHERBOARD_HIGH_GRADE,Bhubaneswar-Cuttack Cluster,271.48,310.63,KG,244.33,341.69
PRC_02504,2026-06-25,PCB,POWER_SUPPLY_LOW_GRADE,Bhubaneswar-Cuttack Cluster,36.48,50.63,KG,32.83,55.69
PRC_02505,2026-06-25,CABLE,COPPER_HEAVY_INSULATED,Bhubaneswar-Cuttack Cluster,411.48,460.63,KG,370.33,506.69
PRC_02506,2026-06-25,CABLE,ALUMINIUM_WIRE,Bhubaneswar-Cuttack Cluster,101.48,125.63,KG,91.33,138.19
PRC_02507,2026-06-25,BATTERY,LEAD_ACID,Bhubaneswar-Cuttack Cluster,76.48,92.63,KG,68.83,101.89
PRC_02508,2026-06-25,BATTERY,BATTERY_LITHIUM_PORTABLE,Bhubaneswar-Cuttack Cluster,111.48,140.63,KG,100.33,154.69
PRC_02509,2026-06-25,DISPLAY,LCD_PANEL_INTACT,Bhubaneswar-Cuttack Cluster,141.48,200.63,PIECE,127.33,220.69
PRC_02510,2026-06-25,DISPLAY,CRT_MONITOR,Bhubaneswar-Cuttack Cluster,51.48,80.63,PIECE,46.33,88.69
PRC_02511,2026-06-25,PLASTIC,MIXED_EWASTE_CASING,Bhubaneswar-Cuttack Cluster,11.7,19.7,KG,10.53,21.67
PRC_02512,2026-06-25,PCB,MOTHERBOARD_HIGH_GRADE,Chennai-Ambattur Cluster,271.48,310.63,KG,244.33,341.69
PRC_02513,2026-06-25,PCB,POWER_SUPPLY_LOW_GRADE,Chennai-Ambattur Cluster,36.48,50.63,KG,32.83,55.69
PRC_02514,2026-06-25,CABLE,COPPER_HEAVY_INSULATED,Chennai-Ambattur Cluster,411.48,460.63,KG,370.33,506.69
PRC_02515,2026-06-25,CABLE,ALUMINIUM_WIRE,Chennai-Ambattur Cluster,101.48,125.63,KG,91.33,138.19
PRC_02516,2026-06-25,BATTERY,LEAD_ACID,Chennai-Ambattur Cluster,76.48,92.63,KG,68.83,101.89
PRC_02517,2026-06-25,BATTERY,BATTERY_LITHIUM_PORTABLE,Chennai-Ambattur Cluster,111.48,140.63,KG,100.33,154.69
PRC_02518,2026-06-25,DISPLAY,LCD_PANEL_INTACT,Chennai-Ambattur Cluster,141.48,200.63,PIECE,127.33,220.69
PRC_02519,2026-06-25,DISPLAY,CRT_MONITOR,Chennai-Ambattur Cluster,51.48,80.63,PIECE,46.33,88.69
PRC_02520,2026-06-25,PLASTIC,MIXED_EWASTE_CASING,Chennai-Ambattur Cluster,11.7,19.7,KG,10.53,21.67
PRC_02521,2026-06-26,PCB,MOTHERBOARD_HIGH_GRADE,Delhi-Mayapuri Cluster,268.75,307.63,KG,241.88,338.39
PRC_02522,2026-06-26,PCB,POWER_SUPPLY_LOW_GRADE,Delhi-Mayapuri Cluster,33.75,47.63,KG,30.38,52.39
PRC_02523,2026-06-26,CABLE,COPPER_HEAVY_INSULATED,Delhi-Mayapuri Cluster,408.75,457.63,KG,367.88,503.39
PRC_02524,2026-06-26,CABLE,ALUMINIUM_WIRE,Delhi-Mayapuri Cluster,98.75,122.63,KG,88.88,134.89
PRC_02525,2026-06-26,BATTERY,LEAD_ACID,Delhi-Mayapuri Cluster,73.75,89.63,KG,66.38,98.59
PRC_02526,2026-06-26,BATTERY,BATTERY_LITHIUM_PORTABLE,Delhi-Mayapuri Cluster,108.75,137.63,KG,97.88,151.39
PRC_02527,2026-06-26,DISPLAY,LCD_PANEL_INTACT,Delhi-Mayapuri Cluster,138.75,197.63,PIECE,124.88,217.39
PRC_02528,2026-06-26,DISPLAY,CRT_MONITOR,Delhi-Mayapuri Cluster,48.75,77.63,PIECE,43.88,85.39
PRC_02529,2026-06-26,PLASTIC,MIXED_EWASTE_CASING,Delhi-Mayapuri Cluster,11.7,19.7,KG,10.53,21.67
PRC_02530,2026-06-26,PCB,MOTHERBOARD_HIGH_GRADE,Mumbai-Dharavi Cluster,268.75,307.63,KG,241.88,338.39
PRC_02531,2026-06-26,PCB,POWER_SUPPLY_LOW_GRADE,Mumbai-Dharavi Cluster,33.75,47.63,KG,30.38,52.39
PRC_02532,2026-06-26,CABLE,COPPER_HEAVY_INSULATED,Mumbai-Dharavi Cluster,408.75,457.63,KG,367.88,503.39
PRC_02533,2026-06-26,CABLE,ALUMINIUM_WIRE,Mumbai-Dharavi Cluster,98.75,122.63,KG,88.88,134.89
PRC_02534,2026-06-26,BATTERY,LEAD_ACID,Mumbai-Dharavi Cluster,73.75,89.63,KG,66.38,98.59
PRC_02535,2026-06-26,BATTERY,BATTERY_LITHIUM_PORTABLE,Mumbai-Dharavi Cluster,108.75,137.63,KG,97.88,151.39
PRC_02536,2026-06-26,DISPLAY,LCD_PANEL_INTACT,Mumbai-Dharavi Cluster,138.75,197.63,PIECE,124.88,217.39
PRC_02537,2026-06-26,DISPLAY,CRT_MONITOR,Mumbai-Dharavi Cluster,48.75,77.63,PIECE,43.88,85.39
PRC_02538,2026-06-26,PLASTIC,MIXED_EWASTE_CASING,Mumbai-Dharavi Cluster,11.7,19.7,KG,10.53,21.67
PRC_02539,2026-06-26,PCB,MOTHERBOARD_HIGH_GRADE,Bengaluru-Peenya Cluster,268.75,307.63,KG,241.88,338.39
PRC_02540,2026-06-26,PCB,POWER_SUPPLY_LOW_GRADE,Bengaluru-Peenya Cluster,33.75,47.63,KG,30.38,52.39
PRC_02541,2026-06-26,CABLE,COPPER_HEAVY_INSULATED,Bengaluru-Peenya Cluster,408.75,457.63,KG,367.88,503.39
PRC_02542,2026-06-26,CABLE,ALUMINIUM_WIRE,Bengaluru-Peenya Cluster,98.75,122.63,KG,88.88,134.89
PRC_02543,2026-06-26,BATTERY,LEAD_ACID,Bengaluru-Peenya Cluster,73.75,89.63,KG,66.38,98.59
PRC_02544,2026-06-26,BATTERY,BATTERY_LITHIUM_PORTABLE,Bengaluru-Peenya Cluster,108.75,137.63,KG,97.88,151.39
PRC_02545,2026-06-26,DISPLAY,LCD_PANEL_INTACT,Bengaluru-Peenya Cluster,138.75,197.63,PIECE,124.88,217.39
PRC_02546,2026-06-26,DISPLAY,CRT_MONITOR,Bengaluru-Peenya Cluster,48.75,77.63,PIECE,43.88,85.39
PRC_02547,2026-06-26,PLASTIC,MIXED_EWASTE_CASING,Bengaluru-Peenya Cluster,11.7,19.7,KG,10.53,21.67
PRC_02548,2026-06-26,PCB,MOTHERBOARD_HIGH_GRADE,Bhubaneswar-Cuttack Cluster,268.75,307.63,KG,241.88,338.39
PRC_02549,2026-06-26,PCB,POWER_SUPPLY_LOW_GRADE,Bhubaneswar-Cuttack Cluster,33.75,47.63,KG,30.38,52.39
PRC_02550,2026-06-26,CABLE,COPPER_HEAVY_INSULATED,Bhubaneswar-Cuttack Cluster,408.75,457.63,KG,367.88,503.39
PRC_02551,2026-06-26,CABLE,ALUMINIUM_WIRE,Bhubaneswar-Cuttack Cluster,98.75,122.63,KG,88.88,134.89
PRC_02552,2026-06-26,BATTERY,LEAD_ACID,Bhubaneswar-Cuttack Cluster,73.75,89.63,KG,66.38,98.59
PRC_02553,2026-06-26,BATTERY,BATTERY_LITHIUM_PORTABLE,Bhubaneswar-Cuttack Cluster,108.75,137.63,KG,97.88,151.39
PRC_02554,2026-06-26,DISPLAY,LCD_PANEL_INTACT,Bhubaneswar-Cuttack Cluster,138.75,197.63,PIECE,124.88,217.39
PRC_02555,2026-06-26,DISPLAY,CRT_MONITOR,Bhubaneswar-Cuttack Cluster,48.75,77.63,PIECE,43.88,85.39
PRC_02556,2026-06-26,PLASTIC,MIXED_EWASTE_CASING,Bhubaneswar-Cuttack Cluster,11.7,19.7,KG,10.53,21.67
PRC_02557,2026-06-26,PCB,MOTHERBOARD_HIGH_GRADE,Chennai-Ambattur Cluster,268.75,307.63,KG,241.88,338.39
PRC_02558,2026-06-26,PCB,POWER_SUPPLY_LOW_GRADE,Chennai-Ambattur Cluster,33.75,47.63,KG,30.38,52.39
PRC_02559,2026-06-26,CABLE,COPPER_HEAVY_INSULATED,Chennai-Ambattur Cluster,408.75,457.63,KG,367.88,503.39
PRC_02560,2026-06-26,CABLE,ALUMINIUM_WIRE,Chennai-Ambattur Cluster,98.75,122.63,KG,88.88,134.89
PRC_02561,2026-06-26,BATTERY,LEAD_ACID,Chennai-Ambattur Cluster,73.75,89.63,KG,66.38,98.59
PRC_02562,2026-06-26,BATTERY,BATTERY_LITHIUM_PORTABLE,Chennai-Ambattur Cluster,108.75,137.63,KG,97.88,151.39
PRC_02563,2026-06-26,DISPLAY,LCD_PANEL_INTACT,Chennai-Ambattur Cluster,138.75,197.63,PIECE,124.88,217.39
PRC_02564,2026-06-26,DISPLAY,CRT_MONITOR,Chennai-Ambattur Cluster,48.75,77.63,PIECE,43.88,85.39
PRC_02565,2026-06-26,PLASTIC,MIXED_EWASTE_CASING,Chennai-Ambattur Cluster,11.7,19.7,KG,10.53,21.67
PRC_02566,2026-06-27,PCB,MOTHERBOARD_HIGH_GRADE,Delhi-Mayapuri Cluster,269.54,308.5,KG,242.59,339.35
PRC_02567,2026-06-27,PCB,POWER_SUPPLY_LOW_GRADE,Delhi-Mayapuri Cluster,34.54,48.5,KG,31.09,53.35
PRC_02568,2026-06-27,CABLE,COPPER_HEAVY_INSULATED,Delhi-Mayapuri Cluster,409.54,458.5,KG,368.59,504.35
PRC_02569,2026-06-27,CABLE,ALUMINIUM_WIRE,Delhi-Mayapuri Cluster,99.54,123.5,KG,89.59,135.85
PRC_02570,2026-06-27,BATTERY,LEAD_ACID,Delhi-Mayapuri Cluster,74.54,90.5,KG,67.09,99.55
PRC_02571,2026-06-27,BATTERY,BATTERY_LITHIUM_PORTABLE,Delhi-Mayapuri Cluster,109.54,138.5,KG,98.59,152.35
PRC_02572,2026-06-27,DISPLAY,LCD_PANEL_INTACT,Delhi-Mayapuri Cluster,139.54,198.5,PIECE,125.59,218.35
PRC_02573,2026-06-27,DISPLAY,CRT_MONITOR,Delhi-Mayapuri Cluster,49.54,78.5,PIECE,44.59,86.35
PRC_02574,2026-06-27,PLASTIC,MIXED_EWASTE_CASING,Delhi-Mayapuri Cluster,11.7,19.7,KG,10.53,21.67
PRC_02575,2026-06-27,PCB,MOTHERBOARD_HIGH_GRADE,Mumbai-Dharavi Cluster,269.54,308.5,KG,242.59,339.35
PRC_02576,2026-06-27,PCB,POWER_SUPPLY_LOW_GRADE,Mumbai-Dharavi Cluster,34.54,48.5,KG,31.09,53.35
PRC_02577,2026-06-27,CABLE,COPPER_HEAVY_INSULATED,Mumbai-Dharavi Cluster,409.54,458.5,KG,368.59,504.35
PRC_02578,2026-06-27,CABLE,ALUMINIUM_WIRE,Mumbai-Dharavi Cluster,99.54,123.5,KG,89.59,135.85
PRC_02579,2026-06-27,BATTERY,LEAD_ACID,Mumbai-Dharavi Cluster,74.54,90.5,KG,67.09,99.55
PRC_02580,2026-06-27,BATTERY,BATTERY_LITHIUM_PORTABLE,Mumbai-Dharavi Cluster,109.54,138.5,KG,98.59,152.35
PRC_02581,2026-06-27,DISPLAY,LCD_PANEL_INTACT,Mumbai-Dharavi Cluster,139.54,198.5,PIECE,125.59,218.35
PRC_02582,2026-06-27,DISPLAY,CRT_MONITOR,Mumbai-Dharavi Cluster,49.54,78.5,PIECE,44.59,86.35
PRC_02583,2026-06-27,PLASTIC,MIXED_EWASTE_CASING,Mumbai-Dharavi Cluster,11.7,19.7,KG,10.53,21.67
PRC_02584,2026-06-27,PCB,MOTHERBOARD_HIGH_GRADE,Bengaluru-Peenya Cluster,269.54,308.5,KG,242.59,339.35
PRC_02585,2026-06-27,PCB,POWER_SUPPLY_LOW_GRADE,Bengaluru-Peenya Cluster,34.54,48.5,KG,31.09,53.35
PRC_02586,2026-06-27,CABLE,COPPER_HEAVY_INSULATED,Bengaluru-Peenya Cluster,409.54,458.5,KG,368.59,504.35
PRC_02587,2026-06-27,CABLE,ALUMINIUM_WIRE,Bengaluru-Peenya Cluster,99.54,123.5,KG,89.59,135.85
PRC_02588,2026-06-27,BATTERY,LEAD_ACID,Bengaluru-Peenya Cluster,74.54,90.5,KG,67.09,99.55
PRC_02589,2026-06-27,BATTERY,BATTERY_LITHIUM_PORTABLE,Bengaluru-Peenya Cluster,109.54,138.5,KG,98.59,152.35
PRC_02590,2026-06-27,DISPLAY,LCD_PANEL_INTACT,Bengaluru-Peenya Cluster,139.54,198.5,PIECE,125.59,218.35
PRC_02591,2026-06-27,DISPLAY,CRT_MONITOR,Bengaluru-Peenya Cluster,49.54,78.5,PIECE,44.59,86.35
PRC_02592,2026-06-27,PLASTIC,MIXED_EWASTE_CASING,Bengaluru-Peenya Cluster,11.7,19.7,KG,10.53,21.67
PRC_02593,2026-06-27,PCB,MOTHERBOARD_HIGH_GRADE,Bhubaneswar-Cuttack Cluster,269.54,308.5,KG,242.59,339.35
PRC_02594,2026-06-27,PCB,POWER_SUPPLY_LOW_GRADE,Bhubaneswar-Cuttack Cluster,34.54,48.5,KG,31.09,53.35
PRC_02595,2026-06-27,CABLE,COPPER_HEAVY_INSULATED,Bhubaneswar-Cuttack Cluster,409.54,458.5,KG,368.59,504.35
PRC_02596,2026-06-27,CABLE,ALUMINIUM_WIRE,Bhubaneswar-Cuttack Cluster,99.54,123.5,KG,89.59,135.85
PRC_02597,2026-06-27,BATTERY,LEAD_ACID,Bhubaneswar-Cuttack Cluster,74.54,90.5,KG,67.09,99.55
PRC_02598,2026-06-27,BATTERY,BATTERY_LITHIUM_PORTABLE,Bhubaneswar-Cuttack Cluster,109.54,138.5,KG,98.59,152.35
PRC_02599,2026-06-27,DISPLAY,LCD_PANEL_INTACT,Bhubaneswar-Cuttack Cluster,139.54,198.5,PIECE,125.59,218.35
PRC_02600,2026-06-27,DISPLAY,CRT_MONITOR,Bhubaneswar-Cuttack Cluster,49.54,78.5,PIECE,44.59,86.35
PRC_02601,2026-06-27,PLASTIC,MIXED_EWASTE_CASING,Bhubaneswar-Cuttack Cluster,11.7,19.7,KG,10.53,21.67
PRC_02602,2026-06-27,PCB,MOTHERBOARD_HIGH_GRADE,Chennai-Ambattur Cluster,269.54,308.5,KG,242.59,339.35
PRC_02603,2026-06-27,PCB,POWER_SUPPLY_LOW_GRADE,Chennai-Ambattur Cluster,34.54,48.5,KG,31.09,53.35
PRC_02604,2026-06-27,CABLE,COPPER_HEAVY_INSULATED,Chennai-Ambattur Cluster,409.54,458.5,KG,368.59,504.35
PRC_02605,2026-06-27,CABLE,ALUMINIUM_WIRE,Chennai-Ambattur Cluster,99.54,123.5,KG,89.59,135.85
PRC_02606,2026-06-27,BATTERY,LEAD_ACID,Chennai-Ambattur Cluster,74.54,90.5,KG,67.09,99.55
PRC_02607,2026-06-27,BATTERY,BATTERY_LITHIUM_PORTABLE,Chennai-Ambattur Cluster,109.54,138.5,KG,98.59,152.35
PRC_02608,2026-06-27,DISPLAY,LCD_PANEL_INTACT,Chennai-Ambattur Cluster,139.54,198.5,PIECE,125.59,218.35
PRC_02609,2026-06-27,DISPLAY,CRT_MONITOR,Chennai-Ambattur Cluster,49.54,78.5,PIECE,44.59,86.35
PRC_02610,2026-06-27,PLASTIC,MIXED_EWASTE_CASING,Chennai-Ambattur Cluster,11.7,19.7,KG,10.53,21.67
PRC_02611,2026-06-28,PCB,MOTHERBOARD_HIGH_GRADE,Delhi-Mayapuri Cluster,270.57,309.63,KG,243.51,340.59
PRC_02612,2026-06-28,PCB,POWER_SUPPLY_LOW_GRADE,Delhi-Mayapuri Cluster,35.57,49.63,KG,32.01,54.59
PRC_02613,2026-06-28,CABLE,COPPER_HEAVY_INSULATED,Delhi-Mayapuri Cluster,410.57,459.63,KG,369.51,505.59
PRC_02614,2026-06-28,CABLE,ALUMINIUM_WIRE,Delhi-Mayapuri Cluster,100.57,124.63,KG,90.51,137.09
PRC_02615,2026-06-28,BATTERY,LEAD_ACID,Delhi-Mayapuri Cluster,75.57,91.63,KG,68.01,100.79
PRC_02616,2026-06-28,BATTERY,BATTERY_LITHIUM_PORTABLE,Delhi-Mayapuri Cluster,110.57,139.63,KG,99.51,153.59
PRC_02617,2026-06-28,DISPLAY,LCD_PANEL_INTACT,Delhi-Mayapuri Cluster,140.57,199.63,PIECE,126.51,219.59
PRC_02618,2026-06-28,DISPLAY,CRT_MONITOR,Delhi-Mayapuri Cluster,50.57,79.63,PIECE,45.51,87.59
PRC_02619,2026-06-28,PLASTIC,MIXED_EWASTE_CASING,Delhi-Mayapuri Cluster,11.7,19.7,KG,10.53,21.67
PRC_02620,2026-06-28,PCB,MOTHERBOARD_HIGH_GRADE,Mumbai-Dharavi Cluster,270.57,309.63,KG,243.51,340.59
PRC_02621,2026-06-28,PCB,POWER_SUPPLY_LOW_GRADE,Mumbai-Dharavi Cluster,35.57,49.63,KG,32.01,54.59
PRC_02622,2026-06-28,CABLE,COPPER_HEAVY_INSULATED,Mumbai-Dharavi Cluster,410.57,459.63,KG,369.51,505.59
PRC_02623,2026-06-28,CABLE,ALUMINIUM_WIRE,Mumbai-Dharavi Cluster,100.57,124.63,KG,90.51,137.09
PRC_02624,2026-06-28,BATTERY,LEAD_ACID,Mumbai-Dharavi Cluster,75.57,91.63,KG,68.01,100.79
PRC_02625,2026-06-28,BATTERY,BATTERY_LITHIUM_PORTABLE,Mumbai-Dharavi Cluster,110.57,139.63,KG,99.51,153.59
PRC_02626,2026-06-28,DISPLAY,LCD_PANEL_INTACT,Mumbai-Dharavi Cluster,140.57,199.63,PIECE,126.51,219.59
PRC_02627,2026-06-28,DISPLAY,CRT_MONITOR,Mumbai-Dharavi Cluster,50.57,79.63,PIECE,45.51,87.59
PRC_02628,2026-06-28,PLASTIC,MIXED_EWASTE_CASING,Mumbai-Dharavi Cluster,11.7,19.7,KG,10.53,21.67
PRC_02629,2026-06-28,PCB,MOTHERBOARD_HIGH_GRADE,Bengaluru-Peenya Cluster,270.57,309.63,KG,243.51,340.59
PRC_02630,2026-06-28,PCB,POWER_SUPPLY_LOW_GRADE,Bengaluru-Peenya Cluster,35.57,49.63,KG,32.01,54.59
PRC_02631,2026-06-28,CABLE,COPPER_HEAVY_INSULATED,Bengaluru-Peenya Cluster,410.57,459.63,KG,369.51,505.59
PRC_02632,2026-06-28,CABLE,ALUMINIUM_WIRE,Bengaluru-Peenya Cluster,100.57,124.63,KG,90.51,137.09
PRC_02633,2026-06-28,BATTERY,LEAD_ACID,Bengaluru-Peenya Cluster,75.57,91.63,KG,68.01,100.79
PRC_02634,2026-06-28,BATTERY,BATTERY_LITHIUM_PORTABLE,Bengaluru-Peenya Cluster,110.57,139.63,KG,99.51,153.59
PRC_02635,2026-06-28,DISPLAY,LCD_PANEL_INTACT,Bengaluru-Peenya Cluster,140.57,199.63,PIECE,126.51,219.59
PRC_02636,2026-06-28,DISPLAY,CRT_MONITOR,Bengaluru-Peenya Cluster,50.57,79.63,PIECE,45.51,87.59
PRC_02637,2026-06-28,PLASTIC,MIXED_EWASTE_CASING,Bengaluru-Peenya Cluster,11.7,19.7,KG,10.53,21.67
PRC_02638,2026-06-28,PCB,MOTHERBOARD_HIGH_GRADE,Bhubaneswar-Cuttack Cluster,270.57,309.63,KG,243.51,340.59
PRC_02639,2026-06-28,PCB,POWER_SUPPLY_LOW_GRADE,Bhubaneswar-Cuttack Cluster,35.57,49.63,KG,32.01,54.59
PRC_02640,2026-06-28,CABLE,COPPER_HEAVY_INSULATED,Bhubaneswar-Cuttack Cluster,410.57,459.63,KG,369.51,505.59
PRC_02641,2026-06-28,CABLE,ALUMINIUM_WIRE,Bhubaneswar-Cuttack Cluster,100.57,124.63,KG,90.51,137.09
PRC_02642,2026-06-28,BATTERY,LEAD_ACID,Bhubaneswar-Cuttack Cluster,75.57,91.63,KG,68.01,100.79
PRC_02643,2026-06-28,BATTERY,BATTERY_LITHIUM_PORTABLE,Bhubaneswar-Cuttack Cluster,110.57,139.63,KG,99.51,153.59
PRC_02644,2026-06-28,DISPLAY,LCD_PANEL_INTACT,Bhubaneswar-Cuttack Cluster,140.57,199.63,PIECE,126.51,219.59
PRC_02645,2026-06-28,DISPLAY,CRT_MONITOR,Bhubaneswar-Cuttack Cluster,50.57,79.63,PIECE,45.51,87.59
PRC_02646,2026-06-28,PLASTIC,MIXED_EWASTE_CASING,Bhubaneswar-Cuttack Cluster,11.7,19.7,KG,10.53,21.67
PRC_02647,2026-06-28,PCB,MOTHERBOARD_HIGH_GRADE,Chennai-Ambattur Cluster,270.57,309.63,KG,243.51,340.59
PRC_02648,2026-06-28,PCB,POWER_SUPPLY_LOW_GRADE,Chennai-Ambattur Cluster,35.57,49.63,KG,32.01,54.59
PRC_02649,2026-06-28,CABLE,COPPER_HEAVY_INSULATED,Chennai-Ambattur Cluster,410.57,459.63,KG,369.51,505.59
PRC_02650,2026-06-28,CABLE,ALUMINIUM_WIRE,Chennai-Ambattur Cluster,100.57,124.63,KG,90.51,137.09
PRC_02651,2026-06-28,BATTERY,LEAD_ACID,Chennai-Ambattur Cluster,75.57,91.63,KG,68.01,100.79
PRC_02652,2026-06-28,BATTERY,BATTERY_LITHIUM_PORTABLE,Chennai-Ambattur Cluster,110.57,139.63,KG,99.51,153.59
PRC_02653,2026-06-28,DISPLAY,LCD_PANEL_INTACT,Chennai-Ambattur Cluster,140.57,199.63,PIECE,126.51,219.59
PRC_02654,2026-06-28,DISPLAY,CRT_MONITOR,Chennai-Ambattur Cluster,50.57,79.63,PIECE,45.51,87.59
PRC_02655,2026-06-28,PLASTIC,MIXED_EWASTE_CASING,Chennai-Ambattur Cluster,11.7,19.7,KG,10.53,21.67
PRC_02656,2026-06-29,PCB,MOTHERBOARD_HIGH_GRADE,Delhi-Mayapuri Cluster,271.67,310.84,KG,244.5,341.92
PRC_02657,2026-06-29,PCB,POWER_SUPPLY_LOW_GRADE,Delhi-Mayapuri Cluster,36.67,50.84,KG,33.0,55.92
PRC_02658,2026-06-29,CABLE,COPPER_HEAVY_INSULATED,Delhi-Mayapuri Cluster,411.67,460.84,KG,370.5,506.92
PRC_02659,2026-06-29,CABLE,ALUMINIUM_WIRE,Delhi-Mayapuri Cluster,101.67,125.84,KG,91.5,138.42
PRC_02660,2026-06-29,BATTERY,LEAD_ACID,Delhi-Mayapuri Cluster,76.67,92.84,KG,69.0,102.12
PRC_02661,2026-06-29,BATTERY,BATTERY_LITHIUM_PORTABLE,Delhi-Mayapuri Cluster,111.67,140.84,KG,100.5,154.92
PRC_02662,2026-06-29,DISPLAY,LCD_PANEL_INTACT,Delhi-Mayapuri Cluster,141.67,200.84,PIECE,127.5,220.92
PRC_02663,2026-06-29,DISPLAY,CRT_MONITOR,Delhi-Mayapuri Cluster,51.67,80.84,PIECE,46.5,88.92
PRC_02664,2026-06-29,PLASTIC,MIXED_EWASTE_CASING,Delhi-Mayapuri Cluster,11.7,19.7,KG,10.53,21.67
PRC_02665,2026-06-29,PCB,MOTHERBOARD_HIGH_GRADE,Mumbai-Dharavi Cluster,271.67,310.84,KG,244.5,341.92
PRC_02666,2026-06-29,PCB,POWER_SUPPLY_LOW_GRADE,Mumbai-Dharavi Cluster,36.67,50.84,KG,33.0,55.92
PRC_02667,2026-06-29,CABLE,COPPER_HEAVY_INSULATED,Mumbai-Dharavi Cluster,411.67,460.84,KG,370.5,506.92
PRC_02668,2026-06-29,CABLE,ALUMINIUM_WIRE,Mumbai-Dharavi Cluster,101.67,125.84,KG,91.5,138.42
PRC_02669,2026-06-29,BATTERY,LEAD_ACID,Mumbai-Dharavi Cluster,76.67,92.84,KG,69.0,102.12
PRC_02670,2026-06-29,BATTERY,BATTERY_LITHIUM_PORTABLE,Mumbai-Dharavi Cluster,111.67,140.84,KG,100.5,154.92
PRC_02671,2026-06-29,DISPLAY,LCD_PANEL_INTACT,Mumbai-Dharavi Cluster,141.67,200.84,PIECE,127.5,220.92
PRC_02672,2026-06-29,DISPLAY,CRT_MONITOR,Mumbai-Dharavi Cluster,51.67,80.84,PIECE,46.5,88.92
PRC_02673,2026-06-29,PLASTIC,MIXED_EWASTE_CASING,Mumbai-Dharavi Cluster,11.7,19.7,KG,10.53,21.67
PRC_02674,2026-06-29,PCB,MOTHERBOARD_HIGH_GRADE,Bengaluru-Peenya Cluster,271.67,310.84,KG,244.5,341.92
PRC_02675,2026-06-29,PCB,POWER_SUPPLY_LOW_GRADE,Bengaluru-Peenya Cluster,36.67,50.84,KG,33.0,55.92
PRC_02676,2026-06-29,CABLE,COPPER_HEAVY_INSULATED,Bengaluru-Peenya Cluster,411.67,460.84,KG,370.5,506.92
PRC_02677,2026-06-29,CABLE,ALUMINIUM_WIRE,Bengaluru-Peenya Cluster,101.67,125.84,KG,91.5,138.42
PRC_02678,2026-06-29,BATTERY,LEAD_ACID,Bengaluru-Peenya Cluster,76.67,92.84,KG,69.0,102.12
PRC_02679,2026-06-29,BATTERY,BATTERY_LITHIUM_PORTABLE,Bengaluru-Peenya Cluster,111.67,140.84,KG,100.5,154.92
PRC_02680,2026-06-29,DISPLAY,LCD_PANEL_INTACT,Bengaluru-Peenya Cluster,141.67,200.84,PIECE,127.5,220.92
PRC_02681,2026-06-29,DISPLAY,CRT_MONITOR,Bengaluru-Peenya Cluster,51.67,80.84,PIECE,46.5,88.92
PRC_02682,2026-06-29,PLASTIC,MIXED_EWASTE_CASING,Bengaluru-Peenya Cluster,11.7,19.7,KG,10.53,21.67
PRC_02683,2026-06-29,PCB,MOTHERBOARD_HIGH_GRADE,Bhubaneswar-Cuttack Cluster,271.67,310.84,KG,244.5,341.92
PRC_02684,2026-06-29,PCB,POWER_SUPPLY_LOW_GRADE,Bhubaneswar-Cuttack Cluster,36.67,50.84,KG,33.0,55.92
PRC_02685,2026-06-29,CABLE,COPPER_HEAVY_INSULATED,Bhubaneswar-Cuttack Cluster,411.67,460.84,KG,370.5,506.92
PRC_02686,2026-06-29,CABLE,ALUMINIUM_WIRE,Bhubaneswar-Cuttack Cluster,101.67,125.84,KG,91.5,138.42
PRC_02687,2026-06-29,BATTERY,LEAD_ACID,Bhubaneswar-Cuttack Cluster,76.67,92.84,KG,69.0,102.12
PRC_02688,2026-06-29,BATTERY,BATTERY_LITHIUM_PORTABLE,Bhubaneswar-Cuttack Cluster,111.67,140.84,KG,100.5,154.92
PRC_02689,2026-06-29,DISPLAY,LCD_PANEL_INTACT,Bhubaneswar-Cuttack Cluster,141.67,200.84,PIECE,127.5,220.92
PRC_02690,2026-06-29,DISPLAY,CRT_MONITOR,Bhubaneswar-Cuttack Cluster,51.67,80.84,PIECE,46.5,88.92
PRC_02691,2026-06-29,PLASTIC,MIXED_EWASTE_CASING,Bhubaneswar-Cuttack Cluster,11.7,19.7,KG,10.53,21.67
PRC_02692,2026-06-29,PCB,MOTHERBOARD_HIGH_GRADE,Chennai-Ambattur Cluster,271.67,310.84,KG,244.5,341.92
PRC_02693,2026-06-29,PCB,POWER_SUPPLY_LOW_GRADE,Chennai-Ambattur Cluster,36.67,50.84,KG,33.0,55.92
PRC_02694,2026-06-29,CABLE,COPPER_HEAVY_INSULATED,Chennai-Ambattur Cluster,411.67,460.84,KG,370.5,506.92
PRC_02695,2026-06-29,CABLE,ALUMINIUM_WIRE,Chennai-Ambattur Cluster,101.67,125.84,KG,91.5,138.42
PRC_02696,2026-06-29,BATTERY,LEAD_ACID,Chennai-Ambattur Cluster,76.67,92.84,KG,69.0,102.12
PRC_02697,2026-06-29,BATTERY,BATTERY_LITHIUM_PORTABLE,Chennai-Ambattur Cluster,111.67,140.84,KG,100.5,154.92
PRC_02698,2026-06-29,DISPLAY,LCD_PANEL_INTACT,Chennai-Ambattur Cluster,141.67,200.84,PIECE,127.5,220.92
PRC_02699,2026-06-29,DISPLAY,CRT_MONITOR,Chennai-Ambattur Cluster,51.67,80.84,PIECE,46.5,88.92
PRC_02700,2026-06-29,PLASTIC,MIXED_EWASTE_CASING,Chennai-Ambattur Cluster,11.7,19.7,KG,10.53,21.67
PRC_02701,2026-06-30,PCB,MOTHERBOARD_HIGH_GRADE,Delhi-Mayapuri Cluster,269.69,308.66,KG,242.72,339.53
PRC_02702,2026-06-30,PCB,POWER_SUPPLY_LOW_GRADE,Delhi-Mayapuri Cluster,34.69,48.66,KG,31.22,53.53
PRC_02703,2026-06-30,CABLE,COPPER_HEAVY_INSULATED,Delhi-Mayapuri Cluster,409.69,458.66,KG,368.72,504.53
PRC_02704,2026-06-30,CABLE,ALUMINIUM_WIRE,Delhi-Mayapuri Cluster,99.69,123.66,KG,89.72,136.03
PRC_02705,2026-06-30,BATTERY,LEAD_ACID,Delhi-Mayapuri Cluster,74.69,90.66,KG,67.22,99.73
PRC_02706,2026-06-30,BATTERY,BATTERY_LITHIUM_PORTABLE,Delhi-Mayapuri Cluster,109.69,138.66,KG,98.72,152.53
PRC_02707,2026-06-30,DISPLAY,LCD_PANEL_INTACT,Delhi-Mayapuri Cluster,139.69,198.66,PIECE,125.72,218.53
PRC_02708,2026-06-30,DISPLAY,CRT_MONITOR,Delhi-Mayapuri Cluster,49.69,78.66,PIECE,44.72,86.53
PRC_02709,2026-06-30,PLASTIC,MIXED_EWASTE_CASING,Delhi-Mayapuri Cluster,11.7,19.7,KG,10.53,21.67
PRC_02710,2026-06-30,PCB,MOTHERBOARD_HIGH_GRADE,Mumbai-Dharavi Cluster,269.69,308.66,KG,242.72,339.53
PRC_02711,2026-06-30,PCB,POWER_SUPPLY_LOW_GRADE,Mumbai-Dharavi Cluster,34.69,48.66,KG,31.22,53.53
PRC_02712,2026-06-30,CABLE,COPPER_HEAVY_INSULATED,Mumbai-Dharavi Cluster,409.69,458.66,KG,368.72,504.53
PRC_02713,2026-06-30,CABLE,ALUMINIUM_WIRE,Mumbai-Dharavi Cluster,99.69,123.66,KG,89.72,136.03
PRC_02714,2026-06-30,BATTERY,LEAD_ACID,Mumbai-Dharavi Cluster,74.69,90.66,KG,67.22,99.73
PRC_02715,2026-06-30,BATTERY,BATTERY_LITHIUM_PORTABLE,Mumbai-Dharavi Cluster,109.69,138.66,KG,98.72,152.53
PRC_02716,2026-06-30,DISPLAY,LCD_PANEL_INTACT,Mumbai-Dharavi Cluster,139.69,198.66,PIECE,125.72,218.53
PRC_02717,2026-06-30,DISPLAY,CRT_MONITOR,Mumbai-Dharavi Cluster,49.69,78.66,PIECE,44.72,86.53
PRC_02718,2026-06-30,PLASTIC,MIXED_EWASTE_CASING,Mumbai-Dharavi Cluster,11.7,19.7,KG,10.53,21.67
PRC_02719,2026-06-30,PCB,MOTHERBOARD_HIGH_GRADE,Bengaluru-Peenya Cluster,269.69,308.66,KG,242.72,339.53
PRC_02720,2026-06-30,PCB,POWER_SUPPLY_LOW_GRADE,Bengaluru-Peenya Cluster,34.69,48.66,KG,31.22,53.53
PRC_02721,2026-06-30,CABLE,COPPER_HEAVY_INSULATED,Bengaluru-Peenya Cluster,409.69,458.66,KG,368.72,504.53
PRC_02722,2026-06-30,CABLE,ALUMINIUM_WIRE,Bengaluru-Peenya Cluster,99.69,123.66,KG,89.72,136.03
PRC_02723,2026-06-30,BATTERY,LEAD_ACID,Bengaluru-Peenya Cluster,74.69,90.66,KG,67.22,99.73
PRC_02724,2026-06-30,BATTERY,BATTERY_LITHIUM_PORTABLE,Bengaluru-Peenya Cluster,109.69,138.66,KG,98.72,152.53
PRC_02725,2026-06-30,DISPLAY,LCD_PANEL_INTACT,Bengaluru-Peenya Cluster,139.69,198.66,PIECE,125.72,218.53
PRC_02726,2026-06-30,DISPLAY,CRT_MONITOR,Bengaluru-Peenya Cluster,49.69,78.66,PIECE,44.72,86.53
PRC_02727,2026-06-30,PLASTIC,MIXED_EWASTE_CASING,Bengaluru-Peenya Cluster,11.7,19.7,KG,10.53,21.67
PRC_02728,2026-06-30,PCB,MOTHERBOARD_HIGH_GRADE,Bhubaneswar-Cuttack Cluster,269.69,308.66,KG,242.72,339.53
PRC_02729,2026-06-30,PCB,POWER_SUPPLY_LOW_GRADE,Bhubaneswar-Cuttack Cluster,34.69,48.66,KG,31.22,53.53
PRC_02730,2026-06-30,CABLE,COPPER_HEAVY_INSULATED,Bhubaneswar-Cuttack Cluster,409.69,458.66,KG,368.72,504.53
PRC_02731,2026-06-30,CABLE,ALUMINIUM_WIRE,Bhubaneswar-Cuttack Cluster,99.69,123.66,KG,89.72,136.03
PRC_02732,2026-06-30,BATTERY,LEAD_ACID,Bhubaneswar-Cuttack Cluster,74.69,90.66,KG,67.22,99.73
PRC_02733,2026-06-30,BATTERY,BATTERY_LITHIUM_PORTABLE,Bhubaneswar-Cuttack Cluster,109.69,138.66,KG,98.72,152.53
PRC_02734,2026-06-30,DISPLAY,LCD_PANEL_INTACT,Bhubaneswar-Cuttack Cluster,139.69,198.66,PIECE,125.72,218.53
PRC_02735,2026-06-30,DISPLAY,CRT_MONITOR,Bhubaneswar-Cuttack Cluster,49.69,78.66,PIECE,44.72,86.53
PRC_02736,2026-06-30,PLASTIC,MIXED_EWASTE_CASING,Bhubaneswar-Cuttack Cluster,11.7,19.7,KG,10.53,21.67
PRC_02737,2026-06-30,PCB,MOTHERBOARD_HIGH_GRADE,Chennai-Ambattur Cluster,269.69,308.66,KG,242.72,339.53
PRC_02738,2026-06-30,PCB,POWER_SUPPLY_LOW_GRADE,Chennai-Ambattur Cluster,34.69,48.66,KG,31.22,53.53
PRC_02739,2026-06-30,CABLE,COPPER_HEAVY_INSULATED,Chennai-Ambattur Cluster,409.69,458.66,KG,368.72,504.53
PRC_02740,2026-06-30,CABLE,ALUMINIUM_WIRE,Chennai-Ambattur Cluster,99.69,123.66,KG,89.72,136.03
PRC_02741,2026-06-30,BATTERY,LEAD_ACID,Chennai-Ambattur Cluster,74.69,90.66,KG,67.22,99.73
PRC_02742,2026-06-30,BATTERY,BATTERY_LITHIUM_PORTABLE,Chennai-Ambattur Cluster,109.69,138.66,KG,98.72,152.53
PRC_02743,2026-06-30,DISPLAY,LCD_PANEL_INTACT,Chennai-Ambattur Cluster,139.69,198.66,PIECE,125.72,218.53
PRC_02744,2026-06-30,DISPLAY,CRT_MONITOR,Chennai-Ambattur Cluster,49.69,78.66,PIECE,44.72,86.53
PRC_02745,2026-06-30,PLASTIC,MIXED_EWASTE_CASING,Chennai-Ambattur Cluster,11.7,19.7,KG,10.53,21.67
PRC_02746,2026-07-01,PCB,MOTHERBOARD_HIGH_GRADE,Delhi-Mayapuri Cluster,270.4,309.44,KG,243.36,340.38
PRC_02747,2026-07-01,PCB,POWER_SUPPLY_LOW_GRADE,Delhi-Mayapuri Cluster,35.4,49.44,KG,31.86,54.38
PRC_02748,2026-07-01,CABLE,COPPER_HEAVY_INSULATED,Delhi-Mayapuri Cluster,410.4,459.44,KG,369.36,505.38
PRC_02749,2026-07-01,CABLE,ALUMINIUM_WIRE,Delhi-Mayapuri Cluster,100.4,124.44,KG,90.36,136.88
PRC_02750,2026-07-01,BATTERY,LEAD_ACID,Delhi-Mayapuri Cluster,75.4,91.44,KG,67.86,100.58
PRC_02751,2026-07-01,BATTERY,BATTERY_LITHIUM_PORTABLE,Delhi-Mayapuri Cluster,110.4,139.44,KG,99.36,153.38
PRC_02752,2026-07-01,DISPLAY,LCD_PANEL_INTACT,Delhi-Mayapuri Cluster,140.4,199.44,PIECE,126.36,219.38
PRC_02753,2026-07-01,DISPLAY,CRT_MONITOR,Delhi-Mayapuri Cluster,50.4,79.44,PIECE,45.36,87.38
PRC_02754,2026-07-01,PLASTIC,MIXED_EWASTE_CASING,Delhi-Mayapuri Cluster,11.7,19.7,KG,10.53,21.67
PRC_02755,2026-07-01,PCB,MOTHERBOARD_HIGH_GRADE,Mumbai-Dharavi Cluster,270.4,309.44,KG,243.36,340.38
PRC_02756,2026-07-01,PCB,POWER_SUPPLY_LOW_GRADE,Mumbai-Dharavi Cluster,35.4,49.44,KG,31.86,54.38
PRC_02757,2026-07-01,CABLE,COPPER_HEAVY_INSULATED,Mumbai-Dharavi Cluster,410.4,459.44,KG,369.36,505.38
PRC_02758,2026-07-01,CABLE,ALUMINIUM_WIRE,Mumbai-Dharavi Cluster,100.4,124.44,KG,90.36,136.88
PRC_02759,2026-07-01,BATTERY,LEAD_ACID,Mumbai-Dharavi Cluster,75.4,91.44,KG,67.86,100.58
PRC_02760,2026-07-01,BATTERY,BATTERY_LITHIUM_PORTABLE,Mumbai-Dharavi Cluster,110.4,139.44,KG,99.36,153.38
PRC_02761,2026-07-01,DISPLAY,LCD_PANEL_INTACT,Mumbai-Dharavi Cluster,140.4,199.44,PIECE,126.36,219.38
PRC_02762,2026-07-01,DISPLAY,CRT_MONITOR,Mumbai-Dharavi Cluster,50.4,79.44,PIECE,45.36,87.38
PRC_02763,2026-07-01,PLASTIC,MIXED_EWASTE_CASING,Mumbai-Dharavi Cluster,11.7,19.7,KG,10.53,21.67
PRC_02764,2026-07-01,PCB,MOTHERBOARD_HIGH_GRADE,Bengaluru-Peenya Cluster,270.4,309.44,KG,243.36,340.38
PRC_02765,2026-07-01,PCB,POWER_SUPPLY_LOW_GRADE,Bengaluru-Peenya Cluster,35.4,49.44,KG,31.86,54.38
PRC_02766,2026-07-01,CABLE,COPPER_HEAVY_INSULATED,Bengaluru-Peenya Cluster,410.4,459.44,KG,369.36,505.38
PRC_02767,2026-07-01,CABLE,ALUMINIUM_WIRE,Bengaluru-Peenya Cluster,100.4,124.44,KG,90.36,136.88
PRC_02768,2026-07-01,BATTERY,LEAD_ACID,Bengaluru-Peenya Cluster,75.4,91.44,KG,67.86,100.58
PRC_02769,2026-07-01,BATTERY,BATTERY_LITHIUM_PORTABLE,Bengaluru-Peenya Cluster,110.4,139.44,KG,99.36,153.38
PRC_02770,2026-07-01,DISPLAY,LCD_PANEL_INTACT,Bengaluru-Peenya Cluster,140.4,199.44,PIECE,126.36,219.38
PRC_02771,2026-07-01,DISPLAY,CRT_MONITOR,Bengaluru-Peenya Cluster,50.4,79.44,PIECE,45.36,87.38
PRC_02772,2026-07-01,PLASTIC,MIXED_EWASTE_CASING,Bengaluru-Peenya Cluster,11.7,19.7,KG,10.53,21.67
PRC_02773,2026-07-01,PCB,MOTHERBOARD_HIGH_GRADE,Bhubaneswar-Cuttack Cluster,270.4,309.44,KG,243.36,340.38
PRC_02774,2026-07-01,PCB,POWER_SUPPLY_LOW_GRADE,Bhubaneswar-Cuttack Cluster,35.4,49.44,KG,31.86,54.38
PRC_02775,2026-07-01,CABLE,COPPER_HEAVY_INSULATED,Bhubaneswar-Cuttack Cluster,410.4,459.44,KG,369.36,505.38
PRC_02776,2026-07-01,CABLE,ALUMINIUM_WIRE,Bhubaneswar-Cuttack Cluster,100.4,124.44,KG,90.36,136.88
PRC_02777,2026-07-01,BATTERY,LEAD_ACID,Bhubaneswar-Cuttack Cluster,75.4,91.44,KG,67.86,100.58
PRC_02778,2026-07-01,BATTERY,BATTERY_LITHIUM_PORTABLE,Bhubaneswar-Cuttack Cluster,110.4,139.44,KG,99.36,153.38
PRC_02779,2026-07-01,DISPLAY,LCD_PANEL_INTACT,Bhubaneswar-Cuttack Cluster,140.4,199.44,PIECE,126.36,219.38
PRC_02780,2026-07-01,DISPLAY,CRT_MONITOR,Bhubaneswar-Cuttack Cluster,50.4,79.44,PIECE,45.36,87.38
PRC_02781,2026-07-01,PLASTIC,MIXED_EWASTE_CASING,Bhubaneswar-Cuttack Cluster,11.7,19.7,KG,10.53,21.67
PRC_02782,2026-07-01,PCB,MOTHERBOARD_HIGH_GRADE,Chennai-Ambattur Cluster,270.4,309.44,KG,243.36,340.38
PRC_02783,2026-07-01,PCB,POWER_SUPPLY_LOW_GRADE,Chennai-Ambattur Cluster,35.4,49.44,KG,31.86,54.38
PRC_02784,2026-07-01,CABLE,COPPER_HEAVY_INSULATED,Chennai-Ambattur Cluster,410.4,459.44,KG,369.36,505.38
PRC_02785,2026-07-01,CABLE,ALUMINIUM_WIRE,Chennai-Ambattur Cluster,100.4,124.44,KG,90.36,136.88
PRC_02786,2026-07-01,BATTERY,LEAD_ACID,Chennai-Ambattur Cluster,75.4,91.44,KG,67.86,100.58
PRC_02787,2026-07-01,BATTERY,BATTERY_LITHIUM_PORTABLE,Chennai-Ambattur Cluster,110.4,139.44,KG,99.36,153.38
PRC_02788,2026-07-01,DISPLAY,LCD_PANEL_INTACT,Chennai-Ambattur Cluster,140.4,199.44,PIECE,126.36,219.38
PRC_02789,2026-07-01,DISPLAY,CRT_MONITOR,Chennai-Ambattur Cluster,50.4,79.44,PIECE,45.36,87.38
PRC_02790,2026-07-01,PLASTIC,MIXED_EWASTE_CASING,Chennai-Ambattur Cluster,11.7,19.7,KG,10.53,21.67
PRC_02791,2026-07-02,PCB,MOTHERBOARD_HIGH_GRADE,Delhi-Mayapuri Cluster,269.35,308.29,KG,242.42,339.12
PRC_02792,2026-07-02,PCB,POWER_SUPPLY_LOW_GRADE,Delhi-Mayapuri Cluster,34.35,48.29,KG,30.92,53.12
PRC_02793,2026-07-02,CABLE,COPPER_HEAVY_INSULATED,Delhi-Mayapuri Cluster,409.35,458.29,KG,368.42,504.12
PRC_02794,2026-07-02,CABLE,ALUMINIUM_WIRE,Delhi-Mayapuri Cluster,99.35,123.29,KG,89.42,135.62
PRC_02795,2026-07-02,BATTERY,LEAD_ACID,Delhi-Mayapuri Cluster,74.35,90.29,KG,66.91,99.32
PRC_02796,2026-07-02,BATTERY,BATTERY_LITHIUM_PORTABLE,Delhi-Mayapuri Cluster,109.35,138.29,KG,98.42,152.12
PRC_02797,2026-07-02,DISPLAY,LCD_PANEL_INTACT,Delhi-Mayapuri Cluster,139.35,198.29,PIECE,125.42,218.12
PRC_02798,2026-07-02,DISPLAY,CRT_MONITOR,Delhi-Mayapuri Cluster,49.35,78.29,PIECE,44.42,86.12
PRC_02799,2026-07-02,PLASTIC,MIXED_EWASTE_CASING,Delhi-Mayapuri Cluster,11.7,19.7,KG,10.53,21.67
PRC_02800,2026-07-02,PCB,MOTHERBOARD_HIGH_GRADE,Mumbai-Dharavi Cluster,269.35,308.29,KG,242.42,339.12
PRC_02801,2026-07-02,PCB,POWER_SUPPLY_LOW_GRADE,Mumbai-Dharavi Cluster,34.35,48.29,KG,30.92,53.12
PRC_02802,2026-07-02,CABLE,COPPER_HEAVY_INSULATED,Mumbai-Dharavi Cluster,409.35,458.29,KG,368.42,504.12
PRC_02803,2026-07-02,CABLE,ALUMINIUM_WIRE,Mumbai-Dharavi Cluster,99.35,123.29,KG,89.42,135.62
PRC_02804,2026-07-02,BATTERY,LEAD_ACID,Mumbai-Dharavi Cluster,74.35,90.29,KG,66.91,99.32
PRC_02805,2026-07-02,BATTERY,BATTERY_LITHIUM_PORTABLE,Mumbai-Dharavi Cluster,109.35,138.29,KG,98.42,152.12
PRC_02806,2026-07-02,DISPLAY,LCD_PANEL_INTACT,Mumbai-Dharavi Cluster,139.35,198.29,PIECE,125.42,218.12
PRC_02807,2026-07-02,DISPLAY,CRT_MONITOR,Mumbai-Dharavi Cluster,49.35,78.29,PIECE,44.42,86.12
PRC_02808,2026-07-02,PLASTIC,MIXED_EWASTE_CASING,Mumbai-Dharavi Cluster,11.7,19.7,KG,10.53,21.67
PRC_02809,2026-07-02,PCB,MOTHERBOARD_HIGH_GRADE,Bengaluru-Peenya Cluster,269.35,308.29,KG,242.42,339.12
PRC_02810,2026-07-02,PCB,POWER_SUPPLY_LOW_GRADE,Bengaluru-Peenya Cluster,34.35,48.29,KG,30.92,53.12
PRC_02811,2026-07-02,CABLE,COPPER_HEAVY_INSULATED,Bengaluru-Peenya Cluster,409.35,458.29,KG,368.42,504.12
PRC_02812,2026-07-02,CABLE,ALUMINIUM_WIRE,Bengaluru-Peenya Cluster,99.35,123.29,KG,89.42,135.62
PRC_02813,2026-07-02,BATTERY,LEAD_ACID,Bengaluru-Peenya Cluster,74.35,90.29,KG,66.91,99.32
PRC_02814,2026-07-02,BATTERY,BATTERY_LITHIUM_PORTABLE,Bengaluru-Peenya Cluster,109.35,138.29,KG,98.42,152.12
PRC_02815,2026-07-02,DISPLAY,LCD_PANEL_INTACT,Bengaluru-Peenya Cluster,139.35,198.29,PIECE,125.42,218.12
PRC_02816,2026-07-02,DISPLAY,CRT_MONITOR,Bengaluru-Peenya Cluster,49.35,78.29,PIECE,44.42,86.12
PRC_02817,2026-07-02,PLASTIC,MIXED_EWASTE_CASING,Bengaluru-Peenya Cluster,11.7,19.7,KG,10.53,21.67
PRC_02818,2026-07-02,PCB,MOTHERBOARD_HIGH_GRADE,Bhubaneswar-Cuttack Cluster,269.35,308.29,KG,242.42,339.12
PRC_02819,2026-07-02,PCB,POWER_SUPPLY_LOW_GRADE,Bhubaneswar-Cuttack Cluster,34.35,48.29,KG,30.92,53.12
PRC_02820,2026-07-02,CABLE,COPPER_HEAVY_INSULATED,Bhubaneswar-Cuttack Cluster,409.35,458.29,KG,368.42,504.12
PRC_02821,2026-07-02,CABLE,ALUMINIUM_WIRE,Bhubaneswar-Cuttack Cluster,99.35,123.29,KG,89.42,135.62
PRC_02822,2026-07-02,BATTERY,LEAD_ACID,Bhubaneswar-Cuttack Cluster,74.35,90.29,KG,66.91,99.32
PRC_02823,2026-07-02,BATTERY,BATTERY_LITHIUM_PORTABLE,Bhubaneswar-Cuttack Cluster,109.35,138.29,KG,98.42,152.12
PRC_02824,2026-07-02,DISPLAY,LCD_PANEL_INTACT,Bhubaneswar-Cuttack Cluster,139.35,198.29,PIECE,125.42,218.12
PRC_02825,2026-07-02,DISPLAY,CRT_MONITOR,Bhubaneswar-Cuttack Cluster,49.35,78.29,PIECE,44.42,86.12
PRC_02826,2026-07-02,PLASTIC,MIXED_EWASTE_CASING,Bhubaneswar-Cuttack Cluster,11.7,19.7,KG,10.53,21.67
PRC_02827,2026-07-02,PCB,MOTHERBOARD_HIGH_GRADE,Chennai-Ambattur Cluster,269.35,308.29,KG,242.42,339.12
PRC_02828,2026-07-02,PCB,POWER_SUPPLY_LOW_GRADE,Chennai-Ambattur Cluster,34.35,48.29,KG,30.92,53.12
PRC_02829,2026-07-02,CABLE,COPPER_HEAVY_INSULATED,Chennai-Ambattur Cluster,409.35,458.29,KG,368.42,504.12
PRC_02830,2026-07-02,CABLE,ALUMINIUM_WIRE,Chennai-Ambattur Cluster,99.35,123.29,KG,89.42,135.62
PRC_02831,2026-07-02,BATTERY,LEAD_ACID,Chennai-Ambattur Cluster,74.35,90.29,KG,66.91,99.32
PRC_02832,2026-07-02,BATTERY,BATTERY_LITHIUM_PORTABLE,Chennai-Ambattur Cluster,109.35,138.29,KG,98.42,152.12
PRC_02833,2026-07-02,DISPLAY,LCD_PANEL_INTACT,Chennai-Ambattur Cluster,139.35,198.29,PIECE,125.42,218.12
PRC_02834,2026-07-02,DISPLAY,CRT_MONITOR,Chennai-Ambattur Cluster,49.35,78.29,PIECE,44.42,86.12
PRC_02835,2026-07-02,PLASTIC,MIXED_EWASTE_CASING,Chennai-Ambattur Cluster,11.7,19.7,KG,10.53,21.67
PRC_02836,2026-07-03,PCB,MOTHERBOARD_HIGH_GRADE,Delhi-Mayapuri Cluster,269.62,308.58,KG,242.66,339.44
PRC_02837,2026-07-03,PCB,POWER_SUPPLY_LOW_GRADE,Delhi-Mayapuri Cluster,34.62,48.58,KG,31.16,53.44
PRC_02838,2026-07-03,CABLE,COPPER_HEAVY_INSULATED,Delhi-Mayapuri Cluster,409.62,458.58,KG,368.66,504.44
PRC_02839,2026-07-03,CABLE,ALUMINIUM_WIRE,Delhi-Mayapuri Cluster,99.62,123.58,KG,89.66,135.94
PRC_02840,2026-07-03,BATTERY,LEAD_ACID,Delhi-Mayapuri Cluster,74.62,90.58,KG,67.16,99.64
PRC_02841,2026-07-03,BATTERY,BATTERY_LITHIUM_PORTABLE,Delhi-Mayapuri Cluster,109.62,138.58,KG,98.66,152.44
PRC_02842,2026-07-03,DISPLAY,LCD_PANEL_INTACT,Delhi-Mayapuri Cluster,139.62,198.58,PIECE,125.66,218.44
PRC_02843,2026-07-03,DISPLAY,CRT_MONITOR,Delhi-Mayapuri Cluster,49.62,78.58,PIECE,44.66,86.44
PRC_02844,2026-07-03,PLASTIC,MIXED_EWASTE_CASING,Delhi-Mayapuri Cluster,11.7,19.7,KG,10.53,21.67
PRC_02845,2026-07-03,PCB,MOTHERBOARD_HIGH_GRADE,Mumbai-Dharavi Cluster,269.62,308.58,KG,242.66,339.44
PRC_02846,2026-07-03,PCB,POWER_SUPPLY_LOW_GRADE,Mumbai-Dharavi Cluster,34.62,48.58,KG,31.16,53.44
PRC_02847,2026-07-03,CABLE,COPPER_HEAVY_INSULATED,Mumbai-Dharavi Cluster,409.62,458.58,KG,368.66,504.44
PRC_02848,2026-07-03,CABLE,ALUMINIUM_WIRE,Mumbai-Dharavi Cluster,99.62,123.58,KG,89.66,135.94
PRC_02849,2026-07-03,BATTERY,LEAD_ACID,Mumbai-Dharavi Cluster,74.62,90.58,KG,67.16,99.64
PRC_02850,2026-07-03,BATTERY,BATTERY_LITHIUM_PORTABLE,Mumbai-Dharavi Cluster,109.62,138.58,KG,98.66,152.44
PRC_02851,2026-07-03,DISPLAY,LCD_PANEL_INTACT,Mumbai-Dharavi Cluster,139.62,198.58,PIECE,125.66,218.44
PRC_02852,2026-07-03,DISPLAY,CRT_MONITOR,Mumbai-Dharavi Cluster,49.62,78.58,PIECE,44.66,86.44
PRC_02853,2026-07-03,PLASTIC,MIXED_EWASTE_CASING,Mumbai-Dharavi Cluster,11.7,19.7,KG,10.53,21.67
PRC_02854,2026-07-03,PCB,MOTHERBOARD_HIGH_GRADE,Bengaluru-Peenya Cluster,269.62,308.58,KG,242.66,339.44
PRC_02855,2026-07-03,PCB,POWER_SUPPLY_LOW_GRADE,Bengaluru-Peenya Cluster,34.62,48.58,KG,31.16,53.44
PRC_02856,2026-07-03,CABLE,COPPER_HEAVY_INSULATED,Bengaluru-Peenya Cluster,409.62,458.58,KG,368.66,504.44
PRC_02857,2026-07-03,CABLE,ALUMINIUM_WIRE,Bengaluru-Peenya Cluster,99.62,123.58,KG,89.66,135.94
PRC_02858,2026-07-03,BATTERY,LEAD_ACID,Bengaluru-Peenya Cluster,74.62,90.58,KG,67.16,99.64
PRC_02859,2026-07-03,BATTERY,BATTERY_LITHIUM_PORTABLE,Bengaluru-Peenya Cluster,109.62,138.58,KG,98.66,152.44
PRC_02860,2026-07-03,DISPLAY,LCD_PANEL_INTACT,Bengaluru-Peenya Cluster,139.62,198.58,PIECE,125.66,218.44
PRC_02861,2026-07-03,DISPLAY,CRT_MONITOR,Bengaluru-Peenya Cluster,49.62,78.58,PIECE,44.66,86.44
PRC_02862,2026-07-03,PLASTIC,MIXED_EWASTE_CASING,Bengaluru-Peenya Cluster,11.7,19.7,KG,10.53,21.67
PRC_02863,2026-07-03,PCB,MOTHERBOARD_HIGH_GRADE,Bhubaneswar-Cuttack Cluster,269.62,308.58,KG,242.66,339.44
PRC_02864,2026-07-03,PCB,POWER_SUPPLY_LOW_GRADE,Bhubaneswar-Cuttack Cluster,34.62,48.58,KG,31.16,53.44
PRC_02865,2026-07-03,CABLE,COPPER_HEAVY_INSULATED,Bhubaneswar-Cuttack Cluster,409.62,458.58,KG,368.66,504.44
PRC_02866,2026-07-03,CABLE,ALUMINIUM_WIRE,Bhubaneswar-Cuttack Cluster,99.62,123.58,KG,89.66,135.94
PRC_02867,2026-07-03,BATTERY,LEAD_ACID,Bhubaneswar-Cuttack Cluster,74.62,90.58,KG,67.16,99.64
PRC_02868,2026-07-03,BATTERY,BATTERY_LITHIUM_PORTABLE,Bhubaneswar-Cuttack Cluster,109.62,138.58,KG,98.66,152.44
PRC_02869,2026-07-03,DISPLAY,LCD_PANEL_INTACT,Bhubaneswar-Cuttack Cluster,139.62,198.58,PIECE,125.66,218.44
PRC_02870,2026-07-03,DISPLAY,CRT_MONITOR,Bhubaneswar-Cuttack Cluster,49.62,78.58,PIECE,44.66,86.44
PRC_02871,2026-07-03,PLASTIC,MIXED_EWASTE_CASING,Bhubaneswar-Cuttack Cluster,11.7,19.7,KG,10.53,21.67
PRC_02872,2026-07-03,PCB,MOTHERBOARD_HIGH_GRADE,Chennai-Ambattur Cluster,269.62,308.58,KG,242.66,339.44
PRC_02873,2026-07-03,PCB,POWER_SUPPLY_LOW_GRADE,Chennai-Ambattur Cluster,34.62,48.58,KG,31.16,53.44
PRC_02874,2026-07-03,CABLE,COPPER_HEAVY_INSULATED,Chennai-Ambattur Cluster,409.62,458.58,KG,368.66,504.44
PRC_02875,2026-07-03,CABLE,ALUMINIUM_WIRE,Chennai-Ambattur Cluster,99.62,123.58,KG,89.66,135.94
PRC_02876,2026-07-03,BATTERY,LEAD_ACID,Chennai-Ambattur Cluster,74.62,90.58,KG,67.16,99.64
PRC_02877,2026-07-03,BATTERY,BATTERY_LITHIUM_PORTABLE,Chennai-Ambattur Cluster,109.62,138.58,KG,98.66,152.44
PRC_02878,2026-07-03,DISPLAY,LCD_PANEL_INTACT,Chennai-Ambattur Cluster,139.62,198.58,PIECE,125.66,218.44
PRC_02879,2026-07-03,DISPLAY,CRT_MONITOR,Chennai-Ambattur Cluster,49.62,78.58,PIECE,44.66,86.44
PRC_02880,2026-07-03,PLASTIC,MIXED_EWASTE_CASING,Chennai-Ambattur Cluster,11.7,19.7,KG,10.53,21.67
PRC_02881,2026-07-04,PCB,MOTHERBOARD_HIGH_GRADE,Delhi-Mayapuri Cluster,273.09,312.39,KG,245.78,343.63
PRC_02882,2026-07-04,PCB,POWER_SUPPLY_LOW_GRADE,Delhi-Mayapuri Cluster,38.09,52.39,KG,34.28,57.63
PRC_02883,2026-07-04,CABLE,COPPER_HEAVY_INSULATED,Delhi-Mayapuri Cluster,413.09,462.39,KG,371.78,508.63
PRC_02884,2026-07-04,CABLE,ALUMINIUM_WIRE,Delhi-Mayapuri Cluster,103.09,127.39,KG,92.78,140.13
PRC_02885,2026-07-04,BATTERY,LEAD_ACID,Delhi-Mayapuri Cluster,78.09,94.39,KG,70.28,103.83
PRC_02886,2026-07-04,BATTERY,BATTERY_LITHIUM_PORTABLE,Delhi-Mayapuri Cluster,113.09,142.39,KG,101.78,156.63
PRC_02887,2026-07-04,DISPLAY,LCD_PANEL_INTACT,Delhi-Mayapuri Cluster,143.09,202.39,PIECE,128.78,222.63
PRC_02888,2026-07-04,DISPLAY,CRT_MONITOR,Delhi-Mayapuri Cluster,53.09,82.39,PIECE,47.78,90.63
PRC_02889,2026-07-04,PLASTIC,MIXED_EWASTE_CASING,Delhi-Mayapuri Cluster,11.7,19.7,KG,10.53,21.67
PRC_02890,2026-07-04,PCB,MOTHERBOARD_HIGH_GRADE,Mumbai-Dharavi Cluster,273.09,312.39,KG,245.78,343.63
PRC_02891,2026-07-04,PCB,POWER_SUPPLY_LOW_GRADE,Mumbai-Dharavi Cluster,38.09,52.39,KG,34.28,57.63
PRC_02892,2026-07-04,CABLE,COPPER_HEAVY_INSULATED,Mumbai-Dharavi Cluster,413.09,462.39,KG,371.78,508.63
PRC_02893,2026-07-04,CABLE,ALUMINIUM_WIRE,Mumbai-Dharavi Cluster,103.09,127.39,KG,92.78,140.13
PRC_02894,2026-07-04,BATTERY,LEAD_ACID,Mumbai-Dharavi Cluster,78.09,94.39,KG,70.28,103.83
PRC_02895,2026-07-04,BATTERY,BATTERY_LITHIUM_PORTABLE,Mumbai-Dharavi Cluster,113.09,142.39,KG,101.78,156.63
PRC_02896,2026-07-04,DISPLAY,LCD_PANEL_INTACT,Mumbai-Dharavi Cluster,143.09,202.39,PIECE,128.78,222.63
PRC_02897,2026-07-04,DISPLAY,CRT_MONITOR,Mumbai-Dharavi Cluster,53.09,82.39,PIECE,47.78,90.63
PRC_02898,2026-07-04,PLASTIC,MIXED_EWASTE_CASING,Mumbai-Dharavi Cluster,11.7,19.7,KG,10.53,21.67
PRC_02899,2026-07-04,PCB,MOTHERBOARD_HIGH_GRADE,Bengaluru-Peenya Cluster,273.09,312.39,KG,245.78,343.63
PRC_02900,2026-07-04,PCB,POWER_SUPPLY_LOW_GRADE,Bengaluru-Peenya Cluster,38.09,52.39,KG,34.28,57.63
PRC_02901,2026-07-04,CABLE,COPPER_HEAVY_INSULATED,Bengaluru-Peenya Cluster,413.09,462.39,KG,371.78,508.63
PRC_02902,2026-07-04,CABLE,ALUMINIUM_WIRE,Bengaluru-Peenya Cluster,103.09,127.39,KG,92.78,140.13
PRC_02903,2026-07-04,BATTERY,LEAD_ACID,Bengaluru-Peenya Cluster,78.09,94.39,KG,70.28,103.83
PRC_02904,2026-07-04,BATTERY,BATTERY_LITHIUM_PORTABLE,Bengaluru-Peenya Cluster,113.09,142.39,KG,101.78,156.63
PRC_02905,2026-07-04,DISPLAY,LCD_PANEL_INTACT,Bengaluru-Peenya Cluster,143.09,202.39,PIECE,128.78,222.63
PRC_02906,2026-07-04,DISPLAY,CRT_MONITOR,Bengaluru-Peenya Cluster,53.09,82.39,PIECE,47.78,90.63
PRC_02907,2026-07-04,PLASTIC,MIXED_EWASTE_CASING,Bengaluru-Peenya Cluster,11.7,19.7,KG,10.53,21.67
PRC_02908,2026-07-04,PCB,MOTHERBOARD_HIGH_GRADE,Bhubaneswar-Cuttack Cluster,273.09,312.39,KG,245.78,343.63
PRC_02909,2026-07-04,PCB,POWER_SUPPLY_LOW_GRADE,Bhubaneswar-Cuttack Cluster,38.09,52.39,KG,34.28,57.63
PRC_02910,2026-07-04,CABLE,COPPER_HEAVY_INSULATED,Bhubaneswar-Cuttack Cluster,413.09,462.39,KG,371.78,508.63
PRC_02911,2026-07-04,CABLE,ALUMINIUM_WIRE,Bhubaneswar-Cuttack Cluster,103.09,127.39,KG,92.78,140.13
PRC_02912,2026-07-04,BATTERY,LEAD_ACID,Bhubaneswar-Cuttack Cluster,78.09,94.39,KG,70.28,103.83
PRC_02913,2026-07-04,BATTERY,BATTERY_LITHIUM_PORTABLE,Bhubaneswar-Cuttack Cluster,113.09,142.39,KG,101.78,156.63
PRC_02914,2026-07-04,DISPLAY,LCD_PANEL_INTACT,Bhubaneswar-Cuttack Cluster,143.09,202.39,PIECE,128.78,222.63
PRC_02915,2026-07-04,DISPLAY,CRT_MONITOR,Bhubaneswar-Cuttack Cluster,53.09,82.39,PIECE,47.78,90.63
PRC_02916,2026-07-04,PLASTIC,MIXED_EWASTE_CASING,Bhubaneswar-Cuttack Cluster,11.7,19.7,KG,10.53,21.67
PRC_02917,2026-07-04,PCB,MOTHERBOARD_HIGH_GRADE,Chennai-Ambattur Cluster,273.09,312.39,KG,245.78,343.63
PRC_02918,2026-07-04,PCB,POWER_SUPPLY_LOW_GRADE,Chennai-Ambattur Cluster,38.09,52.39,KG,34.28,57.63
PRC_02919,2026-07-04,CABLE,COPPER_HEAVY_INSULATED,Chennai-Ambattur Cluster,413.09,462.39,KG,371.78,508.63
PRC_02920,2026-07-04,CABLE,ALUMINIUM_WIRE,Chennai-Ambattur Cluster,103.09,127.39,KG,92.78,140.13
PRC_02921,2026-07-04,BATTERY,LEAD_ACID,Chennai-Ambattur Cluster,78.09,94.39,KG,70.28,103.83
PRC_02922,2026-07-04,BATTERY,BATTERY_LITHIUM_PORTABLE,Chennai-Ambattur Cluster,113.09,142.39,KG,101.78,156.63
PRC_02923,2026-07-04,DISPLAY,LCD_PANEL_INTACT,Chennai-Ambattur Cluster,143.09,202.39,PIECE,128.78,222.63
PRC_02924,2026-07-04,DISPLAY,CRT_MONITOR,Chennai-Ambattur Cluster,53.09,82.39,PIECE,47.78,90.63
PRC_02925,2026-07-04,PLASTIC,MIXED_EWASTE_CASING,Chennai-Ambattur Cluster,11.7,19.7,KG,10.53,21.67
PRC_02926,2026-07-05,PCB,MOTHERBOARD_HIGH_GRADE,Delhi-Mayapuri Cluster,274.41,313.85,KG,246.97,345.24
PRC_02927,2026-07-05,PCB,POWER_SUPPLY_LOW_GRADE,Delhi-Mayapuri Cluster,39.41,53.85,KG,35.47,59.24
PRC_02928,2026-07-05,CABLE,COPPER_HEAVY_INSULATED,Delhi-Mayapuri Cluster,414.41,463.85,KG,372.97,510.24
PRC_02929,2026-07-05,CABLE,ALUMINIUM_WIRE,Delhi-Mayapuri Cluster,104.41,128.85,KG,93.97,141.74
PRC_02930,2026-07-05,BATTERY,LEAD_ACID,Delhi-Mayapuri Cluster,79.41,95.85,KG,71.47,105.44
PRC_02931,2026-07-05,BATTERY,BATTERY_LITHIUM_PORTABLE,Delhi-Mayapuri Cluster,114.41,143.85,KG,102.97,158.24
PRC_02932,2026-07-05,DISPLAY,LCD_PANEL_INTACT,Delhi-Mayapuri Cluster,144.41,203.85,PIECE,129.97,224.24
PRC_02933,2026-07-05,DISPLAY,CRT_MONITOR,Delhi-Mayapuri Cluster,54.41,83.85,PIECE,48.97,92.24
PRC_02934,2026-07-05,PLASTIC,MIXED_EWASTE_CASING,Delhi-Mayapuri Cluster,12.41,20.41,KG,11.17,22.45
PRC_02935,2026-07-05,PCB,MOTHERBOARD_HIGH_GRADE,Mumbai-Dharavi Cluster,274.41,313.85,KG,246.97,345.24
PRC_02936,2026-07-05,PCB,POWER_SUPPLY_LOW_GRADE,Mumbai-Dharavi Cluster,39.41,53.85,KG,35.47,59.24
PRC_02937,2026-07-05,CABLE,COPPER_HEAVY_INSULATED,Mumbai-Dharavi Cluster,414.41,463.85,KG,372.97,510.24
PRC_02938,2026-07-05,CABLE,ALUMINIUM_WIRE,Mumbai-Dharavi Cluster,104.41,128.85,KG,93.97,141.74
PRC_02939,2026-07-05,BATTERY,LEAD_ACID,Mumbai-Dharavi Cluster,79.41,95.85,KG,71.47,105.44
PRC_02940,2026-07-05,BATTERY,BATTERY_LITHIUM_PORTABLE,Mumbai-Dharavi Cluster,114.41,143.85,KG,102.97,158.24
PRC_02941,2026-07-05,DISPLAY,LCD_PANEL_INTACT,Mumbai-Dharavi Cluster,144.41,203.85,PIECE,129.97,224.24
PRC_02942,2026-07-05,DISPLAY,CRT_MONITOR,Mumbai-Dharavi Cluster,54.41,83.85,PIECE,48.97,92.24
PRC_02943,2026-07-05,PLASTIC,MIXED_EWASTE_CASING,Mumbai-Dharavi Cluster,12.41,20.41,KG,11.17,22.45
PRC_02944,2026-07-05,PCB,MOTHERBOARD_HIGH_GRADE,Bengaluru-Peenya Cluster,274.41,313.85,KG,246.97,345.24
PRC_02945,2026-07-05,PCB,POWER_SUPPLY_LOW_GRADE,Bengaluru-Peenya Cluster,39.41,53.85,KG,35.47,59.24
PRC_02946,2026-07-05,CABLE,COPPER_HEAVY_INSULATED,Bengaluru-Peenya Cluster,414.41,463.85,KG,372.97,510.24
PRC_02947,2026-07-05,CABLE,ALUMINIUM_WIRE,Bengaluru-Peenya Cluster,104.41,128.85,KG,93.97,141.74
PRC_02948,2026-07-05,BATTERY,LEAD_ACID,Bengaluru-Peenya Cluster,79.41,95.85,KG,71.47,105.44
PRC_02949,2026-07-05,BATTERY,BATTERY_LITHIUM_PORTABLE,Bengaluru-Peenya Cluster,114.41,143.85,KG,102.97,158.24
PRC_02950,2026-07-05,DISPLAY,LCD_PANEL_INTACT,Bengaluru-Peenya Cluster,144.41,203.85,PIECE,129.97,224.24
PRC_02951,2026-07-05,DISPLAY,CRT_MONITOR,Bengaluru-Peenya Cluster,54.41,83.85,PIECE,48.97,92.24
PRC_02952,2026-07-05,PLASTIC,MIXED_EWASTE_CASING,Bengaluru-Peenya Cluster,12.41,20.41,KG,11.17,22.45
PRC_02953,2026-07-05,PCB,MOTHERBOARD_HIGH_GRADE,Bhubaneswar-Cuttack Cluster,274.41,313.85,KG,246.97,345.24
PRC_02954,2026-07-05,PCB,POWER_SUPPLY_LOW_GRADE,Bhubaneswar-Cuttack Cluster,39.41,53.85,KG,35.47,59.24
PRC_02955,2026-07-05,CABLE,COPPER_HEAVY_INSULATED,Bhubaneswar-Cuttack Cluster,414.41,463.85,KG,372.97,510.24
PRC_02956,2026-07-05,CABLE,ALUMINIUM_WIRE,Bhubaneswar-Cuttack Cluster,104.41,128.85,KG,93.97,141.74
PRC_02957,2026-07-05,BATTERY,LEAD_ACID,Bhubaneswar-Cuttack Cluster,79.41,95.85,KG,71.47,105.44
PRC_02958,2026-07-05,BATTERY,BATTERY_LITHIUM_PORTABLE,Bhubaneswar-Cuttack Cluster,114.41,143.85,KG,102.97,158.24
PRC_02959,2026-07-05,DISPLAY,LCD_PANEL_INTACT,Bhubaneswar-Cuttack Cluster,144.41,203.85,PIECE,129.97,224.24
PRC_02960,2026-07-05,DISPLAY,CRT_MONITOR,Bhubaneswar-Cuttack Cluster,54.41,83.85,PIECE,48.97,92.24
PRC_02961,2026-07-05,PLASTIC,MIXED_EWASTE_CASING,Bhubaneswar-Cuttack Cluster,12.41,20.41,KG,11.17,22.45
PRC_02962,2026-07-05,PCB,MOTHERBOARD_HIGH_GRADE,Chennai-Ambattur Cluster,274.41,313.85,KG,246.97,345.24
PRC_02963,2026-07-05,PCB,POWER_SUPPLY_LOW_GRADE,Chennai-Ambattur Cluster,39.41,53.85,KG,35.47,59.24
PRC_02964,2026-07-05,CABLE,COPPER_HEAVY_INSULATED,Chennai-Ambattur Cluster,414.41,463.85,KG,372.97,510.24
PRC_02965,2026-07-05,CABLE,ALUMINIUM_WIRE,Chennai-Ambattur Cluster,104.41,128.85,KG,93.97,141.74
PRC_02966,2026-07-05,BATTERY,LEAD_ACID,Chennai-Ambattur Cluster,79.41,95.85,KG,71.47,105.44
PRC_02967,2026-07-05,BATTERY,BATTERY_LITHIUM_PORTABLE,Chennai-Ambattur Cluster,114.41,143.85,KG,102.97,158.24
PRC_02968,2026-07-05,DISPLAY,LCD_PANEL_INTACT,Chennai-Ambattur Cluster,144.41,203.85,PIECE,129.97,224.24
PRC_02969,2026-07-05,DISPLAY,CRT_MONITOR,Chennai-Ambattur Cluster,54.41,83.85,PIECE,48.97,92.24
PRC_02970,2026-07-05,PLASTIC,MIXED_EWASTE_CASING,Chennai-Ambattur Cluster,12.41,20.41,KG,11.17,22.45
PRC_02971,2026-07-06,PCB,MOTHERBOARD_HIGH_GRADE,Delhi-Mayapuri Cluster,272.84,312.12,KG,245.56,343.33
PRC_02972,2026-07-06,PCB,POWER_SUPPLY_LOW_GRADE,Delhi-Mayapuri Cluster,37.84,52.12,KG,34.06,57.33
PRC_02973,2026-07-06,CABLE,COPPER_HEAVY_INSULATED,Delhi-Mayapuri Cluster,412.84,462.12,KG,371.56,508.33
PRC_02974,2026-07-06,CABLE,ALUMINIUM_WIRE,Delhi-Mayapuri Cluster,102.84,127.12,KG,92.56,139.83
PRC_02975,2026-07-06,BATTERY,LEAD_ACID,Delhi-Mayapuri Cluster,77.84,94.12,KG,70.06,103.53
PRC_02976,2026-07-06,BATTERY,BATTERY_LITHIUM_PORTABLE,Delhi-Mayapuri Cluster,112.84,142.12,KG,101.56,156.33
PRC_02977,2026-07-06,DISPLAY,LCD_PANEL_INTACT,Delhi-Mayapuri Cluster,142.84,202.12,PIECE,128.56,222.33
PRC_02978,2026-07-06,DISPLAY,CRT_MONITOR,Delhi-Mayapuri Cluster,52.84,82.12,PIECE,47.56,90.33
PRC_02979,2026-07-06,PLASTIC,MIXED_EWASTE_CASING,Delhi-Mayapuri Cluster,11.7,19.7,KG,10.53,21.67
PRC_02980,2026-07-06,PCB,MOTHERBOARD_HIGH_GRADE,Mumbai-Dharavi Cluster,272.84,312.12,KG,245.56,343.33
PRC_02981,2026-07-06,PCB,POWER_SUPPLY_LOW_GRADE,Mumbai-Dharavi Cluster,37.84,52.12,KG,34.06,57.33
PRC_02982,2026-07-06,CABLE,COPPER_HEAVY_INSULATED,Mumbai-Dharavi Cluster,412.84,462.12,KG,371.56,508.33
PRC_02983,2026-07-06,CABLE,ALUMINIUM_WIRE,Mumbai-Dharavi Cluster,102.84,127.12,KG,92.56,139.83
PRC_02984,2026-07-06,BATTERY,LEAD_ACID,Mumbai-Dharavi Cluster,77.84,94.12,KG,70.06,103.53
PRC_02985,2026-07-06,BATTERY,BATTERY_LITHIUM_PORTABLE,Mumbai-Dharavi Cluster,112.84,142.12,KG,101.56,156.33
PRC_02986,2026-07-06,DISPLAY,LCD_PANEL_INTACT,Mumbai-Dharavi Cluster,142.84,202.12,PIECE,128.56,222.33
PRC_02987,2026-07-06,DISPLAY,CRT_MONITOR,Mumbai-Dharavi Cluster,52.84,82.12,PIECE,47.56,90.33
PRC_02988,2026-07-06,PLASTIC,MIXED_EWASTE_CASING,Mumbai-Dharavi Cluster,11.7,19.7,KG,10.53,21.67
PRC_02989,2026-07-06,PCB,MOTHERBOARD_HIGH_GRADE,Bengaluru-Peenya Cluster,272.84,312.12,KG,245.56,343.33
PRC_02990,2026-07-06,PCB,POWER_SUPPLY_LOW_GRADE,Bengaluru-Peenya Cluster,37.84,52.12,KG,34.06,57.33
PRC_02991,2026-07-06,CABLE,COPPER_HEAVY_INSULATED,Bengaluru-Peenya Cluster,412.84,462.12,KG,371.56,508.33
PRC_02992,2026-07-06,CABLE,ALUMINIUM_WIRE,Bengaluru-Peenya Cluster,102.84,127.12,KG,92.56,139.83
PRC_02993,2026-07-06,BATTERY,LEAD_ACID,Bengaluru-Peenya Cluster,77.84,94.12,KG,70.06,103.53
PRC_02994,2026-07-06,BATTERY,BATTERY_LITHIUM_PORTABLE,Bengaluru-Peenya Cluster,112.84,142.12,KG,101.56,156.33
PRC_02995,2026-07-06,DISPLAY,LCD_PANEL_INTACT,Bengaluru-Peenya Cluster,142.84,202.12,PIECE,128.56,222.33
PRC_02996,2026-07-06,DISPLAY,CRT_MONITOR,Bengaluru-Peenya Cluster,52.84,82.12,PIECE,47.56,90.33
PRC_02997,2026-07-06,PLASTIC,MIXED_EWASTE_CASING,Bengaluru-Peenya Cluster,11.7,19.7,KG,10.53,21.67
PRC_02998,2026-07-06,PCB,MOTHERBOARD_HIGH_GRADE,Bhubaneswar-Cuttack Cluster,272.84,312.12,KG,245.56,343.33
PRC_02999,2026-07-06,PCB,POWER_SUPPLY_LOW_GRADE,Bhubaneswar-Cuttack Cluster,37.84,52.12,KG,34.06,57.33
PRC_03000,2026-07-06,CABLE,COPPER_HEAVY_INSULATED,Bhubaneswar-Cuttack Cluster,412.84,462.12,KG,371.56,508.33
PRC_03001,2026-07-06,CABLE,ALUMINIUM_WIRE,Bhubaneswar-Cuttack Cluster,102.84,127.12,KG,92.56,139.83
PRC_03002,2026-07-06,BATTERY,LEAD_ACID,Bhubaneswar-Cuttack Cluster,77.84,94.12,KG,70.06,103.53
PRC_03003,2026-07-06,BATTERY,BATTERY_LITHIUM_PORTABLE,Bhubaneswar-Cuttack Cluster,112.84,142.12,KG,101.56,156.33
PRC_03004,2026-07-06,DISPLAY,LCD_PANEL_INTACT,Bhubaneswar-Cuttack Cluster,142.84,202.12,PIECE,128.56,222.33
PRC_03005,2026-07-06,DISPLAY,CRT_MONITOR,Bhubaneswar-Cuttack Cluster,52.84,82.12,PIECE,47.56,90.33
PRC_03006,2026-07-06,PLASTIC,MIXED_EWASTE_CASING,Bhubaneswar-Cuttack Cluster,11.7,19.7,KG,10.53,21.67
PRC_03007,2026-07-06,PCB,MOTHERBOARD_HIGH_GRADE,Chennai-Ambattur Cluster,272.84,312.12,KG,245.56,343.33
PRC_03008,2026-07-06,PCB,POWER_SUPPLY_LOW_GRADE,Chennai-Ambattur Cluster,37.84,52.12,KG,34.06,57.33
PRC_03009,2026-07-06,CABLE,COPPER_HEAVY_INSULATED,Chennai-Ambattur Cluster,412.84,462.12,KG,371.56,508.33
PRC_03010,2026-07-06,CABLE,ALUMINIUM_WIRE,Chennai-Ambattur Cluster,102.84,127.12,KG,92.56,139.83
PRC_03011,2026-07-06,BATTERY,LEAD_ACID,Chennai-Ambattur Cluster,77.84,94.12,KG,70.06,103.53
PRC_03012,2026-07-06,BATTERY,BATTERY_LITHIUM_PORTABLE,Chennai-Ambattur Cluster,112.84,142.12,KG,101.56,156.33
PRC_03013,2026-07-06,DISPLAY,LCD_PANEL_INTACT,Chennai-Ambattur Cluster,142.84,202.12,PIECE,128.56,222.33
PRC_03014,2026-07-06,DISPLAY,CRT_MONITOR,Chennai-Ambattur Cluster,52.84,82.12,PIECE,47.56,90.33
PRC_03015,2026-07-06,PLASTIC,MIXED_EWASTE_CASING,Chennai-Ambattur Cluster,11.7,19.7,KG,10.53,21.67
PRC_03016,2026-07-07,PCB,MOTHERBOARD_HIGH_GRADE,Delhi-Mayapuri Cluster,275.06,314.57,KG,247.55,346.03
PRC_03017,2026-07-07,PCB,POWER_SUPPLY_LOW_GRADE,Delhi-Mayapuri Cluster,40.06,54.57,KG,36.05,60.03
PRC_03018,2026-07-07,CABLE,COPPER_HEAVY_INSULATED,Delhi-Mayapuri Cluster,415.06,464.57,KG,373.55,511.03
PRC_03019,2026-07-07,CABLE,ALUMINIUM_WIRE,Delhi-Mayapuri Cluster,105.06,129.57,KG,94.55,142.53
PRC_03020,2026-07-07,BATTERY,LEAD_ACID,Delhi-Mayapuri Cluster,80.06,96.57,KG,72.05,106.23
PRC_03021,2026-07-07,BATTERY,BATTERY_LITHIUM_PORTABLE,Delhi-Mayapuri Cluster,115.06,144.57,KG,103.55,159.03
PRC_03022,2026-07-07,DISPLAY,LCD_PANEL_INTACT,Delhi-Mayapuri Cluster,145.06,204.57,PIECE,130.55,225.03
PRC_03023,2026-07-07,DISPLAY,CRT_MONITOR,Delhi-Mayapuri Cluster,55.06,84.57,PIECE,49.55,93.03
PRC_03024,2026-07-07,PLASTIC,MIXED_EWASTE_CASING,Delhi-Mayapuri Cluster,13.06,21.06,KG,11.75,23.17
PRC_03025,2026-07-07,PCB,MOTHERBOARD_HIGH_GRADE,Mumbai-Dharavi Cluster,275.06,314.57,KG,247.55,346.03
PRC_03026,2026-07-07,PCB,POWER_SUPPLY_LOW_GRADE,Mumbai-Dharavi Cluster,40.06,54.57,KG,36.05,60.03
PRC_03027,2026-07-07,CABLE,COPPER_HEAVY_INSULATED,Mumbai-Dharavi Cluster,415.06,464.57,KG,373.55,511.03
PRC_03028,2026-07-07,CABLE,ALUMINIUM_WIRE,Mumbai-Dharavi Cluster,105.06,129.57,KG,94.55,142.53
PRC_03029,2026-07-07,BATTERY,LEAD_ACID,Mumbai-Dharavi Cluster,80.06,96.57,KG,72.05,106.23
PRC_03030,2026-07-07,BATTERY,BATTERY_LITHIUM_PORTABLE,Mumbai-Dharavi Cluster,115.06,144.57,KG,103.55,159.03
PRC_03031,2026-07-07,DISPLAY,LCD_PANEL_INTACT,Mumbai-Dharavi Cluster,145.06,204.57,PIECE,130.55,225.03
PRC_03032,2026-07-07,DISPLAY,CRT_MONITOR,Mumbai-Dharavi Cluster,55.06,84.57,PIECE,49.55,93.03
PRC_03033,2026-07-07,PLASTIC,MIXED_EWASTE_CASING,Mumbai-Dharavi Cluster,13.06,21.06,KG,11.75,23.17
PRC_03034,2026-07-07,PCB,MOTHERBOARD_HIGH_GRADE,Bengaluru-Peenya Cluster,275.06,314.57,KG,247.55,346.03
PRC_03035,2026-07-07,PCB,POWER_SUPPLY_LOW_GRADE,Bengaluru-Peenya Cluster,40.06,54.57,KG,36.05,60.03
PRC_03036,2026-07-07,CABLE,COPPER_HEAVY_INSULATED,Bengaluru-Peenya Cluster,415.06,464.57,KG,373.55,511.03
PRC_03037,2026-07-07,CABLE,ALUMINIUM_WIRE,Bengaluru-Peenya Cluster,105.06,129.57,KG,94.55,142.53
PRC_03038,2026-07-07,BATTERY,LEAD_ACID,Bengaluru-Peenya Cluster,80.06,96.57,KG,72.05,106.23
PRC_03039,2026-07-07,BATTERY,BATTERY_LITHIUM_PORTABLE,Bengaluru-Peenya Cluster,115.06,144.57,KG,103.55,159.03
PRC_03040,2026-07-07,DISPLAY,LCD_PANEL_INTACT,Bengaluru-Peenya Cluster,145.06,204.57,PIECE,130.55,225.03
PRC_03041,2026-07-07,DISPLAY,CRT_MONITOR,Bengaluru-Peenya Cluster,55.06,84.57,PIECE,49.55,93.03
PRC_03042,2026-07-07,PLASTIC,MIXED_EWASTE_CASING,Bengaluru-Peenya Cluster,13.06,21.06,KG,11.75,23.17
PRC_03043,2026-07-07,PCB,MOTHERBOARD_HIGH_GRADE,Bhubaneswar-Cuttack Cluster,275.06,314.57,KG,247.55,346.03
PRC_03044,2026-07-07,PCB,POWER_SUPPLY_LOW_GRADE,Bhubaneswar-Cuttack Cluster,40.06,54.57,KG,36.05,60.03
PRC_03045,2026-07-07,CABLE,COPPER_HEAVY_INSULATED,Bhubaneswar-Cuttack Cluster,415.06,464.57,KG,373.55,511.03
PRC_03046,2026-07-07,CABLE,ALUMINIUM_WIRE,Bhubaneswar-Cuttack Cluster,105.06,129.57,KG,94.55,142.53
PRC_03047,2026-07-07,BATTERY,LEAD_ACID,Bhubaneswar-Cuttack Cluster,80.06,96.57,KG,72.05,106.23
PRC_03048,2026-07-07,BATTERY,BATTERY_LITHIUM_PORTABLE,Bhubaneswar-Cuttack Cluster,115.06,144.57,KG,103.55,159.03
PRC_03049,2026-07-07,DISPLAY,LCD_PANEL_INTACT,Bhubaneswar-Cuttack Cluster,145.06,204.57,PIECE,130.55,225.03
PRC_03050,2026-07-07,DISPLAY,CRT_MONITOR,Bhubaneswar-Cuttack Cluster,55.06,84.57,PIECE,49.55,93.03
PRC_03051,2026-07-07,PLASTIC,MIXED_EWASTE_CASING,Bhubaneswar-Cuttack Cluster,13.06,21.06,KG,11.75,23.17
PRC_03052,2026-07-07,PCB,MOTHERBOARD_HIGH_GRADE,Chennai-Ambattur Cluster,275.06,314.57,KG,247.55,346.03
PRC_03053,2026-07-07,PCB,POWER_SUPPLY_LOW_GRADE,Chennai-Ambattur Cluster,40.06,54.57,KG,36.05,60.03
PRC_03054,2026-07-07,CABLE,COPPER_HEAVY_INSULATED,Chennai-Ambattur Cluster,415.06,464.57,KG,373.55,511.03
PRC_03055,2026-07-07,CABLE,ALUMINIUM_WIRE,Chennai-Ambattur Cluster,105.06,129.57,KG,94.55,142.53
PRC_03056,2026-07-07,BATTERY,LEAD_ACID,Chennai-Ambattur Cluster,80.06,96.57,KG,72.05,106.23
PRC_03057,2026-07-07,BATTERY,BATTERY_LITHIUM_PORTABLE,Chennai-Ambattur Cluster,115.06,144.57,KG,103.55,159.03
PRC_03058,2026-07-07,DISPLAY,LCD_PANEL_INTACT,Chennai-Ambattur Cluster,145.06,204.57,PIECE,130.55,225.03
PRC_03059,2026-07-07,DISPLAY,CRT_MONITOR,Chennai-Ambattur Cluster,55.06,84.57,PIECE,49.55,93.03
PRC_03060,2026-07-07,PLASTIC,MIXED_EWASTE_CASING,Chennai-Ambattur Cluster,13.06,21.06,KG,11.75,23.17
PRC_03061,2026-07-08,PCB,MOTHERBOARD_HIGH_GRADE,Delhi-Mayapuri Cluster,274.76,314.24,KG,247.28,345.66
PRC_03062,2026-07-08,PCB,POWER_SUPPLY_LOW_GRADE,Delhi-Mayapuri Cluster,39.76,54.24,KG,35.78,59.66
PRC_03063,2026-07-08,CABLE,COPPER_HEAVY_INSULATED,Delhi-Mayapuri Cluster,414.76,464.24,KG,373.28,510.66
PRC_03064,2026-07-08,CABLE,ALUMINIUM_WIRE,Delhi-Mayapuri Cluster,104.76,129.24,KG,94.28,142.16
PRC_03065,2026-07-08,BATTERY,LEAD_ACID,Delhi-Mayapuri Cluster,79.76,96.24,KG,71.78,105.86
PRC_03066,2026-07-08,BATTERY,BATTERY_LITHIUM_PORTABLE,Delhi-Mayapuri Cluster,114.76,144.24,KG,103.28,158.66
PRC_03067,2026-07-08,DISPLAY,LCD_PANEL_INTACT,Delhi-Mayapuri Cluster,144.76,204.24,PIECE,130.28,224.66
PRC_03068,2026-07-08,DISPLAY,CRT_MONITOR,Delhi-Mayapuri Cluster,54.76,84.24,PIECE,49.28,92.66
PRC_03069,2026-07-08,PLASTIC,MIXED_EWASTE_CASING,Delhi-Mayapuri Cluster,12.76,20.76,KG,11.48,22.84
PRC_03070,2026-07-08,PCB,MOTHERBOARD_HIGH_GRADE,Mumbai-Dharavi Cluster,274.76,314.24,KG,247.28,345.66
PRC_03071,2026-07-08,PCB,POWER_SUPPLY_LOW_GRADE,Mumbai-Dharavi Cluster,39.76,54.24,KG,35.78,59.66
PRC_03072,2026-07-08,CABLE,COPPER_HEAVY_INSULATED,Mumbai-Dharavi Cluster,414.76,464.24,KG,373.28,510.66
PRC_03073,2026-07-08,CABLE,ALUMINIUM_WIRE,Mumbai-Dharavi Cluster,104.76,129.24,KG,94.28,142.16
PRC_03074,2026-07-08,BATTERY,LEAD_ACID,Mumbai-Dharavi Cluster,79.76,96.24,KG,71.78,105.86
PRC_03075,2026-07-08,BATTERY,BATTERY_LITHIUM_PORTABLE,Mumbai-Dharavi Cluster,114.76,144.24,KG,103.28,158.66
PRC_03076,2026-07-08,DISPLAY,LCD_PANEL_INTACT,Mumbai-Dharavi Cluster,144.76,204.24,PIECE,130.28,224.66
PRC_03077,2026-07-08,DISPLAY,CRT_MONITOR,Mumbai-Dharavi Cluster,54.76,84.24,PIECE,49.28,92.66
PRC_03078,2026-07-08,PLASTIC,MIXED_EWASTE_CASING,Mumbai-Dharavi Cluster,12.76,20.76,KG,11.48,22.84
PRC_03079,2026-07-08,PCB,MOTHERBOARD_HIGH_GRADE,Bengaluru-Peenya Cluster,274.76,314.24,KG,247.28,345.66
PRC_03080,2026-07-08,PCB,POWER_SUPPLY_LOW_GRADE,Bengaluru-Peenya Cluster,39.76,54.24,KG,35.78,59.66
PRC_03081,2026-07-08,CABLE,COPPER_HEAVY_INSULATED,Bengaluru-Peenya Cluster,414.76,464.24,KG,373.28,510.66
PRC_03082,2026-07-08,CABLE,ALUMINIUM_WIRE,Bengaluru-Peenya Cluster,104.76,129.24,KG,94.28,142.16
PRC_03083,2026-07-08,BATTERY,LEAD_ACID,Bengaluru-Peenya Cluster,79.76,96.24,KG,71.78,105.86
PRC_03084,2026-07-08,BATTERY,BATTERY_LITHIUM_PORTABLE,Bengaluru-Peenya Cluster,114.76,144.24,KG,103.28,158.66
PRC_03085,2026-07-08,DISPLAY,LCD_PANEL_INTACT,Bengaluru-Peenya Cluster,144.76,204.24,PIECE,130.28,224.66
PRC_03086,2026-07-08,DISPLAY,CRT_MONITOR,Bengaluru-Peenya Cluster,54.76,84.24,PIECE,49.28,92.66
PRC_03087,2026-07-08,PLASTIC,MIXED_EWASTE_CASING,Bengaluru-Peenya Cluster,12.76,20.76,KG,11.48,22.84
PRC_03088,2026-07-08,PCB,MOTHERBOARD_HIGH_GRADE,Bhubaneswar-Cuttack Cluster,274.76,314.24,KG,247.28,345.66
PRC_03089,2026-07-08,PCB,POWER_SUPPLY_LOW_GRADE,Bhubaneswar-Cuttack Cluster,39.76,54.24,KG,35.78,59.66
PRC_03090,2026-07-08,CABLE,COPPER_HEAVY_INSULATED,Bhubaneswar-Cuttack Cluster,414.76,464.24,KG,373.28,510.66
PRC_03091,2026-07-08,CABLE,ALUMINIUM_WIRE,Bhubaneswar-Cuttack Cluster,104.76,129.24,KG,94.28,142.16
PRC_03092,2026-07-08,BATTERY,LEAD_ACID,Bhubaneswar-Cuttack Cluster,79.76,96.24,KG,71.78,105.86
PRC_03093,2026-07-08,BATTERY,BATTERY_LITHIUM_PORTABLE,Bhubaneswar-Cuttack Cluster,114.76,144.24,KG,103.28,158.66
PRC_03094,2026-07-08,DISPLAY,LCD_PANEL_INTACT,Bhubaneswar-Cuttack Cluster,144.76,204.24,PIECE,130.28,224.66
PRC_03095,2026-07-08,DISPLAY,CRT_MONITOR,Bhubaneswar-Cuttack Cluster,54.76,84.24,PIECE,49.28,92.66
PRC_03096,2026-07-08,PLASTIC,MIXED_EWASTE_CASING,Bhubaneswar-Cuttack Cluster,12.76,20.76,KG,11.48,22.84
PRC_03097,2026-07-08,PCB,MOTHERBOARD_HIGH_GRADE,Chennai-Ambattur Cluster,274.76,314.24,KG,247.28,345.66
PRC_03098,2026-07-08,PCB,POWER_SUPPLY_LOW_GRADE,Chennai-Ambattur Cluster,39.76,54.24,KG,35.78,59.66
PRC_03099,2026-07-08,CABLE,COPPER_HEAVY_INSULATED,Chennai-Ambattur Cluster,414.76,464.24,KG,373.28,510.66
PRC_03100,2026-07-08,CABLE,ALUMINIUM_WIRE,Chennai-Ambattur Cluster,104.76,129.24,KG,94.28,142.16
PRC_03101,2026-07-08,BATTERY,LEAD_ACID,Chennai-Ambattur Cluster,79.76,96.24,KG,71.78,105.86
PRC_03102,2026-07-08,BATTERY,BATTERY_LITHIUM_PORTABLE,Chennai-Ambattur Cluster,114.76,144.24,KG,103.28,158.66
PRC_03103,2026-07-08,DISPLAY,LCD_PANEL_INTACT,Chennai-Ambattur Cluster,144.76,204.24,PIECE,130.28,224.66
PRC_03104,2026-07-08,DISPLAY,CRT_MONITOR,Chennai-Ambattur Cluster,54.76,84.24,PIECE,49.28,92.66
PRC_03105,2026-07-08,PLASTIC,MIXED_EWASTE_CASING,Chennai-Ambattur Cluster,12.76,20.76,KG,11.48,22.84
PRC_03106,2026-07-09,PCB,MOTHERBOARD_HIGH_GRADE,Delhi-Mayapuri Cluster,273.95,313.34,KG,246.56,344.67
PRC_03107,2026-07-09,PCB,POWER_SUPPLY_LOW_GRADE,Delhi-Mayapuri Cluster,38.95,53.34,KG,35.06,58.67
PRC_03108,2026-07-09,CABLE,COPPER_HEAVY_INSULATED,Delhi-Mayapuri Cluster,413.95,463.34,KG,372.56,509.67
PRC_03109,2026-07-09,CABLE,ALUMINIUM_WIRE,Delhi-Mayapuri Cluster,103.95,128.34,KG,93.56,141.17
PRC_03110,2026-07-09,BATTERY,LEAD_ACID,Delhi-Mayapuri Cluster,78.95,95.34,KG,71.06,104.87
PRC_03111,2026-07-09,BATTERY,BATTERY_LITHIUM_PORTABLE,Delhi-Mayapuri Cluster,113.95,143.34,KG,102.56,157.67
PRC_03112,2026-07-09,DISPLAY,LCD_PANEL_INTACT,Delhi-Mayapuri Cluster,143.95,203.34,PIECE,129.56,223.67
PRC_03113,2026-07-09,DISPLAY,CRT_MONITOR,Delhi-Mayapuri Cluster,53.95,83.34,PIECE,48.56,91.67
PRC_03114,2026-07-09,PLASTIC,MIXED_EWASTE_CASING,Delhi-Mayapuri Cluster,11.95,19.95,KG,10.76,21.94
PRC_03115,2026-07-09,PCB,MOTHERBOARD_HIGH_GRADE,Mumbai-Dharavi Cluster,273.95,313.34,KG,246.56,344.67
PRC_03116,2026-07-09,PCB,POWER_SUPPLY_LOW_GRADE,Mumbai-Dharavi Cluster,38.95,53.34,KG,35.06,58.67
PRC_03117,2026-07-09,CABLE,COPPER_HEAVY_INSULATED,Mumbai-Dharavi Cluster,413.95,463.34,KG,372.56,509.67
PRC_03118,2026-07-09,CABLE,ALUMINIUM_WIRE,Mumbai-Dharavi Cluster,103.95,128.34,KG,93.56,141.17
PRC_03119,2026-07-09,BATTERY,LEAD_ACID,Mumbai-Dharavi Cluster,78.95,95.34,KG,71.06,104.87
PRC_03120,2026-07-09,BATTERY,BATTERY_LITHIUM_PORTABLE,Mumbai-Dharavi Cluster,113.95,143.34,KG,102.56,157.67
PRC_03121,2026-07-09,DISPLAY,LCD_PANEL_INTACT,Mumbai-Dharavi Cluster,143.95,203.34,PIECE,129.56,223.67
PRC_03122,2026-07-09,DISPLAY,CRT_MONITOR,Mumbai-Dharavi Cluster,53.95,83.34,PIECE,48.56,91.67
PRC_03123,2026-07-09,PLASTIC,MIXED_EWASTE_CASING,Mumbai-Dharavi Cluster,11.95,19.95,KG,10.76,21.94
PRC_03124,2026-07-09,PCB,MOTHERBOARD_HIGH_GRADE,Bengaluru-Peenya Cluster,273.95,313.34,KG,246.56,344.67
PRC_03125,2026-07-09,PCB,POWER_SUPPLY_LOW_GRADE,Bengaluru-Peenya Cluster,38.95,53.34,KG,35.06,58.67
PRC_03126,2026-07-09,CABLE,COPPER_HEAVY_INSULATED,Bengaluru-Peenya Cluster,413.95,463.34,KG,372.56,509.67
PRC_03127,2026-07-09,CABLE,ALUMINIUM_WIRE,Bengaluru-Peenya Cluster,103.95,128.34,KG,93.56,141.17
PRC_03128,2026-07-09,BATTERY,LEAD_ACID,Bengaluru-Peenya Cluster,78.95,95.34,KG,71.06,104.87
PRC_03129,2026-07-09,BATTERY,BATTERY_LITHIUM_PORTABLE,Bengaluru-Peenya Cluster,113.95,143.34,KG,102.56,157.67
PRC_03130,2026-07-09,DISPLAY,LCD_PANEL_INTACT,Bengaluru-Peenya Cluster,143.95,203.34,PIECE,129.56,223.67
PRC_03131,2026-07-09,DISPLAY,CRT_MONITOR,Bengaluru-Peenya Cluster,53.95,83.34,PIECE,48.56,91.67
PRC_03132,2026-07-09,PLASTIC,MIXED_EWASTE_CASING,Bengaluru-Peenya Cluster,11.95,19.95,KG,10.76,21.94
PRC_03133,2026-07-09,PCB,MOTHERBOARD_HIGH_GRADE,Bhubaneswar-Cuttack Cluster,273.95,313.34,KG,246.56,344.67
PRC_03134,2026-07-09,PCB,POWER_SUPPLY_LOW_GRADE,Bhubaneswar-Cuttack Cluster,38.95,53.34,KG,35.06,58.67
PRC_03135,2026-07-09,CABLE,COPPER_HEAVY_INSULATED,Bhubaneswar-Cuttack Cluster,413.95,463.34,KG,372.56,509.67
PRC_03136,2026-07-09,CABLE,ALUMINIUM_WIRE,Bhubaneswar-Cuttack Cluster,103.95,128.34,KG,93.56,141.17
PRC_03137,2026-07-09,BATTERY,LEAD_ACID,Bhubaneswar-Cuttack Cluster,78.95,95.34,KG,71.06,104.87
PRC_03138,2026-07-09,BATTERY,BATTERY_LITHIUM_PORTABLE,Bhubaneswar-Cuttack Cluster,113.95,143.34,KG,102.56,157.67
PRC_03139,2026-07-09,DISPLAY,LCD_PANEL_INTACT,Bhubaneswar-Cuttack Cluster,143.95,203.34,PIECE,129.56,223.67
PRC_03140,2026-07-09,DISPLAY,CRT_MONITOR,Bhubaneswar-Cuttack Cluster,53.95,83.34,PIECE,48.56,91.67
PRC_03141,2026-07-09,PLASTIC,MIXED_EWASTE_CASING,Bhubaneswar-Cuttack Cluster,11.95,19.95,KG,10.76,21.94
PRC_03142,2026-07-09,PCB,MOTHERBOARD_HIGH_GRADE,Chennai-Ambattur Cluster,273.95,313.34,KG,246.56,344.67
PRC_03143,2026-07-09,PCB,POWER_SUPPLY_LOW_GRADE,Chennai-Ambattur Cluster,38.95,53.34,KG,35.06,58.67
PRC_03144,2026-07-09,CABLE,COPPER_HEAVY_INSULATED,Chennai-Ambattur Cluster,413.95,463.34,KG,372.56,509.67
PRC_03145,2026-07-09,CABLE,ALUMINIUM_WIRE,Chennai-Ambattur Cluster,103.95,128.34,KG,93.56,141.17
PRC_03146,2026-07-09,BATTERY,LEAD_ACID,Chennai-Ambattur Cluster,78.95,95.34,KG,71.06,104.87
PRC_03147,2026-07-09,BATTERY,BATTERY_LITHIUM_PORTABLE,Chennai-Ambattur Cluster,113.95,143.34,KG,102.56,157.67
PRC_03148,2026-07-09,DISPLAY,LCD_PANEL_INTACT,Chennai-Ambattur Cluster,143.95,203.34,PIECE,129.56,223.67
PRC_03149,2026-07-09,DISPLAY,CRT_MONITOR,Chennai-Ambattur Cluster,53.95,83.34,PIECE,48.56,91.67
PRC_03150,2026-07-09,PLASTIC,MIXED_EWASTE_CASING,Chennai-Ambattur Cluster,11.95,19.95,KG,10.76,21.94
PRC_03151,2026-07-10,PCB,MOTHERBOARD_HIGH_GRADE,Delhi-Mayapuri Cluster,276.19,315.81,KG,248.57,347.39
PRC_03152,2026-07-10,PCB,POWER_SUPPLY_LOW_GRADE,Delhi-Mayapuri Cluster,41.19,55.81,KG,37.07,61.39
PRC_03153,2026-07-10,CABLE,COPPER_HEAVY_INSULATED,Delhi-Mayapuri Cluster,416.19,465.81,KG,374.57,512.39
PRC_03154,2026-07-10,CABLE,ALUMINIUM_WIRE,Delhi-Mayapuri Cluster,106.19,130.81,KG,95.57,143.89
PRC_03155,2026-07-10,BATTERY,LEAD_ACID,Delhi-Mayapuri Cluster,81.19,97.81,KG,73.07,107.59
PRC_03156,2026-07-10,BATTERY,BATTERY_LITHIUM_PORTABLE,Delhi-Mayapuri Cluster,116.19,145.81,KG,104.57,160.39
PRC_03157,2026-07-10,DISPLAY,LCD_PANEL_INTACT,Delhi-Mayapuri Cluster,146.19,205.81,PIECE,131.57,226.39
PRC_03158,2026-07-10,DISPLAY,CRT_MONITOR,Delhi-Mayapuri Cluster,56.19,85.81,PIECE,50.57,94.39
PRC_03159,2026-07-10,PLASTIC,MIXED_EWASTE_CASING,Delhi-Mayapuri Cluster,14.19,22.19,KG,12.77,24.41
PRC_03160,2026-07-10,PCB,MOTHERBOARD_HIGH_GRADE,Mumbai-Dharavi Cluster,276.19,315.81,KG,248.57,347.39
PRC_03161,2026-07-10,PCB,POWER_SUPPLY_LOW_GRADE,Mumbai-Dharavi Cluster,41.19,55.81,KG,37.07,61.39
PRC_03162,2026-07-10,CABLE,COPPER_HEAVY_INSULATED,Mumbai-Dharavi Cluster,416.19,465.81,KG,374.57,512.39
PRC_03163,2026-07-10,CABLE,ALUMINIUM_WIRE,Mumbai-Dharavi Cluster,106.19,130.81,KG,95.57,143.89
PRC_03164,2026-07-10,BATTERY,LEAD_ACID,Mumbai-Dharavi Cluster,81.19,97.81,KG,73.07,107.59
PRC_03165,2026-07-10,BATTERY,BATTERY_LITHIUM_PORTABLE,Mumbai-Dharavi Cluster,116.19,145.81,KG,104.57,160.39
PRC_03166,2026-07-10,DISPLAY,LCD_PANEL_INTACT,Mumbai-Dharavi Cluster,146.19,205.81,PIECE,131.57,226.39
PRC_03167,2026-07-10,DISPLAY,CRT_MONITOR,Mumbai-Dharavi Cluster,56.19,85.81,PIECE,50.57,94.39
PRC_03168,2026-07-10,PLASTIC,MIXED_EWASTE_CASING,Mumbai-Dharavi Cluster,14.19,22.19,KG,12.77,24.41
PRC_03169,2026-07-10,PCB,MOTHERBOARD_HIGH_GRADE,Bengaluru-Peenya Cluster,276.19,315.81,KG,248.57,347.39
PRC_03170,2026-07-10,PCB,POWER_SUPPLY_LOW_GRADE,Bengaluru-Peenya Cluster,41.19,55.81,KG,37.07,61.39
PRC_03171,2026-07-10,CABLE,COPPER_HEAVY_INSULATED,Bengaluru-Peenya Cluster,416.19,465.81,KG,374.57,512.39
PRC_03172,2026-07-10,CABLE,ALUMINIUM_WIRE,Bengaluru-Peenya Cluster,106.19,130.81,KG,95.57,143.89
PRC_03173,2026-07-10,BATTERY,LEAD_ACID,Bengaluru-Peenya Cluster,81.19,97.81,KG,73.07,107.59
PRC_03174,2026-07-10,BATTERY,BATTERY_LITHIUM_PORTABLE,Bengaluru-Peenya Cluster,116.19,145.81,KG,104.57,160.39
PRC_03175,2026-07-10,DISPLAY,LCD_PANEL_INTACT,Bengaluru-Peenya Cluster,146.19,205.81,PIECE,131.57,226.39
PRC_03176,2026-07-10,DISPLAY,CRT_MONITOR,Bengaluru-Peenya Cluster,56.19,85.81,PIECE,50.57,94.39
PRC_03177,2026-07-10,PLASTIC,MIXED_EWASTE_CASING,Bengaluru-Peenya Cluster,14.19,22.19,KG,12.77,24.41
PRC_03178,2026-07-10,PCB,MOTHERBOARD_HIGH_GRADE,Bhubaneswar-Cuttack Cluster,276.19,315.81,KG,248.57,347.39
PRC_03179,2026-07-10,PCB,POWER_SUPPLY_LOW_GRADE,Bhubaneswar-Cuttack Cluster,41.19,55.81,KG,37.07,61.39
PRC_03180,2026-07-10,CABLE,COPPER_HEAVY_INSULATED,Bhubaneswar-Cuttack Cluster,416.19,465.81,KG,374.57,512.39
PRC_03181,2026-07-10,CABLE,ALUMINIUM_WIRE,Bhubaneswar-Cuttack Cluster,106.19,130.81,KG,95.57,143.89
PRC_03182,2026-07-10,BATTERY,LEAD_ACID,Bhubaneswar-Cuttack Cluster,81.19,97.81,KG,73.07,107.59
PRC_03183,2026-07-10,BATTERY,BATTERY_LITHIUM_PORTABLE,Bhubaneswar-Cuttack Cluster,116.19,145.81,KG,104.57,160.39
PRC_03184,2026-07-10,DISPLAY,LCD_PANEL_INTACT,Bhubaneswar-Cuttack Cluster,146.19,205.81,PIECE,131.57,226.39
PRC_03185,2026-07-10,DISPLAY,CRT_MONITOR,Bhubaneswar-Cuttack Cluster,56.19,85.81,PIECE,50.57,94.39
PRC_03186,2026-07-10,PLASTIC,MIXED_EWASTE_CASING,Bhubaneswar-Cuttack Cluster,14.19,22.19,KG,12.77,24.41
PRC_03187,2026-07-10,PCB,MOTHERBOARD_HIGH_GRADE,Chennai-Ambattur Cluster,276.19,315.81,KG,248.57,347.39
PRC_03188,2026-07-10,PCB,POWER_SUPPLY_LOW_GRADE,Chennai-Ambattur Cluster,41.19,55.81,KG,37.07,61.39
PRC_03189,2026-07-10,CABLE,COPPER_HEAVY_INSULATED,Chennai-Ambattur Cluster,416.19,465.81,KG,374.57,512.39
PRC_03190,2026-07-10,CABLE,ALUMINIUM_WIRE,Chennai-Ambattur Cluster,106.19,130.81,KG,95.57,143.89
PRC_03191,2026-07-10,BATTERY,LEAD_ACID,Chennai-Ambattur Cluster,81.19,97.81,KG,73.07,107.59
PRC_03192,2026-07-10,BATTERY,BATTERY_LITHIUM_PORTABLE,Chennai-Ambattur Cluster,116.19,145.81,KG,104.57,160.39
PRC_03193,2026-07-10,DISPLAY,LCD_PANEL_INTACT,Chennai-Ambattur Cluster,146.19,205.81,PIECE,131.57,226.39
PRC_03194,2026-07-10,DISPLAY,CRT_MONITOR,Chennai-Ambattur Cluster,56.19,85.81,PIECE,50.57,94.39
PRC_03195,2026-07-10,PLASTIC,MIXED_EWASTE_CASING,Chennai-Ambattur Cluster,14.19,22.19,KG,12.77,24.41
PRC_03196,2026-07-11,PCB,MOTHERBOARD_HIGH_GRADE,Delhi-Mayapuri Cluster,278.72,318.6,KG,250.85,350.46
PRC_03197,2026-07-11,PCB,POWER_SUPPLY_LOW_GRADE,Delhi-Mayapuri Cluster,43.72,58.6,KG,39.35,64.46
PRC_03198,2026-07-11,CABLE,COPPER_HEAVY_INSULATED,Delhi-Mayapuri Cluster,418.72,468.6,KG,376.85,515.46
PRC_03199,2026-07-11,CABLE,ALUMINIUM_WIRE,Delhi-Mayapuri Cluster,108.72,133.6,KG,97.85,146.96
PRC_03200,2026-07-11,BATTERY,LEAD_ACID,Delhi-Mayapuri Cluster,83.72,100.6,KG,75.35,110.66
PRC_03201,2026-07-11,BATTERY,BATTERY_LITHIUM_PORTABLE,Delhi-Mayapuri Cluster,118.72,148.6,KG,106.85,163.46
PRC_03202,2026-07-11,DISPLAY,LCD_PANEL_INTACT,Delhi-Mayapuri Cluster,148.72,208.6,PIECE,133.85,229.46
PRC_03203,2026-07-11,DISPLAY,CRT_MONITOR,Delhi-Mayapuri Cluster,58.72,88.6,PIECE,52.85,97.46
PRC_03204,2026-07-11,PLASTIC,MIXED_EWASTE_CASING,Delhi-Mayapuri Cluster,16.72,24.72,KG,15.05,27.19
PRC_03205,2026-07-11,PCB,MOTHERBOARD_HIGH_GRADE,Mumbai-Dharavi Cluster,278.72,318.6,KG,250.85,350.46
PRC_03206,2026-07-11,PCB,POWER_SUPPLY_LOW_GRADE,Mumbai-Dharavi Cluster,43.72,58.6,KG,39.35,64.46
PRC_03207,2026-07-11,CABLE,COPPER_HEAVY_INSULATED,Mumbai-Dharavi Cluster,418.72,468.6,KG,376.85,515.46
PRC_03208,2026-07-11,CABLE,ALUMINIUM_WIRE,Mumbai-Dharavi Cluster,108.72,133.6,KG,97.85,146.96
PRC_03209,2026-07-11,BATTERY,LEAD_ACID,Mumbai-Dharavi Cluster,83.72,100.6,KG,75.35,110.66
PRC_03210,2026-07-11,BATTERY,BATTERY_LITHIUM_PORTABLE,Mumbai-Dharavi Cluster,118.72,148.6,KG,106.85,163.46
PRC_03211,2026-07-11,DISPLAY,LCD_PANEL_INTACT,Mumbai-Dharavi Cluster,148.72,208.6,PIECE,133.85,229.46
PRC_03212,2026-07-11,DISPLAY,CRT_MONITOR,Mumbai-Dharavi Cluster,58.72,88.6,PIECE,52.85,97.46
PRC_03213,2026-07-11,PLASTIC,MIXED_EWASTE_CASING,Mumbai-Dharavi Cluster,16.72,24.72,KG,15.05,27.19
PRC_03214,2026-07-11,PCB,MOTHERBOARD_HIGH_GRADE,Bengaluru-Peenya Cluster,278.72,318.6,KG,250.85,350.46
PRC_03215,2026-07-11,PCB,POWER_SUPPLY_LOW_GRADE,Bengaluru-Peenya Cluster,43.72,58.6,KG,39.35,64.46
PRC_03216,2026-07-11,CABLE,COPPER_HEAVY_INSULATED,Bengaluru-Peenya Cluster,418.72,468.6,KG,376.85,515.46
PRC_03217,2026-07-11,CABLE,ALUMINIUM_WIRE,Bengaluru-Peenya Cluster,108.72,133.6,KG,97.85,146.96
PRC_03218,2026-07-11,BATTERY,LEAD_ACID,Bengaluru-Peenya Cluster,83.72,100.6,KG,75.35,110.66
PRC_03219,2026-07-11,BATTERY,BATTERY_LITHIUM_PORTABLE,Bengaluru-Peenya Cluster,118.72,148.6,KG,106.85,163.46
PRC_03220,2026-07-11,DISPLAY,LCD_PANEL_INTACT,Bengaluru-Peenya Cluster,148.72,208.6,PIECE,133.85,229.46
PRC_03221,2026-07-11,DISPLAY,CRT_MONITOR,Bengaluru-Peenya Cluster,58.72,88.6,PIECE,52.85,97.46
PRC_03222,2026-07-11,PLASTIC,MIXED_EWASTE_CASING,Bengaluru-Peenya Cluster,16.72,24.72,KG,15.05,27.19
PRC_03223,2026-07-11,PCB,MOTHERBOARD_HIGH_GRADE,Bhubaneswar-Cuttack Cluster,278.72,318.6,KG,250.85,350.46
PRC_03224,2026-07-11,PCB,POWER_SUPPLY_LOW_GRADE,Bhubaneswar-Cuttack Cluster,43.72,58.6,KG,39.35,64.46
PRC_03225,2026-07-11,CABLE,COPPER_HEAVY_INSULATED,Bhubaneswar-Cuttack Cluster,418.72,468.6,KG,376.85,515.46
PRC_03226,2026-07-11,CABLE,ALUMINIUM_WIRE,Bhubaneswar-Cuttack Cluster,108.72,133.6,KG,97.85,146.96
PRC_03227,2026-07-11,BATTERY,LEAD_ACID,Bhubaneswar-Cuttack Cluster,83.72,100.6,KG,75.35,110.66
PRC_03228,2026-07-11,BATTERY,BATTERY_LITHIUM_PORTABLE,Bhubaneswar-Cuttack Cluster,118.72,148.6,KG,106.85,163.46
PRC_03229,2026-07-11,DISPLAY,LCD_PANEL_INTACT,Bhubaneswar-Cuttack Cluster,148.72,208.6,PIECE,133.85,229.46
PRC_03230,2026-07-11,DISPLAY,CRT_MONITOR,Bhubaneswar-Cuttack Cluster,58.72,88.6,PIECE,52.85,97.46
PRC_03231,2026-07-11,PLASTIC,MIXED_EWASTE_CASING,Bhubaneswar-Cuttack Cluster,16.72,24.72,KG,15.05,27.19
PRC_03232,2026-07-11,PCB,MOTHERBOARD_HIGH_GRADE,Chennai-Ambattur Cluster,278.72,318.6,KG,250.85,350.46
PRC_03233,2026-07-11,PCB,POWER_SUPPLY_LOW_GRADE,Chennai-Ambattur Cluster,43.72,58.6,KG,39.35,64.46
PRC_03234,2026-07-11,CABLE,COPPER_HEAVY_INSULATED,Chennai-Ambattur Cluster,418.72,468.6,KG,376.85,515.46
PRC_03235,2026-07-11,CABLE,ALUMINIUM_WIRE,Chennai-Ambattur Cluster,108.72,133.6,KG,97.85,146.96
PRC_03236,2026-07-11,BATTERY,LEAD_ACID,Chennai-Ambattur Cluster,83.72,100.6,KG,75.35,110.66
PRC_03237,2026-07-11,BATTERY,BATTERY_LITHIUM_PORTABLE,Chennai-Ambattur Cluster,118.72,148.6,KG,106.85,163.46
PRC_03238,2026-07-11,DISPLAY,LCD_PANEL_INTACT,Chennai-Ambattur Cluster,148.72,208.6,PIECE,133.85,229.46
PRC_03239,2026-07-11,DISPLAY,CRT_MONITOR,Chennai-Ambattur Cluster,58.72,88.6,PIECE,52.85,97.46
PRC_03240,2026-07-11,PLASTIC,MIXED_EWASTE_CASING,Chennai-Ambattur Cluster,16.72,24.72,KG,15.05,27.19
PRC_03241,2026-07-12,PCB,MOTHERBOARD_HIGH_GRADE,Delhi-Mayapuri Cluster,277.15,316.87,KG,249.43,348.56
PRC_03242,2026-07-12,PCB,POWER_SUPPLY_LOW_GRADE,Delhi-Mayapuri Cluster,42.15,56.87,KG,37.94,62.56
PRC_03243,2026-07-12,CABLE,COPPER_HEAVY_INSULATED,Delhi-Mayapuri Cluster,417.15,466.87,KG,375.44,513.56
PRC_03244,2026-07-12,CABLE,ALUMINIUM_WIRE,Delhi-Mayapuri Cluster,107.15,131.87,KG,96.44,145.06
PRC_03245,2026-07-12,BATTERY,LEAD_ACID,Delhi-Mayapuri Cluster,82.15,98.87,KG,73.94,108.76
PRC_03246,2026-07-12,BATTERY,BATTERY_LITHIUM_PORTABLE,Delhi-Mayapuri Cluster,117.15,146.87,KG,105.44,161.56
PRC_03247,2026-07-12,DISPLAY,LCD_PANEL_INTACT,Delhi-Mayapuri Cluster,147.15,206.87,PIECE,132.44,227.56
PRC_03248,2026-07-12,DISPLAY,CRT_MONITOR,Delhi-Mayapuri Cluster,57.15,86.87,PIECE,51.44,95.56
PRC_03249,2026-07-12,PLASTIC,MIXED_EWASTE_CASING,Delhi-Mayapuri Cluster,15.15,23.15,KG,13.64,25.46
PRC_03250,2026-07-12,PCB,MOTHERBOARD_HIGH_GRADE,Mumbai-Dharavi Cluster,277.15,316.87,KG,249.43,348.56
PRC_03251,2026-07-12,PCB,POWER_SUPPLY_LOW_GRADE,Mumbai-Dharavi Cluster,42.15,56.87,KG,37.94,62.56
PRC_03252,2026-07-12,CABLE,COPPER_HEAVY_INSULATED,Mumbai-Dharavi Cluster,417.15,466.87,KG,375.44,513.56
PRC_03253,2026-07-12,CABLE,ALUMINIUM_WIRE,Mumbai-Dharavi Cluster,107.15,131.87,KG,96.44,145.06
PRC_03254,2026-07-12,BATTERY,LEAD_ACID,Mumbai-Dharavi Cluster,82.15,98.87,KG,73.94,108.76
PRC_03255,2026-07-12,BATTERY,BATTERY_LITHIUM_PORTABLE,Mumbai-Dharavi Cluster,117.15,146.87,KG,105.44,161.56
PRC_03256,2026-07-12,DISPLAY,LCD_PANEL_INTACT,Mumbai-Dharavi Cluster,147.15,206.87,PIECE,132.44,227.56
PRC_03257,2026-07-12,DISPLAY,CRT_MONITOR,Mumbai-Dharavi Cluster,57.15,86.87,PIECE,51.44,95.56
PRC_03258,2026-07-12,PLASTIC,MIXED_EWASTE_CASING,Mumbai-Dharavi Cluster,15.15,23.15,KG,13.64,25.46
PRC_03259,2026-07-12,PCB,MOTHERBOARD_HIGH_GRADE,Bengaluru-Peenya Cluster,277.15,316.87,KG,249.43,348.56
PRC_03260,2026-07-12,PCB,POWER_SUPPLY_LOW_GRADE,Bengaluru-Peenya Cluster,42.15,56.87,KG,37.94,62.56
PRC_03261,2026-07-12,CABLE,COPPER_HEAVY_INSULATED,Bengaluru-Peenya Cluster,417.15,466.87,KG,375.44,513.56
PRC_03262,2026-07-12,CABLE,ALUMINIUM_WIRE,Bengaluru-Peenya Cluster,107.15,131.87,KG,96.44,145.06
PRC_03263,2026-07-12,BATTERY,LEAD_ACID,Bengaluru-Peenya Cluster,82.15,98.87,KG,73.94,108.76
PRC_03264,2026-07-12,BATTERY,BATTERY_LITHIUM_PORTABLE,Bengaluru-Peenya Cluster,117.15,146.87,KG,105.44,161.56
PRC_03265,2026-07-12,DISPLAY,LCD_PANEL_INTACT,Bengaluru-Peenya Cluster,147.15,206.87,PIECE,132.44,227.56
PRC_03266,2026-07-12,DISPLAY,CRT_MONITOR,Bengaluru-Peenya Cluster,57.15,86.87,PIECE,51.44,95.56
PRC_03267,2026-07-12,PLASTIC,MIXED_EWASTE_CASING,Bengaluru-Peenya Cluster,15.15,23.15,KG,13.64,25.46
PRC_03268,2026-07-12,PCB,MOTHERBOARD_HIGH_GRADE,Bhubaneswar-Cuttack Cluster,277.15,316.87,KG,249.43,348.56
PRC_03269,2026-07-12,PCB,POWER_SUPPLY_LOW_GRADE,Bhubaneswar-Cuttack Cluster,42.15,56.87,KG,37.94,62.56
PRC_03270,2026-07-12,CABLE,COPPER_HEAVY_INSULATED,Bhubaneswar-Cuttack Cluster,417.15,466.87,KG,375.44,513.56
PRC_03271,2026-07-12,CABLE,ALUMINIUM_WIRE,Bhubaneswar-Cuttack Cluster,107.15,131.87,KG,96.44,145.06
PRC_03272,2026-07-12,BATTERY,LEAD_ACID,Bhubaneswar-Cuttack Cluster,82.15,98.87,KG,73.94,108.76
PRC_03273,2026-07-12,BATTERY,BATTERY_LITHIUM_PORTABLE,Bhubaneswar-Cuttack Cluster,117.15,146.87,KG,105.44,161.56
PRC_03274,2026-07-12,DISPLAY,LCD_PANEL_INTACT,Bhubaneswar-Cuttack Cluster,147.15,206.87,PIECE,132.44,227.56
PRC_03275,2026-07-12,DISPLAY,CRT_MONITOR,Bhubaneswar-Cuttack Cluster,57.15,86.87,PIECE,51.44,95.56
PRC_03276,2026-07-12,PLASTIC,MIXED_EWASTE_CASING,Bhubaneswar-Cuttack Cluster,15.15,23.15,KG,13.64,25.46
PRC_03277,2026-07-12,PCB,MOTHERBOARD_HIGH_GRADE,Chennai-Ambattur Cluster,277.15,316.87,KG,249.43,348.56
PRC_03278,2026-07-12,PCB,POWER_SUPPLY_LOW_GRADE,Chennai-Ambattur Cluster,42.15,56.87,KG,37.94,62.56
PRC_03279,2026-07-12,CABLE,COPPER_HEAVY_INSULATED,Chennai-Ambattur Cluster,417.15,466.87,KG,375.44,513.56
PRC_03280,2026-07-12,CABLE,ALUMINIUM_WIRE,Chennai-Ambattur Cluster,107.15,131.87,KG,96.44,145.06
PRC_03281,2026-07-12,BATTERY,LEAD_ACID,Chennai-Ambattur Cluster,82.15,98.87,KG,73.94,108.76
PRC_03282,2026-07-12,BATTERY,BATTERY_LITHIUM_PORTABLE,Chennai-Ambattur Cluster,117.15,146.87,KG,105.44,161.56
PRC_03283,2026-07-12,DISPLAY,LCD_PANEL_INTACT,Chennai-Ambattur Cluster,147.15,206.87,PIECE,132.44,227.56
PRC_03284,2026-07-12,DISPLAY,CRT_MONITOR,Chennai-Ambattur Cluster,57.15,86.87,PIECE,51.44,95.56
PRC_03285,2026-07-12,PLASTIC,MIXED_EWASTE_CASING,Chennai-Ambattur Cluster,15.15,23.15,KG,13.64,25.46
PRC_03286,2026-07-13,PCB,MOTHERBOARD_HIGH_GRADE,Delhi-Mayapuri Cluster,280.36,320.4,KG,252.32,352.44
PRC_03287,2026-07-13,PCB,POWER_SUPPLY_LOW_GRADE,Delhi-Mayapuri Cluster,45.36,60.4,KG,40.82,66.44
PRC_03288,2026-07-13,CABLE,COPPER_HEAVY_INSULATED,Delhi-Mayapuri Cluster,420.36,470.4,KG,378.32,517.44
PRC_03289,2026-07-13,CABLE,ALUMINIUM_WIRE,Delhi-Mayapuri Cluster,110.36,135.4,KG,99.32,148.94
PRC_03290,2026-07-13,BATTERY,LEAD_ACID,Delhi-Mayapuri Cluster,85.36,102.4,KG,76.82,112.64
PRC_03291,2026-07-13,BATTERY,BATTERY_LITHIUM_PORTABLE,Delhi-Mayapuri Cluster,120.36,150.4,KG,108.32,165.44
PRC_03292,2026-07-13,DISPLAY,LCD_PANEL_INTACT,Delhi-Mayapuri Cluster,150.36,210.4,PIECE,135.32,231.44
PRC_03293,2026-07-13,DISPLAY,CRT_MONITOR,Delhi-Mayapuri Cluster,60.36,90.4,PIECE,54.32,99.44
PRC_03294,2026-07-13,PLASTIC,MIXED_EWASTE_CASING,Delhi-Mayapuri Cluster,18.36,26.4,KG,16.52,29.04
PRC_03295,2026-07-13,PCB,MOTHERBOARD_HIGH_GRADE,Mumbai-Dharavi Cluster,280.36,320.4,KG,252.32,352.44
PRC_03296,2026-07-13,PCB,POWER_SUPPLY_LOW_GRADE,Mumbai-Dharavi Cluster,45.36,60.4,KG,40.82,66.44
PRC_03297,2026-07-13,CABLE,COPPER_HEAVY_INSULATED,Mumbai-Dharavi Cluster,420.36,470.4,KG,378.32,517.44
PRC_03298,2026-07-13,CABLE,ALUMINIUM_WIRE,Mumbai-Dharavi Cluster,110.36,135.4,KG,99.32,148.94
PRC_03299,2026-07-13,BATTERY,LEAD_ACID,Mumbai-Dharavi Cluster,85.36,102.4,KG,76.82,112.64
PRC_03300,2026-07-13,BATTERY,BATTERY_LITHIUM_PORTABLE,Mumbai-Dharavi Cluster,120.36,150.4,KG,108.32,165.44
PRC_03301,2026-07-13,DISPLAY,LCD_PANEL_INTACT,Mumbai-Dharavi Cluster,150.36,210.4,PIECE,135.32,231.44
PRC_03302,2026-07-13,DISPLAY,CRT_MONITOR,Mumbai-Dharavi Cluster,60.36,90.4,PIECE,54.32,99.44
PRC_03303,2026-07-13,PLASTIC,MIXED_EWASTE_CASING,Mumbai-Dharavi Cluster,18.36,26.4,KG,16.52,29.04
PRC_03304,2026-07-13,PCB,MOTHERBOARD_HIGH_GRADE,Bengaluru-Peenya Cluster,280.36,320.4,KG,252.32,352.44
PRC_03305,2026-07-13,PCB,POWER_SUPPLY_LOW_GRADE,Bengaluru-Peenya Cluster,45.36,60.4,KG,40.82,66.44
PRC_03306,2026-07-13,CABLE,COPPER_HEAVY_INSULATED,Bengaluru-Peenya Cluster,420.36,470.4,KG,378.32,517.44
PRC_03307,2026-07-13,CABLE,ALUMINIUM_WIRE,Bengaluru-Peenya Cluster,110.36,135.4,KG,99.32,148.94
PRC_03308,2026-07-13,BATTERY,LEAD_ACID,Bengaluru-Peenya Cluster,85.36,102.4,KG,76.82,112.64
PRC_03309,2026-07-13,BATTERY,BATTERY_LITHIUM_PORTABLE,Bengaluru-Peenya Cluster,120.36,150.4,KG,108.32,165.44
PRC_03310,2026-07-13,DISPLAY,LCD_PANEL_INTACT,Bengaluru-Peenya Cluster,150.36,210.4,PIECE,135.32,231.44
PRC_03311,2026-07-13,DISPLAY,CRT_MONITOR,Bengaluru-Peenya Cluster,60.36,90.4,PIECE,54.32,99.44
PRC_03312,2026-07-13,PLASTIC,MIXED_EWASTE_CASING,Bengaluru-Peenya Cluster,18.36,26.4,KG,16.52,29.04
PRC_03313,2026-07-13,PCB,MOTHERBOARD_HIGH_GRADE,Bhubaneswar-Cuttack Cluster,280.36,320.4,KG,252.32,352.44
PRC_03314,2026-07-13,PCB,POWER_SUPPLY_LOW_GRADE,Bhubaneswar-Cuttack Cluster,45.36,60.4,KG,40.82,66.44
PRC_03315,2026-07-13,CABLE,COPPER_HEAVY_INSULATED,Bhubaneswar-Cuttack Cluster,420.36,470.4,KG,378.32,517.44
PRC_03316,2026-07-13,CABLE,ALUMINIUM_WIRE,Bhubaneswar-Cuttack Cluster,110.36,135.4,KG,99.32,148.94
PRC_03317,2026-07-13,BATTERY,LEAD_ACID,Bhubaneswar-Cuttack Cluster,85.36,102.4,KG,76.82,112.64
PRC_03318,2026-07-13,BATTERY,BATTERY_LITHIUM_PORTABLE,Bhubaneswar-Cuttack Cluster,120.36,150.4,KG,108.32,165.44
PRC_03319,2026-07-13,DISPLAY,LCD_PANEL_INTACT,Bhubaneswar-Cuttack Cluster,150.36,210.4,PIECE,135.32,231.44
PRC_03320,2026-07-13,DISPLAY,CRT_MONITOR,Bhubaneswar-Cuttack Cluster,60.36,90.4,PIECE,54.32,99.44
PRC_03321,2026-07-13,PLASTIC,MIXED_EWASTE_CASING,Bhubaneswar-Cuttack Cluster,18.36,26.4,KG,16.52,29.04
PRC_03322,2026-07-13,PCB,MOTHERBOARD_HIGH_GRADE,Chennai-Ambattur Cluster,280.36,320.4,KG,252.32,352.44
PRC_03323,2026-07-13,PCB,POWER_SUPPLY_LOW_GRADE,Chennai-Ambattur Cluster,45.36,60.4,KG,40.82,66.44
PRC_03324,2026-07-13,CABLE,COPPER_HEAVY_INSULATED,Chennai-Ambattur Cluster,420.36,470.4,KG,378.32,517.44
PRC_03325,2026-07-13,CABLE,ALUMINIUM_WIRE,Chennai-Ambattur Cluster,110.36,135.4,KG,99.32,148.94
PRC_03326,2026-07-13,BATTERY,LEAD_ACID,Chennai-Ambattur Cluster,85.36,102.4,KG,76.82,112.64
PRC_03327,2026-07-13,BATTERY,BATTERY_LITHIUM_PORTABLE,Chennai-Ambattur Cluster,120.36,150.4,KG,108.32,165.44
PRC_03328,2026-07-13,DISPLAY,LCD_PANEL_INTACT,Chennai-Ambattur Cluster,150.36,210.4,PIECE,135.32,231.44
PRC_03329,2026-07-13,DISPLAY,CRT_MONITOR,Chennai-Ambattur Cluster,60.36,90.4,PIECE,54.32,99.44
PRC_03330,2026-07-13,PLASTIC,MIXED_EWASTE_CASING,Chennai-Ambattur Cluster,18.36,26.4,KG,16.52,29.04
PRC_03331,2026-07-14,PCB,MOTHERBOARD_HIGH_GRADE,Delhi-Mayapuri Cluster,274.91,314.4,KG,247.42,345.84
PRC_03332,2026-07-14,PCB,POWER_SUPPLY_LOW_GRADE,Delhi-Mayapuri Cluster,39.91,54.4,KG,35.92,59.84
PRC_03333,2026-07-14,CABLE,COPPER_HEAVY_INSULATED,Delhi-Mayapuri Cluster,414.91,464.4,KG,373.42,510.84
PRC_03334,2026-07-14,CABLE,ALUMINIUM_WIRE,Delhi-Mayapuri Cluster,104.91,129.4,KG,94.42,142.34
PRC_03335,2026-07-14,BATTERY,LEAD_ACID,Delhi-Mayapuri Cluster,79.91,96.4,KG,71.92,106.04
PRC_03336,2026-07-14,BATTERY,BATTERY_LITHIUM_PORTABLE,Delhi-Mayapuri Cluster,114.91,144.4,KG,103.42,158.84
PRC_03337,2026-07-14,DISPLAY,LCD_PANEL_INTACT,Delhi-Mayapuri Cluster,144.91,204.4,PIECE,130.42,224.84
PRC_03338,2026-07-14,DISPLAY,CRT_MONITOR,Delhi-Mayapuri Cluster,54.91,84.4,PIECE,49.42,92.84
PRC_03339,2026-07-14,PLASTIC,MIXED_EWASTE_CASING,Delhi-Mayapuri Cluster,12.91,20.91,KG,11.62,23.0
PRC_03340,2026-07-14,PCB,MOTHERBOARD_HIGH_GRADE,Mumbai-Dharavi Cluster,274.91,314.4,KG,247.42,345.84
PRC_03341,2026-07-14,PCB,POWER_SUPPLY_LOW_GRADE,Mumbai-Dharavi Cluster,39.91,54.4,KG,35.92,59.84
PRC_03342,2026-07-14,CABLE,COPPER_HEAVY_INSULATED,Mumbai-Dharavi Cluster,414.91,464.4,KG,373.42,510.84
PRC_03343,2026-07-14,CABLE,ALUMINIUM_WIRE,Mumbai-Dharavi Cluster,104.91,129.4,KG,94.42,142.34
PRC_03344,2026-07-14,BATTERY,LEAD_ACID,Mumbai-Dharavi Cluster,79.91,96.4,KG,71.92,106.04
PRC_03345,2026-07-14,BATTERY,BATTERY_LITHIUM_PORTABLE,Mumbai-Dharavi Cluster,114.91,144.4,KG,103.42,158.84
PRC_03346,2026-07-14,DISPLAY,LCD_PANEL_INTACT,Mumbai-Dharavi Cluster,144.91,204.4,PIECE,130.42,224.84
PRC_03347,2026-07-14,DISPLAY,CRT_MONITOR,Mumbai-Dharavi Cluster,54.91,84.4,PIECE,49.42,92.84
PRC_03348,2026-07-14,PLASTIC,MIXED_EWASTE_CASING,Mumbai-Dharavi Cluster,12.91,20.91,KG,11.62,23.0
PRC_03349,2026-07-14,PCB,MOTHERBOARD_HIGH_GRADE,Bengaluru-Peenya Cluster,274.91,314.4,KG,247.42,345.84
PRC_03350,2026-07-14,PCB,POWER_SUPPLY_LOW_GRADE,Bengaluru-Peenya Cluster,39.91,54.4,KG,35.92,59.84
PRC_03351,2026-07-14,CABLE,COPPER_HEAVY_INSULATED,Bengaluru-Peenya Cluster,414.91,464.4,KG,373.42,510.84
PRC_03352,2026-07-14,CABLE,ALUMINIUM_WIRE,Bengaluru-Peenya Cluster,104.91,129.4,KG,94.42,142.34
PRC_03353,2026-07-14,BATTERY,LEAD_ACID,Bengaluru-Peenya Cluster,79.91,96.4,KG,71.92,106.04
PRC_03354,2026-07-14,BATTERY,BATTERY_LITHIUM_PORTABLE,Bengaluru-Peenya Cluster,114.91,144.4,KG,103.42,158.84
PRC_03355,2026-07-14,DISPLAY,LCD_PANEL_INTACT,Bengaluru-Peenya Cluster,144.91,204.4,PIECE,130.42,224.84
PRC_03356,2026-07-14,DISPLAY,CRT_MONITOR,Bengaluru-Peenya Cluster,54.91,84.4,PIECE,49.42,92.84
PRC_03357,2026-07-14,PLASTIC,MIXED_EWASTE_CASING,Bengaluru-Peenya Cluster,12.91,20.91,KG,11.62,23.0
PRC_03358,2026-07-14,PCB,MOTHERBOARD_HIGH_GRADE,Bhubaneswar-Cuttack Cluster,274.91,314.4,KG,247.42,345.84
PRC_03359,2026-07-14,PCB,POWER_SUPPLY_LOW_GRADE,Bhubaneswar-Cuttack Cluster,39.91,54.4,KG,35.92,59.84
PRC_03360,2026-07-14,CABLE,COPPER_HEAVY_INSULATED,Bhubaneswar-Cuttack Cluster,414.91,464.4,KG,373.42,510.84
PRC_03361,2026-07-14,CABLE,ALUMINIUM_WIRE,Bhubaneswar-Cuttack Cluster,104.91,129.4,KG,94.42,142.34
PRC_03362,2026-07-14,BATTERY,LEAD_ACID,Bhubaneswar-Cuttack Cluster,79.91,96.4,KG,71.92,106.04
PRC_03363,2026-07-14,BATTERY,BATTERY_LITHIUM_PORTABLE,Bhubaneswar-Cuttack Cluster,114.91,144.4,KG,103.42,158.84
PRC_03364,2026-07-14,DISPLAY,LCD_PANEL_INTACT,Bhubaneswar-Cuttack Cluster,144.91,204.4,PIECE,130.42,224.84
PRC_03365,2026-07-14,DISPLAY,CRT_MONITOR,Bhubaneswar-Cuttack Cluster,54.91,84.4,PIECE,49.42,92.84
PRC_03366,2026-07-14,PLASTIC,MIXED_EWASTE_CASING,Bhubaneswar-Cuttack Cluster,12.91,20.91,KG,11.62,23.0
PRC_03367,2026-07-14,PCB,MOTHERBOARD_HIGH_GRADE,Chennai-Ambattur Cluster,274.91,314.4,KG,247.42,345.84
PRC_03368,2026-07-14,PCB,POWER_SUPPLY_LOW_GRADE,Chennai-Ambattur Cluster,39.91,54.4,KG,35.92,59.84
PRC_03369,2026-07-14,CABLE,COPPER_HEAVY_INSULATED,Chennai-Ambattur Cluster,414.91,464.4,KG,373.42,510.84
PRC_03370,2026-07-14,CABLE,ALUMINIUM_WIRE,Chennai-Ambattur Cluster,104.91,129.4,KG,94.42,142.34
PRC_03371,2026-07-14,BATTERY,LEAD_ACID,Chennai-Ambattur Cluster,79.91,96.4,KG,71.92,106.04
PRC_03372,2026-07-14,BATTERY,BATTERY_LITHIUM_PORTABLE,Chennai-Ambattur Cluster,114.91,144.4,KG,103.42,158.84
PRC_03373,2026-07-14,DISPLAY,LCD_PANEL_INTACT,Chennai-Ambattur Cluster,144.91,204.4,PIECE,130.42,224.84
PRC_03374,2026-07-14,DISPLAY,CRT_MONITOR,Chennai-Ambattur Cluster,54.91,84.4,PIECE,49.42,92.84
PRC_03375,2026-07-14,PLASTIC,MIXED_EWASTE_CASING,Chennai-Ambattur Cluster,12.91,20.91,KG,11.62,23.0
PRC_03376,2026-07-15,PCB,MOTHERBOARD_HIGH_GRADE,Delhi-Mayapuri Cluster,280.9,320.99,KG,252.81,353.09
PRC_03377,2026-07-15,PCB,POWER_SUPPLY_LOW_GRADE,Delhi-Mayapuri Cluster,45.9,60.99,KG,41.31,67.09
PRC_03378,2026-07-15,CABLE,COPPER_HEAVY_INSULATED,Delhi-Mayapuri Cluster,420.9,470.99,KG,378.81,518.09
PRC_03379,2026-07-15,CABLE,ALUMINIUM_WIRE,Delhi-Mayapuri Cluster,110.9,135.99,KG,99.81,149.59
PRC_03380,2026-07-15,BATTERY,LEAD_ACID,Delhi-Mayapuri Cluster,85.9,102.99,KG,77.31,113.29
PRC_03381,2026-07-15,BATTERY,BATTERY_LITHIUM_PORTABLE,Delhi-Mayapuri Cluster,120.9,150.99,KG,108.81,166.09
PRC_03382,2026-07-15,DISPLAY,LCD_PANEL_INTACT,Delhi-Mayapuri Cluster,150.9,210.99,PIECE,135.81,232.09
PRC_03383,2026-07-15,DISPLAY,CRT_MONITOR,Delhi-Mayapuri Cluster,60.9,90.99,PIECE,54.81,100.09
PRC_03384,2026-07-15,PLASTIC,MIXED_EWASTE_CASING,Delhi-Mayapuri Cluster,18.9,26.99,KG,17.01,29.69
PRC_03385,2026-07-15,PCB,MOTHERBOARD_HIGH_GRADE,Mumbai-Dharavi Cluster,280.9,320.99,KG,252.81,353.09
PRC_03386,2026-07-15,PCB,POWER_SUPPLY_LOW_GRADE,Mumbai-Dharavi Cluster,45.9,60.99,KG,41.31,67.09
PRC_03387,2026-07-15,CABLE,COPPER_HEAVY_INSULATED,Mumbai-Dharavi Cluster,420.9,470.99,KG,378.81,518.09
PRC_03388,2026-07-15,CABLE,ALUMINIUM_WIRE,Mumbai-Dharavi Cluster,110.9,135.99,KG,99.81,149.59
PRC_03389,2026-07-15,BATTERY,LEAD_ACID,Mumbai-Dharavi Cluster,85.9,102.99,KG,77.31,113.29
PRC_03390,2026-07-15,BATTERY,BATTERY_LITHIUM_PORTABLE,Mumbai-Dharavi Cluster,120.9,150.99,KG,108.81,166.09
PRC_03391,2026-07-15,DISPLAY,LCD_PANEL_INTACT,Mumbai-Dharavi Cluster,150.9,210.99,PIECE,135.81,232.09
PRC_03392,2026-07-15,DISPLAY,CRT_MONITOR,Mumbai-Dharavi Cluster,60.9,90.99,PIECE,54.81,100.09
PRC_03393,2026-07-15,PLASTIC,MIXED_EWASTE_CASING,Mumbai-Dharavi Cluster,18.9,26.99,KG,17.01,29.69
PRC_03394,2026-07-15,PCB,MOTHERBOARD_HIGH_GRADE,Bengaluru-Peenya Cluster,280.9,320.99,KG,252.81,353.09
PRC_03395,2026-07-15,PCB,POWER_SUPPLY_LOW_GRADE,Bengaluru-Peenya Cluster,45.9,60.99,KG,41.31,67.09
PRC_03396,2026-07-15,CABLE,COPPER_HEAVY_INSULATED,Bengaluru-Peenya Cluster,420.9,470.99,KG,378.81,518.09
PRC_03397,2026-07-15,CABLE,ALUMINIUM_WIRE,Bengaluru-Peenya Cluster,110.9,135.99,KG,99.81,149.59
PRC_03398,2026-07-15,BATTERY,LEAD_ACID,Bengaluru-Peenya Cluster,85.9,102.99,KG,77.31,113.29
PRC_03399,2026-07-15,BATTERY,BATTERY_LITHIUM_PORTABLE,Bengaluru-Peenya Cluster,120.9,150.99,KG,108.81,166.09
PRC_03400,2026-07-15,DISPLAY,LCD_PANEL_INTACT,Bengaluru-Peenya Cluster,150.9,210.99,PIECE,135.81,232.09
PRC_03401,2026-07-15,DISPLAY,CRT_MONITOR,Bengaluru-Peenya Cluster,60.9,90.99,PIECE,54.81,100.09
PRC_03402,2026-07-15,PLASTIC,MIXED_EWASTE_CASING,Bengaluru-Peenya Cluster,18.9,26.99,KG,17.01,29.69
PRC_03403,2026-07-15,PCB,MOTHERBOARD_HIGH_GRADE,Bhubaneswar-Cuttack Cluster,280.9,320.99,KG,252.81,353.09
PRC_03404,2026-07-15,PCB,POWER_SUPPLY_LOW_GRADE,Bhubaneswar-Cuttack Cluster,45.9,60.99,KG,41.31,67.09
PRC_03405,2026-07-15,CABLE,COPPER_HEAVY_INSULATED,Bhubaneswar-Cuttack Cluster,420.9,470.99,KG,378.81,518.09
PRC_03406,2026-07-15,CABLE,ALUMINIUM_WIRE,Bhubaneswar-Cuttack Cluster,110.9,135.99,KG,99.81,149.59
PRC_03407,2026-07-15,BATTERY,LEAD_ACID,Bhubaneswar-Cuttack Cluster,85.9,102.99,KG,77.31,113.29
PRC_03408,2026-07-15,BATTERY,BATTERY_LITHIUM_PORTABLE,Bhubaneswar-Cuttack Cluster,120.9,150.99,KG,108.81,166.09
PRC_03409,2026-07-15,DISPLAY,LCD_PANEL_INTACT,Bhubaneswar-Cuttack Cluster,150.9,210.99,PIECE,135.81,232.09
PRC_03410,2026-07-15,DISPLAY,CRT_MONITOR,Bhubaneswar-Cuttack Cluster,60.9,90.99,PIECE,54.81,100.09
PRC_03411,2026-07-15,PLASTIC,MIXED_EWASTE_CASING,Bhubaneswar-Cuttack Cluster,18.9,26.99,KG,17.01,29.69
PRC_03412,2026-07-15,PCB,MOTHERBOARD_HIGH_GRADE,Chennai-Ambattur Cluster,280.9,320.99,KG,252.81,353.09
PRC_03413,2026-07-15,PCB,POWER_SUPPLY_LOW_GRADE,Chennai-Ambattur Cluster,45.9,60.99,KG,41.31,67.09
PRC_03414,2026-07-15,CABLE,COPPER_HEAVY_INSULATED,Chennai-Ambattur Cluster,420.9,470.99,KG,378.81,518.09
PRC_03415,2026-07-15,CABLE,ALUMINIUM_WIRE,Chennai-Ambattur Cluster,110.9,135.99,KG,99.81,149.59
PRC_03416,2026-07-15,BATTERY,LEAD_ACID,Chennai-Ambattur Cluster,85.9,102.99,KG,77.31,113.29
PRC_03417,2026-07-15,BATTERY,BATTERY_LITHIUM_PORTABLE,Chennai-Ambattur Cluster,120.9,150.99,KG,108.81,166.09
PRC_03418,2026-07-15,DISPLAY,LCD_PANEL_INTACT,Chennai-Ambattur Cluster,150.9,210.99,PIECE,135.81,232.09
PRC_03419,2026-07-15,DISPLAY,CRT_MONITOR,Chennai-Ambattur Cluster,60.9,90.99,PIECE,54.81,100.09
PRC_03420,2026-07-15,PLASTIC,MIXED_EWASTE_CASING,Chennai-Ambattur Cluster,18.9,26.99,KG,17.01,29.69
PRC_03421,2026-07-16,PCB,MOTHERBOARD_HIGH_GRADE,Delhi-Mayapuri Cluster,280.63,320.7,KG,252.57,352.77
PRC_03422,2026-07-16,PCB,POWER_SUPPLY_LOW_GRADE,Delhi-Mayapuri Cluster,45.63,60.7,KG,41.07,66.77
PRC_03423,2026-07-16,CABLE,COPPER_HEAVY_INSULATED,Delhi-Mayapuri Cluster,420.63,470.7,KG,378.57,517.77
PRC_03424,2026-07-16,CABLE,ALUMINIUM_WIRE,Delhi-Mayapuri Cluster,110.63,135.7,KG,99.57,149.27
PRC_03425,2026-07-16,BATTERY,LEAD_ACID,Delhi-Mayapuri Cluster,85.63,102.7,KG,77.07,112.97
PRC_03426,2026-07-16,BATTERY,BATTERY_LITHIUM_PORTABLE,Delhi-Mayapuri Cluster,120.63,150.7,KG,108.57,165.77
PRC_03427,2026-07-16,DISPLAY,LCD_PANEL_INTACT,Delhi-Mayapuri Cluster,150.63,210.7,PIECE,135.57,231.77
PRC_03428,2026-07-16,DISPLAY,CRT_MONITOR,Delhi-Mayapuri Cluster,60.63,90.7,PIECE,54.57,99.77
PRC_03429,2026-07-16,PLASTIC,MIXED_EWASTE_CASING,Delhi-Mayapuri Cluster,18.63,26.7,KG,16.77,29.37
PRC_03430,2026-07-16,PCB,MOTHERBOARD_HIGH_GRADE,Mumbai-Dharavi Cluster,280.63,320.7,KG,252.57,352.77
PRC_03431,2026-07-16,PCB,POWER_SUPPLY_LOW_GRADE,Mumbai-Dharavi Cluster,45.63,60.7,KG,41.07,66.77
PRC_03432,2026-07-16,CABLE,COPPER_HEAVY_INSULATED,Mumbai-Dharavi Cluster,420.63,470.7,KG,378.57,517.77
PRC_03433,2026-07-16,CABLE,ALUMINIUM_WIRE,Mumbai-Dharavi Cluster,110.63,135.7,KG,99.57,149.27
PRC_03434,2026-07-16,BATTERY,LEAD_ACID,Mumbai-Dharavi Cluster,85.63,102.7,KG,77.07,112.97
PRC_03435,2026-07-16,BATTERY,BATTERY_LITHIUM_PORTABLE,Mumbai-Dharavi Cluster,120.63,150.7,KG,108.57,165.77
PRC_03436,2026-07-16,DISPLAY,LCD_PANEL_INTACT,Mumbai-Dharavi Cluster,150.63,210.7,PIECE,135.57,231.77
PRC_03437,2026-07-16,DISPLAY,CRT_MONITOR,Mumbai-Dharavi Cluster,60.63,90.7,PIECE,54.57,99.77
PRC_03438,2026-07-16,PLASTIC,MIXED_EWASTE_CASING,Mumbai-Dharavi Cluster,18.63,26.7,KG,16.77,29.37
PRC_03439,2026-07-16,PCB,MOTHERBOARD_HIGH_GRADE,Bengaluru-Peenya Cluster,280.63,320.7,KG,252.57,352.77
PRC_03440,2026-07-16,PCB,POWER_SUPPLY_LOW_GRADE,Bengaluru-Peenya Cluster,45.63,60.7,KG,41.07,66.77
PRC_03441,2026-07-16,CABLE,COPPER_HEAVY_INSULATED,Bengaluru-Peenya Cluster,420.63,470.7,KG,378.57,517.77
PRC_03442,2026-07-16,CABLE,ALUMINIUM_WIRE,Bengaluru-Peenya Cluster,110.63,135.7,KG,99.57,149.27
PRC_03443,2026-07-16,BATTERY,LEAD_ACID,Bengaluru-Peenya Cluster,85.63,102.7,KG,77.07,112.97
PRC_03444,2026-07-16,BATTERY,BATTERY_LITHIUM_PORTABLE,Bengaluru-Peenya Cluster,120.63,150.7,KG,108.57,165.77
PRC_03445,2026-07-16,DISPLAY,LCD_PANEL_INTACT,Bengaluru-Peenya Cluster,150.63,210.7,PIECE,135.57,231.77
PRC_03446,2026-07-16,DISPLAY,CRT_MONITOR,Bengaluru-Peenya Cluster,60.63,90.7,PIECE,54.57,99.77
PRC_03447,2026-07-16,PLASTIC,MIXED_EWASTE_CASING,Bengaluru-Peenya Cluster,18.63,26.7,KG,16.77,29.37
PRC_03448,2026-07-16,PCB,MOTHERBOARD_HIGH_GRADE,Bhubaneswar-Cuttack Cluster,280.63,320.7,KG,252.57,352.77
PRC_03449,2026-07-16,PCB,POWER_SUPPLY_LOW_GRADE,Bhubaneswar-Cuttack Cluster,45.63,60.7,KG,41.07,66.77
PRC_03450,2026-07-16,CABLE,COPPER_HEAVY_INSULATED,Bhubaneswar-Cuttack Cluster,420.63,470.7,KG,378.57,517.77
PRC_03451,2026-07-16,CABLE,ALUMINIUM_WIRE,Bhubaneswar-Cuttack Cluster,110.63,135.7,KG,99.57,149.27
PRC_03452,2026-07-16,BATTERY,LEAD_ACID,Bhubaneswar-Cuttack Cluster,85.63,102.7,KG,77.07,112.97
PRC_03453,2026-07-16,BATTERY,BATTERY_LITHIUM_PORTABLE,Bhubaneswar-Cuttack Cluster,120.63,150.7,KG,108.57,165.77
PRC_03454,2026-07-16,DISPLAY,LCD_PANEL_INTACT,Bhubaneswar-Cuttack Cluster,150.63,210.7,PIECE,135.57,231.77
PRC_03455,2026-07-16,DISPLAY,CRT_MONITOR,Bhubaneswar-Cuttack Cluster,60.63,90.7,PIECE,54.57,99.77
PRC_03456,2026-07-16,PLASTIC,MIXED_EWASTE_CASING,Bhubaneswar-Cuttack Cluster,18.63,26.7,KG,16.77,29.37
PRC_03457,2026-07-16,PCB,MOTHERBOARD_HIGH_GRADE,Chennai-Ambattur Cluster,280.63,320.7,KG,252.57,352.77
PRC_03458,2026-07-16,PCB,POWER_SUPPLY_LOW_GRADE,Chennai-Ambattur Cluster,45.63,60.7,KG,41.07,66.77
PRC_03459,2026-07-16,CABLE,COPPER_HEAVY_INSULATED,Chennai-Ambattur Cluster,420.63,470.7,KG,378.57,517.77
PRC_03460,2026-07-16,CABLE,ALUMINIUM_WIRE,Chennai-Ambattur Cluster,110.63,135.7,KG,99.57,149.27
PRC_03461,2026-07-16,BATTERY,LEAD_ACID,Chennai-Ambattur Cluster,85.63,102.7,KG,77.07,112.97
PRC_03462,2026-07-16,BATTERY,BATTERY_LITHIUM_PORTABLE,Chennai-Ambattur Cluster,120.63,150.7,KG,108.57,165.77
PRC_03463,2026-07-16,DISPLAY,LCD_PANEL_INTACT,Chennai-Ambattur Cluster,150.63,210.7,PIECE,135.57,231.77
PRC_03464,2026-07-16,DISPLAY,CRT_MONITOR,Chennai-Ambattur Cluster,60.63,90.7,PIECE,54.57,99.77
PRC_03465,2026-07-16,PLASTIC,MIXED_EWASTE_CASING,Chennai-Ambattur Cluster,18.63,26.7,KG,16.77,29.37
PRC_03466,2026-07-17,PCB,MOTHERBOARD_HIGH_GRADE,Delhi-Mayapuri Cluster,280.88,320.97,KG,252.79,353.07
PRC_03467,2026-07-17,PCB,POWER_SUPPLY_LOW_GRADE,Delhi-Mayapuri Cluster,45.88,60.97,KG,41.29,67.07
PRC_03468,2026-07-17,CABLE,COPPER_HEAVY_INSULATED,Delhi-Mayapuri Cluster,420.88,470.97,KG,378.79,518.07
PRC_03469,2026-07-17,CABLE,ALUMINIUM_WIRE,Delhi-Mayapuri Cluster,110.88,135.97,KG,99.79,149.57
PRC_03470,2026-07-17,BATTERY,LEAD_ACID,Delhi-Mayapuri Cluster,85.88,102.97,KG,77.29,113.27
PRC_03471,2026-07-17,BATTERY,BATTERY_LITHIUM_PORTABLE,Delhi-Mayapuri Cluster,120.88,150.97,KG,108.79,166.07
PRC_03472,2026-07-17,DISPLAY,LCD_PANEL_INTACT,Delhi-Mayapuri Cluster,150.88,210.97,PIECE,135.79,232.07
PRC_03473,2026-07-17,DISPLAY,CRT_MONITOR,Delhi-Mayapuri Cluster,60.88,90.97,PIECE,54.79,100.07
PRC_03474,2026-07-17,PLASTIC,MIXED_EWASTE_CASING,Delhi-Mayapuri Cluster,18.88,26.97,KG,16.99,29.67
PRC_03475,2026-07-17,PCB,MOTHERBOARD_HIGH_GRADE,Mumbai-Dharavi Cluster,280.88,320.97,KG,252.79,353.07
PRC_03476,2026-07-17,PCB,POWER_SUPPLY_LOW_GRADE,Mumbai-Dharavi Cluster,45.88,60.97,KG,41.29,67.07
PRC_03477,2026-07-17,CABLE,COPPER_HEAVY_INSULATED,Mumbai-Dharavi Cluster,420.88,470.97,KG,378.79,518.07
PRC_03478,2026-07-17,CABLE,ALUMINIUM_WIRE,Mumbai-Dharavi Cluster,110.88,135.97,KG,99.79,149.57
PRC_03479,2026-07-17,BATTERY,LEAD_ACID,Mumbai-Dharavi Cluster,85.88,102.97,KG,77.29,113.27
PRC_03480,2026-07-17,BATTERY,BATTERY_LITHIUM_PORTABLE,Mumbai-Dharavi Cluster,120.88,150.97,KG,108.79,166.07
PRC_03481,2026-07-17,DISPLAY,LCD_PANEL_INTACT,Mumbai-Dharavi Cluster,150.88,210.97,PIECE,135.79,232.07
PRC_03482,2026-07-17,DISPLAY,CRT_MONITOR,Mumbai-Dharavi Cluster,60.88,90.97,PIECE,54.79,100.07
PRC_03483,2026-07-17,PLASTIC,MIXED_EWASTE_CASING,Mumbai-Dharavi Cluster,18.88,26.97,KG,16.99,29.67
PRC_03484,2026-07-17,PCB,MOTHERBOARD_HIGH_GRADE,Bengaluru-Peenya Cluster,280.88,320.97,KG,252.79,353.07
PRC_03485,2026-07-17,PCB,POWER_SUPPLY_LOW_GRADE,Bengaluru-Peenya Cluster,45.88,60.97,KG,41.29,67.07
PRC_03486,2026-07-17,CABLE,COPPER_HEAVY_INSULATED,Bengaluru-Peenya Cluster,420.88,470.97,KG,378.79,518.07
PRC_03487,2026-07-17,CABLE,ALUMINIUM_WIRE,Bengaluru-Peenya Cluster,110.88,135.97,KG,99.79,149.57
PRC_03488,2026-07-17,BATTERY,LEAD_ACID,Bengaluru-Peenya Cluster,85.88,102.97,KG,77.29,113.27
PRC_03489,2026-07-17,BATTERY,BATTERY_LITHIUM_PORTABLE,Bengaluru-Peenya Cluster,120.88,150.97,KG,108.79,166.07
PRC_03490,2026-07-17,DISPLAY,LCD_PANEL_INTACT,Bengaluru-Peenya Cluster,150.88,210.97,PIECE,135.79,232.07
PRC_03491,2026-07-17,DISPLAY,CRT_MONITOR,Bengaluru-Peenya Cluster,60.88,90.97,PIECE,54.79,100.07
PRC_03492,2026-07-17,PLASTIC,MIXED_EWASTE_CASING,Bengaluru-Peenya Cluster,18.88,26.97,KG,16.99,29.67
PRC_03493,2026-07-17,PCB,MOTHERBOARD_HIGH_GRADE,Bhubaneswar-Cuttack Cluster,280.88,320.97,KG,252.79,353.07
PRC_03494,2026-07-17,PCB,POWER_SUPPLY_LOW_GRADE,Bhubaneswar-Cuttack Cluster,45.88,60.97,KG,41.29,67.07
PRC_03495,2026-07-17,CABLE,COPPER_HEAVY_INSULATED,Bhubaneswar-Cuttack Cluster,420.88,470.97,KG,378.79,518.07
PRC_03496,2026-07-17,CABLE,ALUMINIUM_WIRE,Bhubaneswar-Cuttack Cluster,110.88,135.97,KG,99.79,149.57
PRC_03497,2026-07-17,BATTERY,LEAD_ACID,Bhubaneswar-Cuttack Cluster,85.88,102.97,KG,77.29,113.27
PRC_03498,2026-07-17,BATTERY,BATTERY_LITHIUM_PORTABLE,Bhubaneswar-Cuttack Cluster,120.88,150.97,KG,108.79,166.07
PRC_03499,2026-07-17,DISPLAY,LCD_PANEL_INTACT,Bhubaneswar-Cuttack Cluster,150.88,210.97,PIECE,135.79,232.07
PRC_03500,2026-07-17,DISPLAY,CRT_MONITOR,Bhubaneswar-Cuttack Cluster,60.88,90.97,PIECE,54.79,100.07
PRC_03501,2026-07-17,PLASTIC,MIXED_EWASTE_CASING,Bhubaneswar-Cuttack Cluster,18.88,26.97,KG,16.99,29.67
PRC_03502,2026-07-17,PCB,MOTHERBOARD_HIGH_GRADE,Chennai-Ambattur Cluster,280.88,320.97,KG,252.79,353.07
PRC_03503,2026-07-17,PCB,POWER_SUPPLY_LOW_GRADE,Chennai-Ambattur Cluster,45.88,60.97,KG,41.29,67.07
PRC_03504,2026-07-17,CABLE,COPPER_HEAVY_INSULATED,Chennai-Ambattur Cluster,420.88,470.97,KG,378.79,518.07
PRC_03505,2026-07-17,CABLE,ALUMINIUM_WIRE,Chennai-Ambattur Cluster,110.88,135.97,KG,99.79,149.57
PRC_03506,2026-07-17,BATTERY,LEAD_ACID,Chennai-Ambattur Cluster,85.88,102.97,KG,77.29,113.27
PRC_03507,2026-07-17,BATTERY,BATTERY_LITHIUM_PORTABLE,Chennai-Ambattur Cluster,120.88,150.97,KG,108.79,166.07
PRC_03508,2026-07-17,DISPLAY,LCD_PANEL_INTACT,Chennai-Ambattur Cluster,150.88,210.97,PIECE,135.79,232.07
PRC_03509,2026-07-17,DISPLAY,CRT_MONITOR,Chennai-Ambattur Cluster,60.88,90.97,PIECE,54.79,100.07
PRC_03510,2026-07-17,PLASTIC,MIXED_EWASTE_CASING,Chennai-Ambattur Cluster,18.88,26.97,KG,16.99,29.67
PRC_03511,2026-07-18,PCB,MOTHERBOARD_HIGH_GRADE,Delhi-Mayapuri Cluster,282.29,322.52,KG,254.06,354.77
PRC_03512,2026-07-18,PCB,POWER_SUPPLY_LOW_GRADE,Delhi-Mayapuri Cluster,47.29,62.52,KG,42.56,68.77
PRC_03513,2026-07-18,CABLE,COPPER_HEAVY_INSULATED,Delhi-Mayapuri Cluster,422.29,472.52,KG,380.06,519.77
PRC_03514,2026-07-18,CABLE,ALUMINIUM_WIRE,Delhi-Mayapuri Cluster,112.29,137.52,KG,101.06,151.27
PRC_03515,2026-07-18,BATTERY,LEAD_ACID,Delhi-Mayapuri Cluster,87.29,104.52,KG,78.56,114.97
PRC_03516,2026-07-18,BATTERY,BATTERY_LITHIUM_PORTABLE,Delhi-Mayapuri Cluster,122.29,152.52,KG,110.06,167.77
PRC_03517,2026-07-18,DISPLAY,LCD_PANEL_INTACT,Delhi-Mayapuri Cluster,152.29,212.52,PIECE,137.06,233.77
PRC_03518,2026-07-18,DISPLAY,CRT_MONITOR,Delhi-Mayapuri Cluster,62.29,92.52,PIECE,56.06,101.77
PRC_03519,2026-07-18,PLASTIC,MIXED_EWASTE_CASING,Delhi-Mayapuri Cluster,20.29,28.52,KG,18.26,31.37
PRC_03520,2026-07-18,PCB,MOTHERBOARD_HIGH_GRADE,Mumbai-Dharavi Cluster,282.29,322.52,KG,254.06,354.77
PRC_03521,2026-07-18,PCB,POWER_SUPPLY_LOW_GRADE,Mumbai-Dharavi Cluster,47.29,62.52,KG,42.56,68.77
PRC_03522,2026-07-18,CABLE,COPPER_HEAVY_INSULATED,Mumbai-Dharavi Cluster,422.29,472.52,KG,380.06,519.77
PRC_03523,2026-07-18,CABLE,ALUMINIUM_WIRE,Mumbai-Dharavi Cluster,112.29,137.52,KG,101.06,151.27
PRC_03524,2026-07-18,BATTERY,LEAD_ACID,Mumbai-Dharavi Cluster,87.29,104.52,KG,78.56,114.97
PRC_03525,2026-07-18,BATTERY,BATTERY_LITHIUM_PORTABLE,Mumbai-Dharavi Cluster,122.29,152.52,KG,110.06,167.77
PRC_03526,2026-07-18,DISPLAY,LCD_PANEL_INTACT,Mumbai-Dharavi Cluster,152.29,212.52,PIECE,137.06,233.77
PRC_03527,2026-07-18,DISPLAY,CRT_MONITOR,Mumbai-Dharavi Cluster,62.29,92.52,PIECE,56.06,101.77
PRC_03528,2026-07-18,PLASTIC,MIXED_EWASTE_CASING,Mumbai-Dharavi Cluster,20.29,28.52,KG,18.26,31.37
PRC_03529,2026-07-18,PCB,MOTHERBOARD_HIGH_GRADE,Bengaluru-Peenya Cluster,282.29,322.52,KG,254.06,354.77
PRC_03530,2026-07-18,PCB,POWER_SUPPLY_LOW_GRADE,Bengaluru-Peenya Cluster,47.29,62.52,KG,42.56,68.77
PRC_03531,2026-07-18,CABLE,COPPER_HEAVY_INSULATED,Bengaluru-Peenya Cluster,422.29,472.52,KG,380.06,519.77
PRC_03532,2026-07-18,CABLE,ALUMINIUM_WIRE,Bengaluru-Peenya Cluster,112.29,137.52,KG,101.06,151.27
PRC_03533,2026-07-18,BATTERY,LEAD_ACID,Bengaluru-Peenya Cluster,87.29,104.52,KG,78.56,114.97
PRC_03534,2026-07-18,BATTERY,BATTERY_LITHIUM_PORTABLE,Bengaluru-Peenya Cluster,122.29,152.52,KG,110.06,167.77
PRC_03535,2026-07-18,DISPLAY,LCD_PANEL_INTACT,Bengaluru-Peenya Cluster,152.29,212.52,PIECE,137.06,233.77
PRC_03536,2026-07-18,DISPLAY,CRT_MONITOR,Bengaluru-Peenya Cluster,62.29,92.52,PIECE,56.06,101.77
PRC_03537,2026-07-18,PLASTIC,MIXED_EWASTE_CASING,Bengaluru-Peenya Cluster,20.29,28.52,KG,18.26,31.37
PRC_03538,2026-07-18,PCB,MOTHERBOARD_HIGH_GRADE,Bhubaneswar-Cuttack Cluster,282.29,322.52,KG,254.06,354.77
PRC_03539,2026-07-18,PCB,POWER_SUPPLY_LOW_GRADE,Bhubaneswar-Cuttack Cluster,47.29,62.52,KG,42.56,68.77
PRC_03540,2026-07-18,CABLE,COPPER_HEAVY_INSULATED,Bhubaneswar-Cuttack Cluster,422.29,472.52,KG,380.06,519.77
PRC_03541,2026-07-18,CABLE,ALUMINIUM_WIRE,Bhubaneswar-Cuttack Cluster,112.29,137.52,KG,101.06,151.27
PRC_03542,2026-07-18,BATTERY,LEAD_ACID,Bhubaneswar-Cuttack Cluster,87.29,104.52,KG,78.56,114.97
PRC_03543,2026-07-18,BATTERY,BATTERY_LITHIUM_PORTABLE,Bhubaneswar-Cuttack Cluster,122.29,152.52,KG,110.06,167.77
PRC_03544,2026-07-18,DISPLAY,LCD_PANEL_INTACT,Bhubaneswar-Cuttack Cluster,152.29,212.52,PIECE,137.06,233.77
PRC_03545,2026-07-18,DISPLAY,CRT_MONITOR,Bhubaneswar-Cuttack Cluster,62.29,92.52,PIECE,56.06,101.77
PRC_03546,2026-07-18,PLASTIC,MIXED_EWASTE_CASING,Bhubaneswar-Cuttack Cluster,20.29,28.52,KG,18.26,31.37
PRC_03547,2026-07-18,PCB,MOTHERBOARD_HIGH_GRADE,Chennai-Ambattur Cluster,282.29,322.52,KG,254.06,354.77
PRC_03548,2026-07-18,PCB,POWER_SUPPLY_LOW_GRADE,Chennai-Ambattur Cluster,47.29,62.52,KG,42.56,68.77
PRC_03549,2026-07-18,CABLE,COPPER_HEAVY_INSULATED,Chennai-Ambattur Cluster,422.29,472.52,KG,380.06,519.77
PRC_03550,2026-07-18,CABLE,ALUMINIUM_WIRE,Chennai-Ambattur Cluster,112.29,137.52,KG,101.06,151.27
PRC_03551,2026-07-18,BATTERY,LEAD_ACID,Chennai-Ambattur Cluster,87.29,104.52,KG,78.56,114.97
PRC_03552,2026-07-18,BATTERY,BATTERY_LITHIUM_PORTABLE,Chennai-Ambattur Cluster,122.29,152.52,KG,110.06,167.77
PRC_03553,2026-07-18,DISPLAY,LCD_PANEL_INTACT,Chennai-Ambattur Cluster,152.29,212.52,PIECE,137.06,233.77
PRC_03554,2026-07-18,DISPLAY,CRT_MONITOR,Chennai-Ambattur Cluster,62.29,92.52,PIECE,56.06,101.77
PRC_03555,2026-07-18,PLASTIC,MIXED_EWASTE_CASING,Chennai-Ambattur Cluster,20.29,28.52,KG,18.26,31.37
PRC_03556,2026-07-19,PCB,MOTHERBOARD_HIGH_GRADE,Delhi-Mayapuri Cluster,279.98,319.97,KG,251.98,351.97
PRC_03557,2026-07-19,PCB,POWER_SUPPLY_LOW_GRADE,Delhi-Mayapuri Cluster,44.98,59.97,KG,40.48,65.97
PRC_03558,2026-07-19,CABLE,COPPER_HEAVY_INSULATED,Delhi-Mayapuri Cluster,419.98,469.97,KG,377.98,516.97
PRC_03559,2026-07-19,CABLE,ALUMINIUM_WIRE,Delhi-Mayapuri Cluster,109.98,134.97,KG,98.98,148.47
PRC_03560,2026-07-19,BATTERY,LEAD_ACID,Delhi-Mayapuri Cluster,84.98,101.97,KG,76.48,112.17
PRC_03561,2026-07-19,BATTERY,BATTERY_LITHIUM_PORTABLE,Delhi-Mayapuri Cluster,119.98,149.97,KG,107.98,164.97
PRC_03562,2026-07-19,DISPLAY,LCD_PANEL_INTACT,Delhi-Mayapuri Cluster,149.98,209.97,PIECE,134.98,230.97
PRC_03563,2026-07-19,DISPLAY,CRT_MONITOR,Delhi-Mayapuri Cluster,59.98,89.97,PIECE,53.98,98.97
PRC_03564,2026-07-19,PLASTIC,MIXED_EWASTE_CASING,Delhi-Mayapuri Cluster,17.98,25.98,KG,16.18,28.58
PRC_03565,2026-07-19,PCB,MOTHERBOARD_HIGH_GRADE,Mumbai-Dharavi Cluster,279.98,319.97,KG,251.98,351.97
PRC_03566,2026-07-19,PCB,POWER_SUPPLY_LOW_GRADE,Mumbai-Dharavi Cluster,44.98,59.97,KG,40.48,65.97
PRC_03567,2026-07-19,CABLE,COPPER_HEAVY_INSULATED,Mumbai-Dharavi Cluster,419.98,469.97,KG,377.98,516.97
PRC_03568,2026-07-19,CABLE,ALUMINIUM_WIRE,Mumbai-Dharavi Cluster,109.98,134.97,KG,98.98,148.47
PRC_03569,2026-07-19,BATTERY,LEAD_ACID,Mumbai-Dharavi Cluster,84.98,101.97,KG,76.48,112.17
PRC_03570,2026-07-19,BATTERY,BATTERY_LITHIUM_PORTABLE,Mumbai-Dharavi Cluster,119.98,149.97,KG,107.98,164.97
PRC_03571,2026-07-19,DISPLAY,LCD_PANEL_INTACT,Mumbai-Dharavi Cluster,149.98,209.97,PIECE,134.98,230.97
PRC_03572,2026-07-19,DISPLAY,CRT_MONITOR,Mumbai-Dharavi Cluster,59.98,89.97,PIECE,53.98,98.97
PRC_03573,2026-07-19,PLASTIC,MIXED_EWASTE_CASING,Mumbai-Dharavi Cluster,17.98,25.98,KG,16.18,28.58
PRC_03574,2026-07-19,PCB,MOTHERBOARD_HIGH_GRADE,Bengaluru-Peenya Cluster,279.98,319.97,KG,251.98,351.97
PRC_03575,2026-07-19,PCB,POWER_SUPPLY_LOW_GRADE,Bengaluru-Peenya Cluster,44.98,59.97,KG,40.48,65.97
PRC_03576,2026-07-19,CABLE,COPPER_HEAVY_INSULATED,Bengaluru-Peenya Cluster,419.98,469.97,KG,377.98,516.97
PRC_03577,2026-07-19,CABLE,ALUMINIUM_WIRE,Bengaluru-Peenya Cluster,109.98,134.97,KG,98.98,148.47
PRC_03578,2026-07-19,BATTERY,LEAD_ACID,Bengaluru-Peenya Cluster,84.98,101.97,KG,76.48,112.17
PRC_03579,2026-07-19,BATTERY,BATTERY_LITHIUM_PORTABLE,Bengaluru-Peenya Cluster,119.98,149.97,KG,107.98,164.97
PRC_03580,2026-07-19,DISPLAY,LCD_PANEL_INTACT,Bengaluru-Peenya Cluster,149.98,209.97,PIECE,134.98,230.97
PRC_03581,2026-07-19,DISPLAY,CRT_MONITOR,Bengaluru-Peenya Cluster,59.98,89.97,PIECE,53.98,98.97
PRC_03582,2026-07-19,PLASTIC,MIXED_EWASTE_CASING,Bengaluru-Peenya Cluster,17.98,25.98,KG,16.18,28.58
PRC_03583,2026-07-19,PCB,MOTHERBOARD_HIGH_GRADE,Bhubaneswar-Cuttack Cluster,279.98,319.97,KG,251.98,351.97
PRC_03584,2026-07-19,PCB,POWER_SUPPLY_LOW_GRADE,Bhubaneswar-Cuttack Cluster,44.98,59.97,KG,40.48,65.97
PRC_03585,2026-07-19,CABLE,COPPER_HEAVY_INSULATED,Bhubaneswar-Cuttack Cluster,419.98,469.97,KG,377.98,516.97
PRC_03586,2026-07-19,CABLE,ALUMINIUM_WIRE,Bhubaneswar-Cuttack Cluster,109.98,134.97,KG,98.98,148.47
PRC_03587,2026-07-19,BATTERY,LEAD_ACID,Bhubaneswar-Cuttack Cluster,84.98,101.97,KG,76.48,112.17
PRC_03588,2026-07-19,BATTERY,BATTERY_LITHIUM_PORTABLE,Bhubaneswar-Cuttack Cluster,119.98,149.97,KG,107.98,164.97
PRC_03589,2026-07-19,DISPLAY,LCD_PANEL_INTACT,Bhubaneswar-Cuttack Cluster,149.98,209.97,PIECE,134.98,230.97
PRC_03590,2026-07-19,DISPLAY,CRT_MONITOR,Bhubaneswar-Cuttack Cluster,59.98,89.97,PIECE,53.98,98.97
PRC_03591,2026-07-19,PLASTIC,MIXED_EWASTE_CASING,Bhubaneswar-Cuttack Cluster,17.98,25.98,KG,16.18,28.58
PRC_03592,2026-07-19,PCB,MOTHERBOARD_HIGH_GRADE,Chennai-Ambattur Cluster,279.98,319.97,KG,251.98,351.97
PRC_03593,2026-07-19,PCB,POWER_SUPPLY_LOW_GRADE,Chennai-Ambattur Cluster,44.98,59.97,KG,40.48,65.97
PRC_03594,2026-07-19,CABLE,COPPER_HEAVY_INSULATED,Chennai-Ambattur Cluster,419.98,469.97,KG,377.98,516.97
PRC_03595,2026-07-19,CABLE,ALUMINIUM_WIRE,Chennai-Ambattur Cluster,109.98,134.97,KG,98.98,148.47
PRC_03596,2026-07-19,BATTERY,LEAD_ACID,Chennai-Ambattur Cluster,84.98,101.97,KG,76.48,112.17
PRC_03597,2026-07-19,BATTERY,BATTERY_LITHIUM_PORTABLE,Chennai-Ambattur Cluster,119.98,149.97,KG,107.98,164.97
PRC_03598,2026-07-19,DISPLAY,LCD_PANEL_INTACT,Chennai-Ambattur Cluster,149.98,209.97,PIECE,134.98,230.97
PRC_03599,2026-07-19,DISPLAY,CRT_MONITOR,Chennai-Ambattur Cluster,59.98,89.97,PIECE,53.98,98.97
PRC_03600,2026-07-19,PLASTIC,MIXED_EWASTE_CASING,Chennai-Ambattur Cluster,17.98,25.98,KG,16.18,28.58
PRC_03601,2026-07-20,PCB,MOTHERBOARD_HIGH_GRADE,Delhi-Mayapuri Cluster,283.41,323.75,KG,255.07,356.13
PRC_03602,2026-07-20,PCB,POWER_SUPPLY_LOW_GRADE,Delhi-Mayapuri Cluster,48.41,63.75,KG,43.57,70.12
PRC_03603,2026-07-20,CABLE,COPPER_HEAVY_INSULATED,Delhi-Mayapuri Cluster,423.41,473.75,KG,381.07,521.12
PRC_03604,2026-07-20,CABLE,ALUMINIUM_WIRE,Delhi-Mayapuri Cluster,113.41,138.75,KG,102.07,152.62
PRC_03605,2026-07-20,BATTERY,LEAD_ACID,Delhi-Mayapuri Cluster,88.41,105.75,KG,79.57,116.32
PRC_03606,2026-07-20,BATTERY,BATTERY_LITHIUM_PORTABLE,Delhi-Mayapuri Cluster,123.41,153.75,KG,111.07,169.12
PRC_03607,2026-07-20,DISPLAY,LCD_PANEL_INTACT,Delhi-Mayapuri Cluster,153.41,213.75,PIECE,138.07,235.13
PRC_03608,2026-07-20,DISPLAY,CRT_MONITOR,Delhi-Mayapuri Cluster,63.41,93.75,PIECE,57.07,103.13
PRC_03609,2026-07-20,PLASTIC,MIXED_EWASTE_CASING,Delhi-Mayapuri Cluster,21.41,29.75,KG,19.27,32.72
PRC_03610,2026-07-20,PCB,MOTHERBOARD_HIGH_GRADE,Mumbai-Dharavi Cluster,283.41,323.75,KG,255.07,356.13
PRC_03611,2026-07-20,PCB,POWER_SUPPLY_LOW_GRADE,Mumbai-Dharavi Cluster,48.41,63.75,KG,43.57,70.12
PRC_03612,2026-07-20,CABLE,COPPER_HEAVY_INSULATED,Mumbai-Dharavi Cluster,423.41,473.75,KG,381.07,521.12
PRC_03613,2026-07-20,CABLE,ALUMINIUM_WIRE,Mumbai-Dharavi Cluster,113.41,138.75,KG,102.07,152.62
PRC_03614,2026-07-20,BATTERY,LEAD_ACID,Mumbai-Dharavi Cluster,88.41,105.75,KG,79.57,116.32
PRC_03615,2026-07-20,BATTERY,BATTERY_LITHIUM_PORTABLE,Mumbai-Dharavi Cluster,123.41,153.75,KG,111.07,169.12
PRC_03616,2026-07-20,DISPLAY,LCD_PANEL_INTACT,Mumbai-Dharavi Cluster,153.41,213.75,PIECE,138.07,235.13
PRC_03617,2026-07-20,DISPLAY,CRT_MONITOR,Mumbai-Dharavi Cluster,63.41,93.75,PIECE,57.07,103.13
PRC_03618,2026-07-20,PLASTIC,MIXED_EWASTE_CASING,Mumbai-Dharavi Cluster,21.41,29.75,KG,19.27,32.72
PRC_03619,2026-07-20,PCB,MOTHERBOARD_HIGH_GRADE,Bengaluru-Peenya Cluster,283.41,323.75,KG,255.07,356.13
PRC_03620,2026-07-20,PCB,POWER_SUPPLY_LOW_GRADE,Bengaluru-Peenya Cluster,48.41,63.75,KG,43.57,70.12
PRC_03621,2026-07-20,CABLE,COPPER_HEAVY_INSULATED,Bengaluru-Peenya Cluster,423.41,473.75,KG,381.07,521.12
PRC_03622,2026-07-20,CABLE,ALUMINIUM_WIRE,Bengaluru-Peenya Cluster,113.41,138.75,KG,102.07,152.62
PRC_03623,2026-07-20,BATTERY,LEAD_ACID,Bengaluru-Peenya Cluster,88.41,105.75,KG,79.57,116.32
PRC_03624,2026-07-20,BATTERY,BATTERY_LITHIUM_PORTABLE,Bengaluru-Peenya Cluster,123.41,153.75,KG,111.07,169.12
PRC_03625,2026-07-20,DISPLAY,LCD_PANEL_INTACT,Bengaluru-Peenya Cluster,153.41,213.75,PIECE,138.07,235.13
PRC_03626,2026-07-20,DISPLAY,CRT_MONITOR,Bengaluru-Peenya Cluster,63.41,93.75,PIECE,57.07,103.13
PRC_03627,2026-07-20,PLASTIC,MIXED_EWASTE_CASING,Bengaluru-Peenya Cluster,21.41,29.75,KG,19.27,32.72
PRC_03628,2026-07-20,PCB,MOTHERBOARD_HIGH_GRADE,Bhubaneswar-Cuttack Cluster,283.41,323.75,KG,255.07,356.13
PRC_03629,2026-07-20,PCB,POWER_SUPPLY_LOW_GRADE,Bhubaneswar-Cuttack Cluster,48.41,63.75,KG,43.57,70.12
PRC_03630,2026-07-20,CABLE,COPPER_HEAVY_INSULATED,Bhubaneswar-Cuttack Cluster,423.41,473.75,KG,381.07,521.12
PRC_03631,2026-07-20,CABLE,ALUMINIUM_WIRE,Bhubaneswar-Cuttack Cluster,113.41,138.75,KG,102.07,152.62
PRC_03632,2026-07-20,BATTERY,LEAD_ACID,Bhubaneswar-Cuttack Cluster,88.41,105.75,KG,79.57,116.32
PRC_03633,2026-07-20,BATTERY,BATTERY_LITHIUM_PORTABLE,Bhubaneswar-Cuttack Cluster,123.41,153.75,KG,111.07,169.12
PRC_03634,2026-07-20,DISPLAY,LCD_PANEL_INTACT,Bhubaneswar-Cuttack Cluster,153.41,213.75,PIECE,138.07,235.13
PRC_03635,2026-07-20,DISPLAY,CRT_MONITOR,Bhubaneswar-Cuttack Cluster,63.41,93.75,PIECE,57.07,103.13
PRC_03636,2026-07-20,PLASTIC,MIXED_EWASTE_CASING,Bhubaneswar-Cuttack Cluster,21.41,29.75,KG,19.27,32.72
PRC_03637,2026-07-20,PCB,MOTHERBOARD_HIGH_GRADE,Chennai-Ambattur Cluster,283.41,323.75,KG,255.07,356.13
PRC_03638,2026-07-20,PCB,POWER_SUPPLY_LOW_GRADE,Chennai-Ambattur Cluster,48.41,63.75,KG,43.57,70.12
PRC_03639,2026-07-20,CABLE,COPPER_HEAVY_INSULATED,Chennai-Ambattur Cluster,423.41,473.75,KG,381.07,521.12
PRC_03640,2026-07-20,CABLE,ALUMINIUM_WIRE,Chennai-Ambattur Cluster,113.41,138.75,KG,102.07,152.62
PRC_03641,2026-07-20,BATTERY,LEAD_ACID,Chennai-Ambattur Cluster,88.41,105.75,KG,79.57,116.32
PRC_03642,2026-07-20,BATTERY,BATTERY_LITHIUM_PORTABLE,Chennai-Ambattur Cluster,123.41,153.75,KG,111.07,169.12
PRC_03643,2026-07-20,DISPLAY,LCD_PANEL_INTACT,Chennai-Ambattur Cluster,153.41,213.75,PIECE,138.07,235.13
PRC_03644,2026-07-20,DISPLAY,CRT_MONITOR,Chennai-Ambattur Cluster,63.41,93.75,PIECE,57.07,103.13
PRC_03645,2026-07-20,PLASTIC,MIXED_EWASTE_CASING,Chennai-Ambattur Cluster,21.41,29.75,KG,19.27,32.72
PRC_03646,2026-07-21,PCB,MOTHERBOARD_HIGH_GRADE,Delhi-Mayapuri Cluster,285.04,325.54,KG,256.54,358.09
PRC_03647,2026-07-21,PCB,POWER_SUPPLY_LOW_GRADE,Delhi-Mayapuri Cluster,50.04,65.54,KG,45.04,72.09
PRC_03648,2026-07-21,CABLE,COPPER_HEAVY_INSULATED,Delhi-Mayapuri Cluster,425.04,475.54,KG,382.54,523.09
PRC_03649,2026-07-21,CABLE,ALUMINIUM_WIRE,Delhi-Mayapuri Cluster,115.04,140.54,KG,103.54,154.59
PRC_03650,2026-07-21,BATTERY,LEAD_ACID,Delhi-Mayapuri Cluster,90.04,107.54,KG,81.04,118.29
PRC_03651,2026-07-21,BATTERY,BATTERY_LITHIUM_PORTABLE,Delhi-Mayapuri Cluster,125.04,155.54,KG,112.54,171.09
PRC_03652,2026-07-21,DISPLAY,LCD_PANEL_INTACT,Delhi-Mayapuri Cluster,155.04,215.54,PIECE,139.54,237.09
PRC_03653,2026-07-21,DISPLAY,CRT_MONITOR,Delhi-Mayapuri Cluster,65.04,95.54,PIECE,58.54,105.09
PRC_03654,2026-07-21,PLASTIC,MIXED_EWASTE_CASING,Delhi-Mayapuri Cluster,23.04,31.54,KG,20.74,34.69
PRC_03655,2026-07-21,PCB,MOTHERBOARD_HIGH_GRADE,Mumbai-Dharavi Cluster,285.04,325.54,KG,256.54,358.09
PRC_03656,2026-07-21,PCB,POWER_SUPPLY_LOW_GRADE,Mumbai-Dharavi Cluster,50.04,65.54,KG,45.04,72.09
PRC_03657,2026-07-21,CABLE,COPPER_HEAVY_INSULATED,Mumbai-Dharavi Cluster,425.04,475.54,KG,382.54,523.09
PRC_03658,2026-07-21,CABLE,ALUMINIUM_WIRE,Mumbai-Dharavi Cluster,115.04,140.54,KG,103.54,154.59
PRC_03659,2026-07-21,BATTERY,LEAD_ACID,Mumbai-Dharavi Cluster,90.04,107.54,KG,81.04,118.29
PRC_03660,2026-07-21,BATTERY,BATTERY_LITHIUM_PORTABLE,Mumbai-Dharavi Cluster,125.04,155.54,KG,112.54,171.09
PRC_03661,2026-07-21,DISPLAY,LCD_PANEL_INTACT,Mumbai-Dharavi Cluster,155.04,215.54,PIECE,139.54,237.09
PRC_03662,2026-07-21,DISPLAY,CRT_MONITOR,Mumbai-Dharavi Cluster,65.04,95.54,PIECE,58.54,105.09
PRC_03663,2026-07-21,PLASTIC,MIXED_EWASTE_CASING,Mumbai-Dharavi Cluster,23.04,31.54,KG,20.74,34.69
PRC_03664,2026-07-21,PCB,MOTHERBOARD_HIGH_GRADE,Bengaluru-Peenya Cluster,285.04,325.54,KG,256.54,358.09
PRC_03665,2026-07-21,PCB,POWER_SUPPLY_LOW_GRADE,Bengaluru-Peenya Cluster,50.04,65.54,KG,45.04,72.09
PRC_03666,2026-07-21,CABLE,COPPER_HEAVY_INSULATED,Bengaluru-Peenya Cluster,425.04,475.54,KG,382.54,523.09
PRC_03667,2026-07-21,CABLE,ALUMINIUM_WIRE,Bengaluru-Peenya Cluster,115.04,140.54,KG,103.54,154.59
PRC_03668,2026-07-21,BATTERY,LEAD_ACID,Bengaluru-Peenya Cluster,90.04,107.54,KG,81.04,118.29
PRC_03669,2026-07-21,BATTERY,BATTERY_LITHIUM_PORTABLE,Bengaluru-Peenya Cluster,125.04,155.54,KG,112.54,171.09
PRC_03670,2026-07-21,DISPLAY,LCD_PANEL_INTACT,Bengaluru-Peenya Cluster,155.04,215.54,PIECE,139.54,237.09
PRC_03671,2026-07-21,DISPLAY,CRT_MONITOR,Bengaluru-Peenya Cluster,65.04,95.54,PIECE,58.54,105.09
PRC_03672,2026-07-21,PLASTIC,MIXED_EWASTE_CASING,Bengaluru-Peenya Cluster,23.04,31.54,KG,20.74,34.69
PRC_03673,2026-07-21,PCB,MOTHERBOARD_HIGH_GRADE,Bhubaneswar-Cuttack Cluster,285.04,325.54,KG,256.54,358.09
PRC_03674,2026-07-21,PCB,POWER_SUPPLY_LOW_GRADE,Bhubaneswar-Cuttack Cluster,50.04,65.54,KG,45.04,72.09
PRC_03675,2026-07-21,CABLE,COPPER_HEAVY_INSULATED,Bhubaneswar-Cuttack Cluster,425.04,475.54,KG,382.54,523.09
PRC_03676,2026-07-21,CABLE,ALUMINIUM_WIRE,Bhubaneswar-Cuttack Cluster,115.04,140.54,KG,103.54,154.59
PRC_03677,2026-07-21,BATTERY,LEAD_ACID,Bhubaneswar-Cuttack Cluster,90.04,107.54,KG,81.04,118.29
PRC_03678,2026-07-21,BATTERY,BATTERY_LITHIUM_PORTABLE,Bhubaneswar-Cuttack Cluster,125.04,155.54,KG,112.54,171.09
PRC_03679,2026-07-21,DISPLAY,LCD_PANEL_INTACT,Bhubaneswar-Cuttack Cluster,155.04,215.54,PIECE,139.54,237.09
PRC_03680,2026-07-21,DISPLAY,CRT_MONITOR,Bhubaneswar-Cuttack Cluster,65.04,95.54,PIECE,58.54,105.09
PRC_03681,2026-07-21,PLASTIC,MIXED_EWASTE_CASING,Bhubaneswar-Cuttack Cluster,23.04,31.54,KG,20.74,34.69
PRC_03682,2026-07-21,PCB,MOTHERBOARD_HIGH_GRADE,Chennai-Ambattur Cluster,285.04,325.54,KG,256.54,358.09
PRC_03683,2026-07-21,PCB,POWER_SUPPLY_LOW_GRADE,Chennai-Ambattur Cluster,50.04,65.54,KG,45.04,72.09
PRC_03684,2026-07-21,CABLE,COPPER_HEAVY_INSULATED,Chennai-Ambattur Cluster,425.04,475.54,KG,382.54,523.09
PRC_03685,2026-07-21,CABLE,ALUMINIUM_WIRE,Chennai-Ambattur Cluster,115.04,140.54,KG,103.54,154.59
PRC_03686,2026-07-21,BATTERY,LEAD_ACID,Chennai-Ambattur Cluster,90.04,107.54,KG,81.04,118.29
PRC_03687,2026-07-21,BATTERY,BATTERY_LITHIUM_PORTABLE,Chennai-Ambattur Cluster,125.04,155.54,KG,112.54,171.09
PRC_03688,2026-07-21,DISPLAY,LCD_PANEL_INTACT,Chennai-Ambattur Cluster,155.04,215.54,PIECE,139.54,237.09
PRC_03689,2026-07-21,DISPLAY,CRT_MONITOR,Chennai-Ambattur Cluster,65.04,95.54,PIECE,58.54,105.09
PRC_03690,2026-07-21,PLASTIC,MIXED_EWASTE_CASING,Chennai-Ambattur Cluster,23.04,31.54,KG,20.74,34.69
PRC_03691,2026-07-22,PCB,MOTHERBOARD_HIGH_GRADE,Delhi-Mayapuri Cluster,287.44,328.19,KG,258.7,361.01
PRC_03692,2026-07-22,PCB,POWER_SUPPLY_LOW_GRADE,Delhi-Mayapuri Cluster,52.44,68.19,KG,47.2,75.01
PRC_03693,2026-07-22,CABLE,COPPER_HEAVY_INSULATED,Delhi-Mayapuri Cluster,427.44,478.19,KG,384.7,526.01
PRC_03694,2026-07-22,CABLE,ALUMINIUM_WIRE,Delhi-Mayapuri Cluster,117.44,143.19,KG,105.7,157.51
PRC_03695,2026-07-22,BATTERY,LEAD_ACID,Delhi-Mayapuri Cluster,92.44,110.19,KG,83.2,121.21
PRC_03696,2026-07-22,BATTERY,BATTERY_LITHIUM_PORTABLE,Delhi-Mayapuri Cluster,127.44,158.19,KG,114.7,174.01
PRC_03697,2026-07-22,DISPLAY,LCD_PANEL_INTACT,Delhi-Mayapuri Cluster,157.44,218.19,PIECE,141.7,240.01
PRC_03698,2026-07-22,DISPLAY,CRT_MONITOR,Delhi-Mayapuri Cluster,67.44,98.19,PIECE,60.7,108.01
PRC_03699,2026-07-22,PLASTIC,MIXED_EWASTE_CASING,Delhi-Mayapuri Cluster,25.44,34.19,KG,22.9,37.61
PRC_03700,2026-07-22,PCB,MOTHERBOARD_HIGH_GRADE,Mumbai-Dharavi Cluster,287.44,328.19,KG,258.7,361.01
PRC_03701,2026-07-22,PCB,POWER_SUPPLY_LOW_GRADE,Mumbai-Dharavi Cluster,52.44,68.19,KG,47.2,75.01
PRC_03702,2026-07-22,CABLE,COPPER_HEAVY_INSULATED,Mumbai-Dharavi Cluster,427.44,478.19,KG,384.7,526.01
PRC_03703,2026-07-22,CABLE,ALUMINIUM_WIRE,Mumbai-Dharavi Cluster,117.44,143.19,KG,105.7,157.51
PRC_03704,2026-07-22,BATTERY,LEAD_ACID,Mumbai-Dharavi Cluster,92.44,110.19,KG,83.2,121.21
PRC_03705,2026-07-22,BATTERY,BATTERY_LITHIUM_PORTABLE,Mumbai-Dharavi Cluster,127.44,158.19,KG,114.7,174.01
PRC_03706,2026-07-22,DISPLAY,LCD_PANEL_INTACT,Mumbai-Dharavi Cluster,157.44,218.19,PIECE,141.7,240.01
PRC_03707,2026-07-22,DISPLAY,CRT_MONITOR,Mumbai-Dharavi Cluster,67.44,98.19,PIECE,60.7,108.01
PRC_03708,2026-07-22,PLASTIC,MIXED_EWASTE_CASING,Mumbai-Dharavi Cluster,25.44,34.19,KG,22.9,37.61
PRC_03709,2026-07-22,PCB,MOTHERBOARD_HIGH_GRADE,Bengaluru-Peenya Cluster,287.44,328.19,KG,258.7,361.01
PRC_03710,2026-07-22,PCB,POWER_SUPPLY_LOW_GRADE,Bengaluru-Peenya Cluster,52.44,68.19,KG,47.2,75.01
PRC_03711,2026-07-22,CABLE,COPPER_HEAVY_INSULATED,Bengaluru-Peenya Cluster,427.44,478.19,KG,384.7,526.01
PRC_03712,2026-07-22,CABLE,ALUMINIUM_WIRE,Bengaluru-Peenya Cluster,117.44,143.19,KG,105.7,157.51
PRC_03713,2026-07-22,BATTERY,LEAD_ACID,Bengaluru-Peenya Cluster,92.44,110.19,KG,83.2,121.21
PRC_03714,2026-07-22,BATTERY,BATTERY_LITHIUM_PORTABLE,Bengaluru-Peenya Cluster,127.44,158.19,KG,114.7,174.01
PRC_03715,2026-07-22,DISPLAY,LCD_PANEL_INTACT,Bengaluru-Peenya Cluster,157.44,218.19,PIECE,141.7,240.01
PRC_03716,2026-07-22,DISPLAY,CRT_MONITOR,Bengaluru-Peenya Cluster,67.44,98.19,PIECE,60.7,108.01
PRC_03717,2026-07-22,PLASTIC,MIXED_EWASTE_CASING,Bengaluru-Peenya Cluster,25.44,34.19,KG,22.9,37.61
PRC_03718,2026-07-22,PCB,MOTHERBOARD_HIGH_GRADE,Bhubaneswar-Cuttack Cluster,287.44,328.19,KG,258.7,361.01
PRC_03719,2026-07-22,PCB,POWER_SUPPLY_LOW_GRADE,Bhubaneswar-Cuttack Cluster,52.44,68.19,KG,47.2,75.01
PRC_03720,2026-07-22,CABLE,COPPER_HEAVY_INSULATED,Bhubaneswar-Cuttack Cluster,427.44,478.19,KG,384.7,526.01
PRC_03721,2026-07-22,CABLE,ALUMINIUM_WIRE,Bhubaneswar-Cuttack Cluster,117.44,143.19,KG,105.7,157.51
PRC_03722,2026-07-22,BATTERY,LEAD_ACID,Bhubaneswar-Cuttack Cluster,92.44,110.19,KG,83.2,121.21
PRC_03723,2026-07-22,BATTERY,BATTERY_LITHIUM_PORTABLE,Bhubaneswar-Cuttack Cluster,127.44,158.19,KG,114.7,174.01
PRC_03724,2026-07-22,DISPLAY,LCD_PANEL_INTACT,Bhubaneswar-Cuttack Cluster,157.44,218.19,PIECE,141.7,240.01
PRC_03725,2026-07-22,DISPLAY,CRT_MONITOR,Bhubaneswar-Cuttack Cluster,67.44,98.19,PIECE,60.7,108.01
PRC_03726,2026-07-22,PLASTIC,MIXED_EWASTE_CASING,Bhubaneswar-Cuttack Cluster,25.44,34.19,KG,22.9,37.61
PRC_03727,2026-07-22,PCB,MOTHERBOARD_HIGH_GRADE,Chennai-Ambattur Cluster,287.44,328.19,KG,258.7,361.01
PRC_03728,2026-07-22,PCB,POWER_SUPPLY_LOW_GRADE,Chennai-Ambattur Cluster,52.44,68.19,KG,47.2,75.01
PRC_03729,2026-07-22,CABLE,COPPER_HEAVY_INSULATED,Chennai-Ambattur Cluster,427.44,478.19,KG,384.7,526.01
PRC_03730,2026-07-22,CABLE,ALUMINIUM_WIRE,Chennai-Ambattur Cluster,117.44,143.19,KG,105.7,157.51
PRC_03731,2026-07-22,BATTERY,LEAD_ACID,Chennai-Ambattur Cluster,92.44,110.19,KG,83.2,121.21
PRC_03732,2026-07-22,BATTERY,BATTERY_LITHIUM_PORTABLE,Chennai-Ambattur Cluster,127.44,158.19,KG,114.7,174.01
PRC_03733,2026-07-22,DISPLAY,LCD_PANEL_INTACT,Chennai-Ambattur Cluster,157.44,218.19,PIECE,141.7,240.01
PRC_03734,2026-07-22,DISPLAY,CRT_MONITOR,Chennai-Ambattur Cluster,67.44,98.19,PIECE,60.7,108.01
PRC_03735,2026-07-22,PLASTIC,MIXED_EWASTE_CASING,Chennai-Ambattur Cluster,25.44,34.19,KG,22.9,37.61
PRC_03736,2026-07-23,PCB,MOTHERBOARD_HIGH_GRADE,Delhi-Mayapuri Cluster,285.14,325.66,KG,256.63,358.23
PRC_03737,2026-07-23,PCB,POWER_SUPPLY_LOW_GRADE,Delhi-Mayapuri Cluster,50.14,65.66,KG,45.13,72.23
PRC_03738,2026-07-23,CABLE,COPPER_HEAVY_INSULATED,Delhi-Mayapuri Cluster,425.14,475.66,KG,382.63,523.23
PRC_03739,2026-07-23,CABLE,ALUMINIUM_WIRE,Delhi-Mayapuri Cluster,115.14,140.66,KG,103.63,154.73
PRC_03740,2026-07-23,BATTERY,LEAD_ACID,Delhi-Mayapuri Cluster,90.14,107.66,KG,81.13,118.43
PRC_03741,2026-07-23,BATTERY,BATTERY_LITHIUM_PORTABLE,Delhi-Mayapuri Cluster,125.14,155.66,KG,112.63,171.23
PRC_03742,2026-07-23,DISPLAY,LCD_PANEL_INTACT,Delhi-Mayapuri Cluster,155.14,215.66,PIECE,139.63,237.23
PRC_03743,2026-07-23,DISPLAY,CRT_MONITOR,Delhi-Mayapuri Cluster,65.14,95.66,PIECE,58.63,105.23
PRC_03744,2026-07-23,PLASTIC,MIXED_EWASTE_CASING,Delhi-Mayapuri Cluster,23.14,31.66,KG,20.83,34.83
PRC_03745,2026-07-23,PCB,MOTHERBOARD_HIGH_GRADE,Mumbai-Dharavi Cluster,285.14,325.66,KG,256.63,358.23
PRC_03746,2026-07-23,PCB,POWER_SUPPLY_LOW_GRADE,Mumbai-Dharavi Cluster,50.14,65.66,KG,45.13,72.23
PRC_03747,2026-07-23,CABLE,COPPER_HEAVY_INSULATED,Mumbai-Dharavi Cluster,425.14,475.66,KG,382.63,523.23
PRC_03748,2026-07-23,CABLE,ALUMINIUM_WIRE,Mumbai-Dharavi Cluster,115.14,140.66,KG,103.63,154.73
PRC_03749,2026-07-23,BATTERY,LEAD_ACID,Mumbai-Dharavi Cluster,90.14,107.66,KG,81.13,118.43
PRC_03750,2026-07-23,BATTERY,BATTERY_LITHIUM_PORTABLE,Mumbai-Dharavi Cluster,125.14,155.66,KG,112.63,171.23
PRC_03751,2026-07-23,DISPLAY,LCD_PANEL_INTACT,Mumbai-Dharavi Cluster,155.14,215.66,PIECE,139.63,237.23
PRC_03752,2026-07-23,DISPLAY,CRT_MONITOR,Mumbai-Dharavi Cluster,65.14,95.66,PIECE,58.63,105.23
PRC_03753,2026-07-23,PLASTIC,MIXED_EWASTE_CASING,Mumbai-Dharavi Cluster,23.14,31.66,KG,20.83,34.83
PRC_03754,2026-07-23,PCB,MOTHERBOARD_HIGH_GRADE,Bengaluru-Peenya Cluster,285.14,325.66,KG,256.63,358.23
PRC_03755,2026-07-23,PCB,POWER_SUPPLY_LOW_GRADE,Bengaluru-Peenya Cluster,50.14,65.66,KG,45.13,72.23
PRC_03756,2026-07-23,CABLE,COPPER_HEAVY_INSULATED,Bengaluru-Peenya Cluster,425.14,475.66,KG,382.63,523.23
PRC_03757,2026-07-23,CABLE,ALUMINIUM_WIRE,Bengaluru-Peenya Cluster,115.14,140.66,KG,103.63,154.73
PRC_03758,2026-07-23,BATTERY,LEAD_ACID,Bengaluru-Peenya Cluster,90.14,107.66,KG,81.13,118.43
PRC_03759,2026-07-23,BATTERY,BATTERY_LITHIUM_PORTABLE,Bengaluru-Peenya Cluster,125.14,155.66,KG,112.63,171.23
PRC_03760,2026-07-23,DISPLAY,LCD_PANEL_INTACT,Bengaluru-Peenya Cluster,155.14,215.66,PIECE,139.63,237.23
PRC_03761,2026-07-23,DISPLAY,CRT_MONITOR,Bengaluru-Peenya Cluster,65.14,95.66,PIECE,58.63,105.23
PRC_03762,2026-07-23,PLASTIC,MIXED_EWASTE_CASING,Bengaluru-Peenya Cluster,23.14,31.66,KG,20.83,34.83
PRC_03763,2026-07-23,PCB,MOTHERBOARD_HIGH_GRADE,Bhubaneswar-Cuttack Cluster,285.14,325.66,KG,256.63,358.23
PRC_03764,2026-07-23,PCB,POWER_SUPPLY_LOW_GRADE,Bhubaneswar-Cuttack Cluster,50.14,65.66,KG,45.13,72.23
PRC_03765,2026-07-23,CABLE,COPPER_HEAVY_INSULATED,Bhubaneswar-Cuttack Cluster,425.14,475.66,KG,382.63,523.23
PRC_03766,2026-07-23,CABLE,ALUMINIUM_WIRE,Bhubaneswar-Cuttack Cluster,115.14,140.66,KG,103.63,154.73
PRC_03767,2026-07-23,BATTERY,LEAD_ACID,Bhubaneswar-Cuttack Cluster,90.14,107.66,KG,81.13,118.43
PRC_03768,2026-07-23,BATTERY,BATTERY_LITHIUM_PORTABLE,Bhubaneswar-Cuttack Cluster,125.14,155.66,KG,112.63,171.23
PRC_03769,2026-07-23,DISPLAY,LCD_PANEL_INTACT,Bhubaneswar-Cuttack Cluster,155.14,215.66,PIECE,139.63,237.23
PRC_03770,2026-07-23,DISPLAY,CRT_MONITOR,Bhubaneswar-Cuttack Cluster,65.14,95.66,PIECE,58.63,105.23
PRC_03771,2026-07-23,PLASTIC,MIXED_EWASTE_CASING,Bhubaneswar-Cuttack Cluster,23.14,31.66,KG,20.83,34.83
PRC_03772,2026-07-23,PCB,MOTHERBOARD_HIGH_GRADE,Chennai-Ambattur Cluster,285.14,325.66,KG,256.63,358.23
PRC_03773,2026-07-23,PCB,POWER_SUPPLY_LOW_GRADE,Chennai-Ambattur Cluster,50.14,65.66,KG,45.13,72.23
PRC_03774,2026-07-23,CABLE,COPPER_HEAVY_INSULATED,Chennai-Ambattur Cluster,425.14,475.66,KG,382.63,523.23
PRC_03775,2026-07-23,CABLE,ALUMINIUM_WIRE,Chennai-Ambattur Cluster,115.14,140.66,KG,103.63,154.73
PRC_03776,2026-07-23,BATTERY,LEAD_ACID,Chennai-Ambattur Cluster,90.14,107.66,KG,81.13,118.43
PRC_03777,2026-07-23,BATTERY,BATTERY_LITHIUM_PORTABLE,Chennai-Ambattur Cluster,125.14,155.66,KG,112.63,171.23
PRC_03778,2026-07-23,DISPLAY,LCD_PANEL_INTACT,Chennai-Ambattur Cluster,155.14,215.66,PIECE,139.63,237.23
PRC_03779,2026-07-23,DISPLAY,CRT_MONITOR,Chennai-Ambattur Cluster,65.14,95.66,PIECE,58.63,105.23
PRC_03780,2026-07-23,PLASTIC,MIXED_EWASTE_CASING,Chennai-Ambattur Cluster,23.14,31.66,KG,20.83,34.83
PRC_03781,2026-07-24,PCB,MOTHERBOARD_HIGH_GRADE,Delhi-Mayapuri Cluster,285.36,325.89,KG,256.82,358.48
PRC_03782,2026-07-24,PCB,POWER_SUPPLY_LOW_GRADE,Delhi-Mayapuri Cluster,50.36,65.89,KG,45.32,72.48
PRC_03783,2026-07-24,CABLE,COPPER_HEAVY_INSULATED,Delhi-Mayapuri Cluster,425.36,475.89,KG,382.82,523.48
PRC_03784,2026-07-24,CABLE,ALUMINIUM_WIRE,Delhi-Mayapuri Cluster,115.36,140.89,KG,103.82,154.98
PRC_03785,2026-07-24,BATTERY,LEAD_ACID,Delhi-Mayapuri Cluster,90.36,107.89,KG,81.32,118.68
PRC_03786,2026-07-24,BATTERY,BATTERY_LITHIUM_PORTABLE,Delhi-Mayapuri Cluster,125.36,155.89,KG,112.82,171.48
PRC_03787,2026-07-24,DISPLAY,LCD_PANEL_INTACT,Delhi-Mayapuri Cluster,155.36,215.89,PIECE,139.82,237.48
PRC_03788,2026-07-24,DISPLAY,CRT_MONITOR,Delhi-Mayapuri Cluster,65.36,95.89,PIECE,58.82,105.48
PRC_03789,2026-07-24,PLASTIC,MIXED_EWASTE_CASING,Delhi-Mayapuri Cluster,23.36,31.89,KG,21.02,35.08
PRC_03790,2026-07-24,PCB,MOTHERBOARD_HIGH_GRADE,Mumbai-Dharavi Cluster,285.36,325.89,KG,256.82,358.48
PRC_03791,2026-07-24,PCB,POWER_SUPPLY_LOW_GRADE,Mumbai-Dharavi Cluster,50.36,65.89,KG,45.32,72.48
PRC_03792,2026-07-24,CABLE,COPPER_HEAVY_INSULATED,Mumbai-Dharavi Cluster,425.36,475.89,KG,382.82,523.48
PRC_03793,2026-07-24,CABLE,ALUMINIUM_WIRE,Mumbai-Dharavi Cluster,115.36,140.89,KG,103.82,154.98
PRC_03794,2026-07-24,BATTERY,LEAD_ACID,Mumbai-Dharavi Cluster,90.36,107.89,KG,81.32,118.68
PRC_03795,2026-07-24,BATTERY,BATTERY_LITHIUM_PORTABLE,Mumbai-Dharavi Cluster,125.36,155.89,KG,112.82,171.48
PRC_03796,2026-07-24,DISPLAY,LCD_PANEL_INTACT,Mumbai-Dharavi Cluster,155.36,215.89,PIECE,139.82,237.48
PRC_03797,2026-07-24,DISPLAY,CRT_MONITOR,Mumbai-Dharavi Cluster,65.36,95.89,PIECE,58.82,105.48
PRC_03798,2026-07-24,PLASTIC,MIXED_EWASTE_CASING,Mumbai-Dharavi Cluster,23.36,31.89,KG,21.02,35.08
PRC_03799,2026-07-24,PCB,MOTHERBOARD_HIGH_GRADE,Bengaluru-Peenya Cluster,285.36,325.89,KG,256.82,358.48
PRC_03800,2026-07-24,PCB,POWER_SUPPLY_LOW_GRADE,Bengaluru-Peenya Cluster,50.36,65.89,KG,45.32,72.48
PRC_03801,2026-07-24,CABLE,COPPER_HEAVY_INSULATED,Bengaluru-Peenya Cluster,425.36,475.89,KG,382.82,523.48
PRC_03802,2026-07-24,CABLE,ALUMINIUM_WIRE,Bengaluru-Peenya Cluster,115.36,140.89,KG,103.82,154.98
PRC_03803,2026-07-24,BATTERY,LEAD_ACID,Bengaluru-Peenya Cluster,90.36,107.89,KG,81.32,118.68
PRC_03804,2026-07-24,BATTERY,BATTERY_LITHIUM_PORTABLE,Bengaluru-Peenya Cluster,125.36,155.89,KG,112.82,171.48
PRC_03805,2026-07-24,DISPLAY,LCD_PANEL_INTACT,Bengaluru-Peenya Cluster,155.36,215.89,PIECE,139.82,237.48
PRC_03806,2026-07-24,DISPLAY,CRT_MONITOR,Bengaluru-Peenya Cluster,65.36,95.89,PIECE,58.82,105.48
PRC_03807,2026-07-24,PLASTIC,MIXED_EWASTE_CASING,Bengaluru-Peenya Cluster,23.36,31.89,KG,21.02,35.08
PRC_03808,2026-07-24,PCB,MOTHERBOARD_HIGH_GRADE,Bhubaneswar-Cuttack Cluster,285.36,325.89,KG,256.82,358.48
PRC_03809,2026-07-24,PCB,POWER_SUPPLY_LOW_GRADE,Bhubaneswar-Cuttack Cluster,50.36,65.89,KG,45.32,72.48
PRC_03810,2026-07-24,CABLE,COPPER_HEAVY_INSULATED,Bhubaneswar-Cuttack Cluster,425.36,475.89,KG,382.82,523.48
PRC_03811,2026-07-24,CABLE,ALUMINIUM_WIRE,Bhubaneswar-Cuttack Cluster,115.36,140.89,KG,103.82,154.98
PRC_03812,2026-07-24,BATTERY,LEAD_ACID,Bhubaneswar-Cuttack Cluster,90.36,107.89,KG,81.32,118.68
PRC_03813,2026-07-24,BATTERY,BATTERY_LITHIUM_PORTABLE,Bhubaneswar-Cuttack Cluster,125.36,155.89,KG,112.82,171.48
PRC_03814,2026-07-24,DISPLAY,LCD_PANEL_INTACT,Bhubaneswar-Cuttack Cluster,155.36,215.89,PIECE,139.82,237.48
PRC_03815,2026-07-24,DISPLAY,CRT_MONITOR,Bhubaneswar-Cuttack Cluster,65.36,95.89,PIECE,58.82,105.48
PRC_03816,2026-07-24,PLASTIC,MIXED_EWASTE_CASING,Bhubaneswar-Cuttack Cluster,23.36,31.89,KG,21.02,35.08
PRC_03817,2026-07-24,PCB,MOTHERBOARD_HIGH_GRADE,Chennai-Ambattur Cluster,285.36,325.89,KG,256.82,358.48
PRC_03818,2026-07-24,PCB,POWER_SUPPLY_LOW_GRADE,Chennai-Ambattur Cluster,50.36,65.89,KG,45.32,72.48
PRC_03819,2026-07-24,CABLE,COPPER_HEAVY_INSULATED,Chennai-Ambattur Cluster,425.36,475.89,KG,382.82,523.48
PRC_03820,2026-07-24,CABLE,ALUMINIUM_WIRE,Chennai-Ambattur Cluster,115.36,140.89,KG,103.82,154.98
PRC_03821,2026-07-24,BATTERY,LEAD_ACID,Chennai-Ambattur Cluster,90.36,107.89,KG,81.32,118.68
PRC_03822,2026-07-24,BATTERY,BATTERY_LITHIUM_PORTABLE,Chennai-Ambattur Cluster,125.36,155.89,KG,112.82,171.48
PRC_03823,2026-07-24,DISPLAY,LCD_PANEL_INTACT,Chennai-Ambattur Cluster,155.36,215.89,PIECE,139.82,237.48
PRC_03824,2026-07-24,DISPLAY,CRT_MONITOR,Chennai-Ambattur Cluster,65.36,95.89,PIECE,58.82,105.48
PRC_03825,2026-07-24,PLASTIC,MIXED_EWASTE_CASING,Chennai-Ambattur Cluster,23.36,31.89,KG,21.02,35.08
PRC_03826,2026-07-25,PCB,MOTHERBOARD_HIGH_GRADE,Delhi-Mayapuri Cluster,286.42,327.06,KG,257.78,359.77
PRC_03827,2026-07-25,PCB,POWER_SUPPLY_LOW_GRADE,Delhi-Mayapuri Cluster,51.42,67.06,KG,46.28,73.77
PRC_03828,2026-07-25,CABLE,COPPER_HEAVY_INSULATED,Delhi-Mayapuri Cluster,426.42,477.06,KG,383.78,524.77
PRC_03829,2026-07-25,CABLE,ALUMINIUM_WIRE,Delhi-Mayapuri Cluster,116.42,142.06,KG,104.78,156.27
PRC_03830,2026-07-25,BATTERY,LEAD_ACID,Delhi-Mayapuri Cluster,91.42,109.06,KG,82.28,119.97
PRC_03831,2026-07-25,BATTERY,BATTERY_LITHIUM_PORTABLE,Delhi-Mayapuri Cluster,126.42,157.06,KG,113.78,172.77
PRC_03832,2026-07-25,DISPLAY,LCD_PANEL_INTACT,Delhi-Mayapuri Cluster,156.42,217.06,PIECE,140.78,238.77
PRC_03833,2026-07-25,DISPLAY,CRT_MONITOR,Delhi-Mayapuri Cluster,66.42,97.06,PIECE,59.78,106.77
PRC_03834,2026-07-25,PLASTIC,MIXED_EWASTE_CASING,Delhi-Mayapuri Cluster,24.42,33.06,KG,21.98,36.37
PRC_03835,2026-07-25,PCB,MOTHERBOARD_HIGH_GRADE,Mumbai-Dharavi Cluster,286.42,327.06,KG,257.78,359.77
PRC_03836,2026-07-25,PCB,POWER_SUPPLY_LOW_GRADE,Mumbai-Dharavi Cluster,51.42,67.06,KG,46.28,73.77
PRC_03837,2026-07-25,CABLE,COPPER_HEAVY_INSULATED,Mumbai-Dharavi Cluster,426.42,477.06,KG,383.78,524.77
PRC_03838,2026-07-25,CABLE,ALUMINIUM_WIRE,Mumbai-Dharavi Cluster,116.42,142.06,KG,104.78,156.27
PRC_03839,2026-07-25,BATTERY,LEAD_ACID,Mumbai-Dharavi Cluster,91.42,109.06,KG,82.28,119.97
PRC_03840,2026-07-25,BATTERY,BATTERY_LITHIUM_PORTABLE,Mumbai-Dharavi Cluster,126.42,157.06,KG,113.78,172.77
PRC_03841,2026-07-25,DISPLAY,LCD_PANEL_INTACT,Mumbai-Dharavi Cluster,156.42,217.06,PIECE,140.78,238.77
PRC_03842,2026-07-25,DISPLAY,CRT_MONITOR,Mumbai-Dharavi Cluster,66.42,97.06,PIECE,59.78,106.77
PRC_03843,2026-07-25,PLASTIC,MIXED_EWASTE_CASING,Mumbai-Dharavi Cluster,24.42,33.06,KG,21.98,36.37
PRC_03844,2026-07-25,PCB,MOTHERBOARD_HIGH_GRADE,Bengaluru-Peenya Cluster,286.42,327.06,KG,257.78,359.77
PRC_03845,2026-07-25,PCB,POWER_SUPPLY_LOW_GRADE,Bengaluru-Peenya Cluster,51.42,67.06,KG,46.28,73.77
PRC_03846,2026-07-25,CABLE,COPPER_HEAVY_INSULATED,Bengaluru-Peenya Cluster,426.42,477.06,KG,383.78,524.77
PRC_03847,2026-07-25,CABLE,ALUMINIUM_WIRE,Bengaluru-Peenya Cluster,116.42,142.06,KG,104.78,156.27
PRC_03848,2026-07-25,BATTERY,LEAD_ACID,Bengaluru-Peenya Cluster,91.42,109.06,KG,82.28,119.97
PRC_03849,2026-07-25,BATTERY,BATTERY_LITHIUM_PORTABLE,Bengaluru-Peenya Cluster,126.42,157.06,KG,113.78,172.77
PRC_03850,2026-07-25,DISPLAY,LCD_PANEL_INTACT,Bengaluru-Peenya Cluster,156.42,217.06,PIECE,140.78,238.77
PRC_03851,2026-07-25,DISPLAY,CRT_MONITOR,Bengaluru-Peenya Cluster,66.42,97.06,PIECE,59.78,106.77
PRC_03852,2026-07-25,PLASTIC,MIXED_EWASTE_CASING,Bengaluru-Peenya Cluster,24.42,33.06,KG,21.98,36.37
PRC_03853,2026-07-25,PCB,MOTHERBOARD_HIGH_GRADE,Bhubaneswar-Cuttack Cluster,286.42,327.06,KG,257.78,359.77
PRC_03854,2026-07-25,PCB,POWER_SUPPLY_LOW_GRADE,Bhubaneswar-Cuttack Cluster,51.42,67.06,KG,46.28,73.77
PRC_03855,2026-07-25,CABLE,COPPER_HEAVY_INSULATED,Bhubaneswar-Cuttack Cluster,426.42,477.06,KG,383.78,524.77
PRC_03856,2026-07-25,CABLE,ALUMINIUM_WIRE,Bhubaneswar-Cuttack Cluster,116.42,142.06,KG,104.78,156.27
PRC_03857,2026-07-25,BATTERY,LEAD_ACID,Bhubaneswar-Cuttack Cluster,91.42,109.06,KG,82.28,119.97
PRC_03858,2026-07-25,BATTERY,BATTERY_LITHIUM_PORTABLE,Bhubaneswar-Cuttack Cluster,126.42,157.06,KG,113.78,172.77
PRC_03859,2026-07-25,DISPLAY,LCD_PANEL_INTACT,Bhubaneswar-Cuttack Cluster,156.42,217.06,PIECE,140.78,238.77
PRC_03860,2026-07-25,DISPLAY,CRT_MONITOR,Bhubaneswar-Cuttack Cluster,66.42,97.06,PIECE,59.78,106.77
PRC_03861,2026-07-25,PLASTIC,MIXED_EWASTE_CASING,Bhubaneswar-Cuttack Cluster,24.42,33.06,KG,21.98,36.37
PRC_03862,2026-07-25,PCB,MOTHERBOARD_HIGH_GRADE,Chennai-Ambattur Cluster,286.42,327.06,KG,257.78,359.77
PRC_03863,2026-07-25,PCB,POWER_SUPPLY_LOW_GRADE,Chennai-Ambattur Cluster,51.42,67.06,KG,46.28,73.77
PRC_03864,2026-07-25,CABLE,COPPER_HEAVY_INSULATED,Chennai-Ambattur Cluster,426.42,477.06,KG,383.78,524.77
PRC_03865,2026-07-25,CABLE,ALUMINIUM_WIRE,Chennai-Ambattur Cluster,116.42,142.06,KG,104.78,156.27
PRC_03866,2026-07-25,BATTERY,LEAD_ACID,Chennai-Ambattur Cluster,91.42,109.06,KG,82.28,119.97
PRC_03867,2026-07-25,BATTERY,BATTERY_LITHIUM_PORTABLE,Chennai-Ambattur Cluster,126.42,157.06,KG,113.78,172.77
PRC_03868,2026-07-25,DISPLAY,LCD_PANEL_INTACT,Chennai-Ambattur Cluster,156.42,217.06,PIECE,140.78,238.77
PRC_03869,2026-07-25,DISPLAY,CRT_MONITOR,Chennai-Ambattur Cluster,66.42,97.06,PIECE,59.78,106.77
PRC_03870,2026-07-25,PLASTIC,MIXED_EWASTE_CASING,Chennai-Ambattur Cluster,24.42,33.06,KG,21.98,36.37
PRC_03871,2026-07-26,PCB,MOTHERBOARD_HIGH_GRADE,Delhi-Mayapuri Cluster,289.1,330.01,KG,260.19,363.01
PRC_03872,2026-07-26,PCB,POWER_SUPPLY_LOW_GRADE,Delhi-Mayapuri Cluster,54.1,70.01,KG,48.69,77.01
PRC_03873,2026-07-26,CABLE,COPPER_HEAVY_INSULATED,Delhi-Mayapuri Cluster,429.1,480.01,KG,386.19,528.01
PRC_03874,2026-07-26,CABLE,ALUMINIUM_WIRE,Delhi-Mayapuri Cluster,119.1,145.01,KG,107.19,159.51
PRC_03875,2026-07-26,BATTERY,LEAD_ACID,Delhi-Mayapuri Cluster,94.1,112.01,KG,84.69,123.21
PRC_03876,2026-07-26,BATTERY,BATTERY_LITHIUM_PORTABLE,Delhi-Mayapuri Cluster,129.1,160.01,KG,116.19,176.01
PRC_03877,2026-07-26,DISPLAY,LCD_PANEL_INTACT,Delhi-Mayapuri Cluster,159.1,220.01,PIECE,143.19,242.01
PRC_03878,2026-07-26,DISPLAY,CRT_MONITOR,Delhi-Mayapuri Cluster,69.1,100.01,PIECE,62.19,110.01
PRC_03879,2026-07-26,PLASTIC,MIXED_EWASTE_CASING,Delhi-Mayapuri Cluster,27.1,36.01,KG,24.39,39.61
PRC_03880,2026-07-26,PCB,MOTHERBOARD_HIGH_GRADE,Mumbai-Dharavi Cluster,289.1,330.01,KG,260.19,363.01
PRC_03881,2026-07-26,PCB,POWER_SUPPLY_LOW_GRADE,Mumbai-Dharavi Cluster,54.1,70.01,KG,48.69,77.01
PRC_03882,2026-07-26,CABLE,COPPER_HEAVY_INSULATED,Mumbai-Dharavi Cluster,429.1,480.01,KG,386.19,528.01
PRC_03883,2026-07-26,CABLE,ALUMINIUM_WIRE,Mumbai-Dharavi Cluster,119.1,145.01,KG,107.19,159.51
PRC_03884,2026-07-26,BATTERY,LEAD_ACID,Mumbai-Dharavi Cluster,94.1,112.01,KG,84.69,123.21
PRC_03885,2026-07-26,BATTERY,BATTERY_LITHIUM_PORTABLE,Mumbai-Dharavi Cluster,129.1,160.01,KG,116.19,176.01
PRC_03886,2026-07-26,DISPLAY,LCD_PANEL_INTACT,Mumbai-Dharavi Cluster,159.1,220.01,PIECE,143.19,242.01
PRC_03887,2026-07-26,DISPLAY,CRT_MONITOR,Mumbai-Dharavi Cluster,69.1,100.01,PIECE,62.19,110.01
PRC_03888,2026-07-26,PLASTIC,MIXED_EWASTE_CASING,Mumbai-Dharavi Cluster,27.1,36.01,KG,24.39,39.61
PRC_03889,2026-07-26,PCB,MOTHERBOARD_HIGH_GRADE,Bengaluru-Peenya Cluster,289.1,330.01,KG,260.19,363.01
PRC_03890,2026-07-26,PCB,POWER_SUPPLY_LOW_GRADE,Bengaluru-Peenya Cluster,54.1,70.01,KG,48.69,77.01
PRC_03891,2026-07-26,CABLE,COPPER_HEAVY_INSULATED,Bengaluru-Peenya Cluster,429.1,480.01,KG,386.19,528.01
PRC_03892,2026-07-26,CABLE,ALUMINIUM_WIRE,Bengaluru-Peenya Cluster,119.1,145.01,KG,107.19,159.51
PRC_03893,2026-07-26,BATTERY,LEAD_ACID,Bengaluru-Peenya Cluster,94.1,112.01,KG,84.69,123.21
PRC_03894,2026-07-26,BATTERY,BATTERY_LITHIUM_PORTABLE,Bengaluru-Peenya Cluster,129.1,160.01,KG,116.19,176.01
PRC_03895,2026-07-26,DISPLAY,LCD_PANEL_INTACT,Bengaluru-Peenya Cluster,159.1,220.01,PIECE,143.19,242.01
PRC_03896,2026-07-26,DISPLAY,CRT_MONITOR,Bengaluru-Peenya Cluster,69.1,100.01,PIECE,62.19,110.01
PRC_03897,2026-07-26,PLASTIC,MIXED_EWASTE_CASING,Bengaluru-Peenya Cluster,27.1,36.01,KG,24.39,39.61
PRC_03898,2026-07-26,PCB,MOTHERBOARD_HIGH_GRADE,Bhubaneswar-Cuttack Cluster,289.1,330.01,KG,260.19,363.01
PRC_03899,2026-07-26,PCB,POWER_SUPPLY_LOW_GRADE,Bhubaneswar-Cuttack Cluster,54.1,70.01,KG,48.69,77.01
PRC_03900,2026-07-26,CABLE,COPPER_HEAVY_INSULATED,Bhubaneswar-Cuttack Cluster,429.1,480.01,KG,386.19,528.01
PRC_03901,2026-07-26,CABLE,ALUMINIUM_WIRE,Bhubaneswar-Cuttack Cluster,119.1,145.01,KG,107.19,159.51
PRC_03902,2026-07-26,BATTERY,LEAD_ACID,Bhubaneswar-Cuttack Cluster,94.1,112.01,KG,84.69,123.21
PRC_03903,2026-07-26,BATTERY,BATTERY_LITHIUM_PORTABLE,Bhubaneswar-Cuttack Cluster,129.1,160.01,KG,116.19,176.01
PRC_03904,2026-07-26,DISPLAY,LCD_PANEL_INTACT,Bhubaneswar-Cuttack Cluster,159.1,220.01,PIECE,143.19,242.01
PRC_03905,2026-07-26,DISPLAY,CRT_MONITOR,Bhubaneswar-Cuttack Cluster,69.1,100.01,PIECE,62.19,110.01
PRC_03906,2026-07-26,PLASTIC,MIXED_EWASTE_CASING,Bhubaneswar-Cuttack Cluster,27.1,36.01,KG,24.39,39.61
PRC_03907,2026-07-26,PCB,MOTHERBOARD_HIGH_GRADE,Chennai-Ambattur Cluster,289.1,330.01,KG,260.19,363.01
PRC_03908,2026-07-26,PCB,POWER_SUPPLY_LOW_GRADE,Chennai-Ambattur Cluster,54.1,70.01,KG,48.69,77.01
PRC_03909,2026-07-26,CABLE,COPPER_HEAVY_INSULATED,Chennai-Ambattur Cluster,429.1,480.01,KG,386.19,528.01
PRC_03910,2026-07-26,CABLE,ALUMINIUM_WIRE,Chennai-Ambattur Cluster,119.1,145.01,KG,107.19,159.51
PRC_03911,2026-07-26,BATTERY,LEAD_ACID,Chennai-Ambattur Cluster,94.1,112.01,KG,84.69,123.21
PRC_03912,2026-07-26,BATTERY,BATTERY_LITHIUM_PORTABLE,Chennai-Ambattur Cluster,129.1,160.01,KG,116.19,176.01
PRC_03913,2026-07-26,DISPLAY,LCD_PANEL_INTACT,Chennai-Ambattur Cluster,159.1,220.01,PIECE,143.19,242.01
PRC_03914,2026-07-26,DISPLAY,CRT_MONITOR,Chennai-Ambattur Cluster,69.1,100.01,PIECE,62.19,110.01
PRC_03915,2026-07-26,PLASTIC,MIXED_EWASTE_CASING,Chennai-Ambattur Cluster,27.1,36.01,KG,24.39,39.61
PRC_03916,2026-07-27,PCB,MOTHERBOARD_HIGH_GRADE,Delhi-Mayapuri Cluster,288.72,329.6,KG,259.85,362.56
PRC_03917,2026-07-27,PCB,POWER_SUPPLY_LOW_GRADE,Delhi-Mayapuri Cluster,53.72,69.6,KG,48.35,76.56
PRC_03918,2026-07-27,CABLE,COPPER_HEAVY_INSULATED,Delhi-Mayapuri Cluster,428.72,479.6,KG,385.85,527.56
PRC_03919,2026-07-27,CABLE,ALUMINIUM_WIRE,Delhi-Mayapuri Cluster,118.72,144.6,KG,106.85,159.06
PRC_03920,2026-07-27,BATTERY,LEAD_ACID,Delhi-Mayapuri Cluster,93.72,111.6,KG,84.35,122.76
PRC_03921,2026-07-27,BATTERY,BATTERY_LITHIUM_PORTABLE,Delhi-Mayapuri Cluster,128.72,159.6,KG,115.85,175.56
PRC_03922,2026-07-27,DISPLAY,LCD_PANEL_INTACT,Delhi-Mayapuri Cluster,158.72,219.6,PIECE,142.85,241.56
PRC_03923,2026-07-27,DISPLAY,CRT_MONITOR,Delhi-Mayapuri Cluster,68.72,99.6,PIECE,61.85,109.56
PRC_03924,2026-07-27,PLASTIC,MIXED_EWASTE_CASING,Delhi-Mayapuri Cluster,26.72,35.6,KG,24.05,39.16
PRC_03925,2026-07-27,PCB,MOTHERBOARD_HIGH_GRADE,Mumbai-Dharavi Cluster,288.72,329.6,KG,259.85,362.56
PRC_03926,2026-07-27,PCB,POWER_SUPPLY_LOW_GRADE,Mumbai-Dharavi Cluster,53.72,69.6,KG,48.35,76.56
PRC_03927,2026-07-27,CABLE,COPPER_HEAVY_INSULATED,Mumbai-Dharavi Cluster,428.72,479.6,KG,385.85,527.56
PRC_03928,2026-07-27,CABLE,ALUMINIUM_WIRE,Mumbai-Dharavi Cluster,118.72,144.6,KG,106.85,159.06
PRC_03929,2026-07-27,BATTERY,LEAD_ACID,Mumbai-Dharavi Cluster,93.72,111.6,KG,84.35,122.76
PRC_03930,2026-07-27,BATTERY,BATTERY_LITHIUM_PORTABLE,Mumbai-Dharavi Cluster,128.72,159.6,KG,115.85,175.56
PRC_03931,2026-07-27,DISPLAY,LCD_PANEL_INTACT,Mumbai-Dharavi Cluster,158.72,219.6,PIECE,142.85,241.56
PRC_03932,2026-07-27,DISPLAY,CRT_MONITOR,Mumbai-Dharavi Cluster,68.72,99.6,PIECE,61.85,109.56
PRC_03933,2026-07-27,PLASTIC,MIXED_EWASTE_CASING,Mumbai-Dharavi Cluster,26.72,35.6,KG,24.05,39.16
PRC_03934,2026-07-27,PCB,MOTHERBOARD_HIGH_GRADE,Bengaluru-Peenya Cluster,288.72,329.6,KG,259.85,362.56
PRC_03935,2026-07-27,PCB,POWER_SUPPLY_LOW_GRADE,Bengaluru-Peenya Cluster,53.72,69.6,KG,48.35,76.56
PRC_03936,2026-07-27,CABLE,COPPER_HEAVY_INSULATED,Bengaluru-Peenya Cluster,428.72,479.6,KG,385.85,527.56
PRC_03937,2026-07-27,CABLE,ALUMINIUM_WIRE,Bengaluru-Peenya Cluster,118.72,144.6,KG,106.85,159.06
PRC_03938,2026-07-27,BATTERY,LEAD_ACID,Bengaluru-Peenya Cluster,93.72,111.6,KG,84.35,122.76
PRC_03939,2026-07-27,BATTERY,BATTERY_LITHIUM_PORTABLE,Bengaluru-Peenya Cluster,128.72,159.6,KG,115.85,175.56
PRC_03940,2026-07-27,DISPLAY,LCD_PANEL_INTACT,Bengaluru-Peenya Cluster,158.72,219.6,PIECE,142.85,241.56
PRC_03941,2026-07-27,DISPLAY,CRT_MONITOR,Bengaluru-Peenya Cluster,68.72,99.6,PIECE,61.85,109.56
PRC_03942,2026-07-27,PLASTIC,MIXED_EWASTE_CASING,Bengaluru-Peenya Cluster,26.72,35.6,KG,24.05,39.16
PRC_03943,2026-07-27,PCB,MOTHERBOARD_HIGH_GRADE,Bhubaneswar-Cuttack Cluster,288.72,329.6,KG,259.85,362.56
PRC_03944,2026-07-27,PCB,POWER_SUPPLY_LOW_GRADE,Bhubaneswar-Cuttack Cluster,53.72,69.6,KG,48.35,76.56
PRC_03945,2026-07-27,CABLE,COPPER_HEAVY_INSULATED,Bhubaneswar-Cuttack Cluster,428.72,479.6,KG,385.85,527.56
PRC_03946,2026-07-27,CABLE,ALUMINIUM_WIRE,Bhubaneswar-Cuttack Cluster,118.72,144.6,KG,106.85,159.06
PRC_03947,2026-07-27,BATTERY,LEAD_ACID,Bhubaneswar-Cuttack Cluster,93.72,111.6,KG,84.35,122.76
PRC_03948,2026-07-27,BATTERY,BATTERY_LITHIUM_PORTABLE,Bhubaneswar-Cuttack Cluster,128.72,159.6,KG,115.85,175.56
PRC_03949,2026-07-27,DISPLAY,LCD_PANEL_INTACT,Bhubaneswar-Cuttack Cluster,158.72,219.6,PIECE,142.85,241.56
PRC_03950,2026-07-27,DISPLAY,CRT_MONITOR,Bhubaneswar-Cuttack Cluster,68.72,99.6,PIECE,61.85,109.56
PRC_03951,2026-07-27,PLASTIC,MIXED_EWASTE_CASING,Bhubaneswar-Cuttack Cluster,26.72,35.6,KG,24.05,39.16
PRC_03952,2026-07-27,PCB,MOTHERBOARD_HIGH_GRADE,Chennai-Ambattur Cluster,288.72,329.6,KG,259.85,362.56
PRC_03953,2026-07-27,PCB,POWER_SUPPLY_LOW_GRADE,Chennai-Ambattur Cluster,53.72,69.6,KG,48.35,76.56
PRC_03954,2026-07-27,CABLE,COPPER_HEAVY_INSULATED,Chennai-Ambattur Cluster,428.72,479.6,KG,385.85,527.56
PRC_03955,2026-07-27,CABLE,ALUMINIUM_WIRE,Chennai-Ambattur Cluster,118.72,144.6,KG,106.85,159.06
PRC_03956,2026-07-27,BATTERY,LEAD_ACID,Chennai-Ambattur Cluster,93.72,111.6,KG,84.35,122.76
PRC_03957,2026-07-27,BATTERY,BATTERY_LITHIUM_PORTABLE,Chennai-Ambattur Cluster,128.72,159.6,KG,115.85,175.56
PRC_03958,2026-07-27,DISPLAY,LCD_PANEL_INTACT,Chennai-Ambattur Cluster,158.72,219.6,PIECE,142.85,241.56
PRC_03959,2026-07-27,DISPLAY,CRT_MONITOR,Chennai-Ambattur Cluster,68.72,99.6,PIECE,61.85,109.56
PRC_03960,2026-07-27,PLASTIC,MIXED_EWASTE_CASING,Chennai-Ambattur Cluster,26.72,35.6,KG,24.05,39.16
PRC_03961,2026-07-28,PCB,MOTHERBOARD_HIGH_GRADE,Delhi-Mayapuri Cluster,287.88,328.67,KG,259.09,361.54
PRC_03962,2026-07-28,PCB,POWER_SUPPLY_LOW_GRADE,Delhi-Mayapuri Cluster,52.88,68.67,KG,47.59,75.54
PRC_03963,2026-07-28,CABLE,COPPER_HEAVY_INSULATED,Delhi-Mayapuri Cluster,427.88,478.67,KG,385.09,526.54
PRC_03964,2026-07-28,CABLE,ALUMINIUM_WIRE,Delhi-Mayapuri Cluster,117.88,143.67,KG,106.09,158.04
PRC_03965,2026-07-28,BATTERY,LEAD_ACID,Delhi-Mayapuri Cluster,92.88,110.67,KG,83.59,121.74
PRC_03966,2026-07-28,BATTERY,BATTERY_LITHIUM_PORTABLE,Delhi-Mayapuri Cluster,127.88,158.67,KG,115.09,174.54
PRC_03967,2026-07-28,DISPLAY,LCD_PANEL_INTACT,Delhi-Mayapuri Cluster,157.88,218.67,PIECE,142.09,240.54
PRC_03968,2026-07-28,DISPLAY,CRT_MONITOR,Delhi-Mayapuri Cluster,67.88,98.67,PIECE,61.09,108.54
PRC_03969,2026-07-28,PLASTIC,MIXED_EWASTE_CASING,Delhi-Mayapuri Cluster,25.88,34.67,KG,23.29,38.14
PRC_03970,2026-07-28,PCB,MOTHERBOARD_HIGH_GRADE,Mumbai-Dharavi Cluster,287.88,328.67,KG,259.09,361.54
PRC_03971,2026-07-28,PCB,POWER_SUPPLY_LOW_GRADE,Mumbai-Dharavi Cluster,52.88,68.67,KG,47.59,75.54
PRC_03972,2026-07-28,CABLE,COPPER_HEAVY_INSULATED,Mumbai-Dharavi Cluster,427.88,478.67,KG,385.09,526.54
PRC_03973,2026-07-28,CABLE,ALUMINIUM_WIRE,Mumbai-Dharavi Cluster,117.88,143.67,KG,106.09,158.04
PRC_03974,2026-07-28,BATTERY,LEAD_ACID,Mumbai-Dharavi Cluster,92.88,110.67,KG,83.59,121.74
PRC_03975,2026-07-28,BATTERY,BATTERY_LITHIUM_PORTABLE,Mumbai-Dharavi Cluster,127.88,158.67,KG,115.09,174.54
PRC_03976,2026-07-28,DISPLAY,LCD_PANEL_INTACT,Mumbai-Dharavi Cluster,157.88,218.67,PIECE,142.09,240.54
PRC_03977,2026-07-28,DISPLAY,CRT_MONITOR,Mumbai-Dharavi Cluster,67.88,98.67,PIECE,61.09,108.54
PRC_03978,2026-07-28,PLASTIC,MIXED_EWASTE_CASING,Mumbai-Dharavi Cluster,25.88,34.67,KG,23.29,38.14
PRC_03979,2026-07-28,PCB,MOTHERBOARD_HIGH_GRADE,Bengaluru-Peenya Cluster,287.88,328.67,KG,259.09,361.54
PRC_03980,2026-07-28,PCB,POWER_SUPPLY_LOW_GRADE,Bengaluru-Peenya Cluster,52.88,68.67,KG,47.59,75.54
PRC_03981,2026-07-28,CABLE,COPPER_HEAVY_INSULATED,Bengaluru-Peenya Cluster,427.88,478.67,KG,385.09,526.54
PRC_03982,2026-07-28,CABLE,ALUMINIUM_WIRE,Bengaluru-Peenya Cluster,117.88,143.67,KG,106.09,158.04
PRC_03983,2026-07-28,BATTERY,LEAD_ACID,Bengaluru-Peenya Cluster,92.88,110.67,KG,83.59,121.74
PRC_03984,2026-07-28,BATTERY,BATTERY_LITHIUM_PORTABLE,Bengaluru-Peenya Cluster,127.88,158.67,KG,115.09,174.54
PRC_03985,2026-07-28,DISPLAY,LCD_PANEL_INTACT,Bengaluru-Peenya Cluster,157.88,218.67,PIECE,142.09,240.54
PRC_03986,2026-07-28,DISPLAY,CRT_MONITOR,Bengaluru-Peenya Cluster,67.88,98.67,PIECE,61.09,108.54
PRC_03987,2026-07-28,PLASTIC,MIXED_EWASTE_CASING,Bengaluru-Peenya Cluster,25.88,34.67,KG,23.29,38.14
PRC_03988,2026-07-28,PCB,MOTHERBOARD_HIGH_GRADE,Bhubaneswar-Cuttack Cluster,287.88,328.67,KG,259.09,361.54
PRC_03989,2026-07-28,PCB,POWER_SUPPLY_LOW_GRADE,Bhubaneswar-Cuttack Cluster,52.88,68.67,KG,47.59,75.54
PRC_03990,2026-07-28,CABLE,COPPER_HEAVY_INSULATED,Bhubaneswar-Cuttack Cluster,427.88,478.67,KG,385.09,526.54
PRC_03991,2026-07-28,CABLE,ALUMINIUM_WIRE,Bhubaneswar-Cuttack Cluster,117.88,143.67,KG,106.09,158.04
PRC_03992,2026-07-28,BATTERY,LEAD_ACID,Bhubaneswar-Cuttack Cluster,92.88,110.67,KG,83.59,121.74
PRC_03993,2026-07-28,BATTERY,BATTERY_LITHIUM_PORTABLE,Bhubaneswar-Cuttack Cluster,127.88,158.67,KG,115.09,174.54
PRC_03994,2026-07-28,DISPLAY,LCD_PANEL_INTACT,Bhubaneswar-Cuttack Cluster,157.88,218.67,PIECE,142.09,240.54
PRC_03995,2026-07-28,DISPLAY,CRT_MONITOR,Bhubaneswar-Cuttack Cluster,67.88,98.67,PIECE,61.09,108.54
PRC_03996,2026-07-28,PLASTIC,MIXED_EWASTE_CASING,Bhubaneswar-Cuttack Cluster,25.88,34.67,KG,23.29,38.14
PRC_03997,2026-07-28,PCB,MOTHERBOARD_HIGH_GRADE,Chennai-Ambattur Cluster,287.88,328.67,KG,259.09,361.54
PRC_03998,2026-07-28,PCB,POWER_SUPPLY_LOW_GRADE,Chennai-Ambattur Cluster,52.88,68.67,KG,47.59,75.54
PRC_03999,2026-07-28,CABLE,COPPER_HEAVY_INSULATED,Chennai-Ambattur Cluster,427.88,478.67,KG,385.09,526.54
PRC_04000,2026-07-28,CABLE,ALUMINIUM_WIRE,Chennai-Ambattur Cluster,117.88,143.67,KG,106.09,158.04
PRC_04001,2026-07-28,BATTERY,LEAD_ACID,Chennai-Ambattur Cluster,92.88,110.67,KG,83.59,121.74
PRC_04002,2026-07-28,BATTERY,BATTERY_LITHIUM_PORTABLE,Chennai-Ambattur Cluster,127.88,158.67,KG,115.09,174.54
PRC_04003,2026-07-28,DISPLAY,LCD_PANEL_INTACT,Chennai-Ambattur Cluster,157.88,218.67,PIECE,142.09,240.54
PRC_04004,2026-07-28,DISPLAY,CRT_MONITOR,Chennai-Ambattur Cluster,67.88,98.67,PIECE,61.09,108.54
PRC_04005,2026-07-28,PLASTIC,MIXED_EWASTE_CASING,Chennai-Ambattur Cluster,25.88,34.67,KG,23.29,38.14
PRC_04006,2026-07-29,PCB,MOTHERBOARD_HIGH_GRADE,Delhi-Mayapuri Cluster,289.83,330.81,KG,260.85,363.89
PRC_04007,2026-07-29,PCB,POWER_SUPPLY_LOW_GRADE,Delhi-Mayapuri Cluster,54.83,70.81,KG,49.35,77.89
PRC_04008,2026-07-29,CABLE,COPPER_HEAVY_INSULATED,Delhi-Mayapuri Cluster,429.83,480.81,KG,386.85,528.89
PRC_04009,2026-07-29,CABLE,ALUMINIUM_WIRE,Delhi-Mayapuri Cluster,119.83,145.81,KG,107.85,160.39
PRC_04010,2026-07-29,BATTERY,LEAD_ACID,Delhi-Mayapuri Cluster,94.83,112.81,KG,85.35,124.09
PRC_04011,2026-07-29,BATTERY,BATTERY_LITHIUM_PORTABLE,Delhi-Mayapuri Cluster,129.83,160.81,KG,116.85,176.89
PRC_04012,2026-07-29,DISPLAY,LCD_PANEL_INTACT,Delhi-Mayapuri Cluster,159.83,220.81,PIECE,143.85,242.89
PRC_04013,2026-07-29,DISPLAY,CRT_MONITOR,Delhi-Mayapuri Cluster,69.83,100.81,PIECE,62.85,110.89
PRC_04014,2026-07-29,PLASTIC,MIXED_EWASTE_CASING,Delhi-Mayapuri Cluster,27.83,36.81,KG,25.05,40.49
PRC_04015,2026-07-29,PCB,MOTHERBOARD_HIGH_GRADE,Mumbai-Dharavi Cluster,289.83,330.81,KG,260.85,363.89
PRC_04016,2026-07-29,PCB,POWER_SUPPLY_LOW_GRADE,Mumbai-Dharavi Cluster,54.83,70.81,KG,49.35,77.89
PRC_04017,2026-07-29,CABLE,COPPER_HEAVY_INSULATED,Mumbai-Dharavi Cluster,429.83,480.81,KG,386.85,528.89
PRC_04018,2026-07-29,CABLE,ALUMINIUM_WIRE,Mumbai-Dharavi Cluster,119.83,145.81,KG,107.85,160.39
PRC_04019,2026-07-29,BATTERY,LEAD_ACID,Mumbai-Dharavi Cluster,94.83,112.81,KG,85.35,124.09
PRC_04020,2026-07-29,BATTERY,BATTERY_LITHIUM_PORTABLE,Mumbai-Dharavi Cluster,129.83,160.81,KG,116.85,176.89
PRC_04021,2026-07-29,DISPLAY,LCD_PANEL_INTACT,Mumbai-Dharavi Cluster,159.83,220.81,PIECE,143.85,242.89
PRC_04022,2026-07-29,DISPLAY,CRT_MONITOR,Mumbai-Dharavi Cluster,69.83,100.81,PIECE,62.85,110.89
PRC_04023,2026-07-29,PLASTIC,MIXED_EWASTE_CASING,Mumbai-Dharavi Cluster,27.83,36.81,KG,25.05,40.49
PRC_04024,2026-07-29,PCB,MOTHERBOARD_HIGH_GRADE,Bengaluru-Peenya Cluster,289.83,330.81,KG,260.85,363.89
PRC_04025,2026-07-29,PCB,POWER_SUPPLY_LOW_GRADE,Bengaluru-Peenya Cluster,54.83,70.81,KG,49.35,77.89
PRC_04026,2026-07-29,CABLE,COPPER_HEAVY_INSULATED,Bengaluru-Peenya Cluster,429.83,480.81,KG,386.85,528.89
PRC_04027,2026-07-29,CABLE,ALUMINIUM_WIRE,Bengaluru-Peenya Cluster,119.83,145.81,KG,107.85,160.39
PRC_04028,2026-07-29,BATTERY,LEAD_ACID,Bengaluru-Peenya Cluster,94.83,112.81,KG,85.35,124.09
PRC_04029,2026-07-29,BATTERY,BATTERY_LITHIUM_PORTABLE,Bengaluru-Peenya Cluster,129.83,160.81,KG,116.85,176.89
PRC_04030,2026-07-29,DISPLAY,LCD_PANEL_INTACT,Bengaluru-Peenya Cluster,159.83,220.81,PIECE,143.85,242.89
PRC_04031,2026-07-29,DISPLAY,CRT_MONITOR,Bengaluru-Peenya Cluster,69.83,100.81,PIECE,62.85,110.89
PRC_04032,2026-07-29,PLASTIC,MIXED_EWASTE_CASING,Bengaluru-Peenya Cluster,27.83,36.81,KG,25.05,40.49
PRC_04033,2026-07-29,PCB,MOTHERBOARD_HIGH_GRADE,Bhubaneswar-Cuttack Cluster,289.83,330.81,KG,260.85,363.89
PRC_04034,2026-07-29,PCB,POWER_SUPPLY_LOW_GRADE,Bhubaneswar-Cuttack Cluster,54.83,70.81,KG,49.35,77.89
PRC_04035,2026-07-29,CABLE,COPPER_HEAVY_INSULATED,Bhubaneswar-Cuttack Cluster,429.83,480.81,KG,386.85,528.89
PRC_04036,2026-07-29,CABLE,ALUMINIUM_WIRE,Bhubaneswar-Cuttack Cluster,119.83,145.81,KG,107.85,160.39
PRC_04037,2026-07-29,BATTERY,LEAD_ACID,Bhubaneswar-Cuttack Cluster,94.83,112.81,KG,85.35,124.09
PRC_04038,2026-07-29,BATTERY,BATTERY_LITHIUM_PORTABLE,Bhubaneswar-Cuttack Cluster,129.83,160.81,KG,116.85,176.89
PRC_04039,2026-07-29,DISPLAY,LCD_PANEL_INTACT,Bhubaneswar-Cuttack Cluster,159.83,220.81,PIECE,143.85,242.89
PRC_04040,2026-07-29,DISPLAY,CRT_MONITOR,Bhubaneswar-Cuttack Cluster,69.83,100.81,PIECE,62.85,110.89
PRC_04041,2026-07-29,PLASTIC,MIXED_EWASTE_CASING,Bhubaneswar-Cuttack Cluster,27.83,36.81,KG,25.05,40.49
PRC_04042,2026-07-29,PCB,MOTHERBOARD_HIGH_GRADE,Chennai-Ambattur Cluster,289.83,330.81,KG,260.85,363.89
PRC_04043,2026-07-29,PCB,POWER_SUPPLY_LOW_GRADE,Chennai-Ambattur Cluster,54.83,70.81,KG,49.35,77.89
PRC_04044,2026-07-29,CABLE,COPPER_HEAVY_INSULATED,Chennai-Ambattur Cluster,429.83,480.81,KG,386.85,528.89
PRC_04045,2026-07-29,CABLE,ALUMINIUM_WIRE,Chennai-Ambattur Cluster,119.83,145.81,KG,107.85,160.39
PRC_04046,2026-07-29,BATTERY,LEAD_ACID,Chennai-Ambattur Cluster,94.83,112.81,KG,85.35,124.09
PRC_04047,2026-07-29,BATTERY,BATTERY_LITHIUM_PORTABLE,Chennai-Ambattur Cluster,129.83,160.81,KG,116.85,176.89
PRC_04048,2026-07-29,DISPLAY,LCD_PANEL_INTACT,Chennai-Ambattur Cluster,159.83,220.81,PIECE,143.85,242.89
PRC_04049,2026-07-29,DISPLAY,CRT_MONITOR,Chennai-Ambattur Cluster,69.83,100.81,PIECE,62.85,110.89
PRC_04050,2026-07-29,PLASTIC,MIXED_EWASTE_CASING,Chennai-Ambattur Cluster,27.83,36.81,KG,25.05,40.49
